title,released,gf_score,metascore,genre,description,cover_art_url
Mother 3,2006-04-20,4.58,,Role-Playing,"Mother 3 is a role-playing video game developed by Brownie Brown and HAL Laboratory and published by Nintendo for the Game Boy Advance. The final entry in the Mother series, it was released in Japan on April 20, 2006. The game follows Lucas, a young boy with psychic abilities, and a party of characters as they attempt to prevent a mysterious invading army from corrupting and destroying the world.",https://images.launchbox-app.com/d96ad3e3-f2b1-480f-aa7f-6de9405b5595.jpg
Final Fantasy VI Advance,2007-02-05,4.44,92,Role-Playing,"This title is more than a simple port of the SNES classic — every aspect of the games has been reviewed and enhanced. Additionally, a host of brand-new elements has been seamlessly merged with the original game, providing unexpected surprises for longtime fans. With new dungeons, new job classes, and other exciting features, both old-school players and newcomers can enjoy this genre-defining FINAL FANTASY title in a portable format.",https://images.launchbox-app.com/ec4bda1c-ac15-4dae-8177-d33dd217c15f.jpg
Golden Sun: The Lost Age,2003-04-14,4.43,86,Role-Playing,"Golden Sun: The Lost Age, released under different names in some regions, is a 2002 role-playing video game for the Game Boy Advance, developed by Camelot Software Planning and published by Nintendo. It is the second installment in the Golden Sun series. It was released on June 28, 2002 in Japan, and through 2003 in North America and Europe.",https://images.launchbox-app.com/1655e436-eec9-4e70-9f9d-6673a87c3e72.jpg
The Legend of Zelda: A Link to the Past,2002-12-03,4.39,95,Action Adventure,The Legend of Zelda: A Link to the Past is an action-adventure video game developed and published by Nintendo for the Super Nintendo Entertainment System video game console. It is the third installment in The Legend of Zelda series and was released in 1991 in Japan and 1992 in North America and Europe.,https://images.launchbox-app.com/1600a9d8-0b1b-403a-ab62-ab1d7813d4d6.jpg
Castlevania: Aria of Sorrow,2003-05-06,4.36,91,Role-Playing,"Castlevania: Aria of Sorrow is a side-scrolling platforming video game developed and published by Konami for the Game Boy Advance. It is the third and final installment of the Castlevania series on the Game Boy Advance and was released in North America on May 6, 2003 and in Japan on May 8, 2003. Producer Koji Igarashi, who had led the production teams for previous Castlevania titles, led Aria of Sorrow's development as well. Michiru Yamanealso returned to compose the music for the game alongside Takashi Yoshida and Soshiro Hokkai. Director Junichi Murakami was new to the Castlevania series.",https://images.launchbox-app.com/23588e39-184c-4b82-8c7a-5c46d1868013.jpg
Super Mario Advance 2: Super Mario World,2002-02-09,4.36,92,Action,"Super Mario World is a 1990 side-scrolling platform game developed and published by Nintendo for the Super Nintendo Entertainment System (SNES). The story follows Mario's quest to save Princess Toadstool and Dinosaur Land from the series antagonist Bowser and his minions, the Koopalings. The gameplay is similar to that of earlier Super Mario games: Players control Mario or his brother Luigi through a series of levels in which the goal is to reach the flagpole at the end. Super Mario World introduced Yoshi, a dinosaur who can eat enemies and gain abilities by eating the shells of Koopa Troopas.",https://images.launchbox-app.com/4430fcad-eb74-4073-98dd-e5de2d6520d3.jpg
Fire Emblem,2003-11-03,4.34,88,Strategy,"Fire Emblem is a tactical role-playing game developed by Intelligent Systems and published by Nintendo for the Game Boy Advance handheld video game console. It is the seventh entry in the Fire Emblem series, the second to be released for the platform after Fire Emblem: The Binding Blade, and the first to be localized for Western audiences. It was released in Japan and North America in 2003, and in Europe and Australia in 2004.",https://images.launchbox-app.com/a3cf209e-7ad6-4d6a-b314-7c1e59400c64.jpg
Pokemon Emerald Version,2005-04-30,4.3,76,Role-Playing,"Pokemon Emerald Version takes Trainers back to the land of Hoenn for an expanded adventure, this time against both Team Magma and Team Aqua! Pokemon Emerald also features an even more exciting storyline featuring the Legendary Rayquaza, and the chance to catch more Legendary Pokemon such as both Latios and Latias! Around the region you'll notice exciting locales, especially the Battle Frontier. The Battle Frontier is basically an amusement park for Trainers, with a variety of challenges in a number of arenas headed by the always-intimidating Frontier Brains, some of the most formidable Trainers you've ever faced.",https://images.launchbox-app.com//1fde111d-8805-47ba-af07-03b436e4dfde.jpg
Metroid: Zero Mission,2004-02-09,4.29,89,Action Adventure,"Metroid: Zero Mission is a side-scrolling action-adventure video game published by Nintendo, and developed by its Research & Development 1 (R&D 1) division for the Game Boy Advance. It is a remake of the 1986 game Metroid—the first installment in the Metroid video game series, and is designed to retell that entry's story with modernized gameplay. It was initially released in North America in February 2004.",https://images.launchbox-app.com/83842f45-8717-4e55-8b25-dd8afa5cc257.jpg
Castlevania Double Pack,2006-01-11,4.29,86,Miscellaneous,"Castlevania: Double Pack is a compilation package for the Game Boy Advance handheld system which contains two previous Castlevania titles: Castlevania: Harmony of Dissonance and Castlevania: Aria of Sorrow. It was released on January 10th, 2006 in North America, and later that year in Europe.",https://images.launchbox-app.com/3129c7c8-5f5f-4b9e-8a2a-b48da9e10035.png
Golden Sun,2001-11-11,4.29,91,Role-Playing,"Golden Sun is a 2001 Japanese role-playing video game developed by Camelot Software Planning and published by Nintendo. It was released in August 2001 for Nintendo's Game Boy Advance, and became the first installment in the Golden Sun series. The game is notable for certain distinctive game elements, such as the use of special Djinn that empower the player and can be used against enemies.",https://images.launchbox-app.com/71928d07-d46f-4d93-89a7-1dfc4758c233.jpg
Super Mario Advance 4: Super Mario Bros. 3,2003-10-21,4.29,94,Action,"Super Mario Advance 4: Super Mario Bros 3 is a platform video game developed and published by Nintendo for the Game Boy Advance handheld game console. It was released in Japan, and later released in Europe, North America, and Australia. It is an enhanced remake of the Nintendo Entertainment System video game Super Mario Bros. 3, and is based on the remake found in Super Mario All-Stars for the Super NES.",https://images.launchbox-app.com/50bce781-c65c-479a-8a24-6d78ea49a6be.jpg
Mega Man Battle Network 3: Blue Version,2003-06-24,4.28,,Role-Playing,"Mega Man Battle Network 3 is a video game developed by Capcom for the Game Boy Advance (GBA) handheld game console. It is the third game in the Mega Man Battle Network series, released in 2002 in Japan and 2003 in North America. While in North America and Europe, two complementary versions of the game - Blue and White - exist, marketed simultaneously, this was not the case in Japan. The game was released in a single version in this region, while a Black version containing bug fixes, new areas, optional bosses, and other improvements, was released some months after the original. It was released on the Wii U's Virtual Console in Japan on December 17, 2014 and in North America on May 14, 2015.",https://images.launchbox-app.com/e3157c41-4de0-4b04-a9a1-7936bc908f9f.jpg
Mega Man Battle Network 6: Cybeast Gregar,2006-06-13,4.27,62,Role-Playing,"Mega Man Battle Network 6 is a video game developed by Capcom for the Game Boy Advance (GBA) handheld game console. As with the previous three games, the Japanese edition was released in two separate versions: Cybeast Gregar and Cybeast Falzar. Later, Japan re-released these games in combo packs with a special colored version of the ""Battle Chip Gate"", or ""Beast Link Gate"". This special combo pack was called the Rockman EXE 6 Beast Link Gate DX Edition and contained a special Blue ""Netto"" version of the Beast Link Gate and one of the games' two versions.",https://images.launchbox-app.com/c2642910-20d9-4e1b-9743-10383d58b850.jpg
Mega Man Battle Network 3: White Version,2003-06-24,4.27,77,Role-Playing,"Mega Man Battle Network 3 is a video game developed by Capcom for the Game Boy Advance (GBA) handheld game console. It is the third game in the Mega Man Battle Network series, released in 2002 in Japan and 2003 in North America. While in North America and Europe, two complementary versions of the game - Blue and White - exist, marketed simultaneously, this was not the case in Japan. The game was released in a single version in this region, while a Black version containing bug fixes, new areas, optional bosses, and other improvements, was released some months after the original. It was released on the Wii U's Virtual Console in Japan on December 17, 2014 and in North America on May 14, 2015.",https://images.launchbox-app.com/35bcc0b2-c700-43c3-b02c-d63e9949e7a9.jpg
Mega Man Battle Network 6: Cybeast Falzar,2006-06-13,4.26,63,Role-Playing,"Mega Man Battle Network 6 is a video game developed by Capcom for the Game Boy Advance (GBA) handheld game console. As with the previous three games, the Japanese edition was released in two separate versions: Cybeast Gregar and Cybeast Falzar. Later, Japan re-released these games in combo packs with a special colored version of the ""Battle Chip Gate"", or ""Beast Link Gate"". This special combo pack was called the Rockman EXE 6 Beast Link Gate DX Edition and contained a special Blue ""Netto"" version of the Beast Link Gate and one of the games' two versions.",https://images.launchbox-app.com/43bf2a72-fa1f-48ae-8fa0-fa5198abd1fa.jpg
Mario & Luigi: Superstar Saga,2003-11-17,4.23,90,Role-Playing,"Mario & Luigi: Superstar Saga is a role-playing video game developed by Alpha Dream and published by Nintendo for the Game Boy Advance in 2003. The game is the first in the Mario & Luigi RPG series. The game was later re-released for the Wii U Virtual Console on the Nintendo eShop in 2014, and remade for the Nintendo 3DS as Mario & Luigi: Superstar Saga + Bowser's Minions in 2017.",https://images.launchbox-app.com/70592a60-f531-4473-ad4c-1a2d032a786c.jpg
Metroid Fusion,2002-11-17,4.23,92,Action Adventure,"Metroid Fusion is an action-adventure game video game published by Nintendo for the Game Boy Advance handheld game console in 2002. The fourth installment in the Metroid series, it was developed by Nintendo Research & Development 1, which previously developed the 1994 game Super Metroid. Players control bounty hunter Samus Aran, who investigates a space station swarming with organisms infected with virions known as X parasites.",https://images.launchbox-app.com/0f4e70dc-3a84-4ac5-86a9-f47f5399c04e.jpg
Yoshi's Island: Super Mario Advance 3,2002-09-24,4.22,91,Action,"Super Mario World 2: Yoshi's Island is a 1995 platform game developed and published by Nintendo for the Super Nintendo Entertainment System. To reunite baby brothers Mario and Luigi, who has been kidnapped by Kamek, the player controls Yoshi, a friendly dinosaur, through 48 levels while carrying Baby Mario. As a Super Mario series platformer, Yoshi runs and jumps to reach the end of the level while solving puzzles and collecting items. In a style new to the series, the game has a hand-drawn aesthetic and is the first to have Yoshi as its main character. The game introduces his signature abilities to flutter jump and produce eggs from swallowed enemies.",https://images.launchbox-app.com/caa2cf41-b5db-4268-9c6c-6cc88ed3cb72.jpg
Pokemon FireRed Version,2004-09-07,4.21,81,Role-Playing,"Pokemon FireRed Version and LeafGreen Version are enhanced remakes of the 1996 video games Pokemon Red and Blue. The new titles were developed by Game Freak, published by The Pokemon Company and Nintendo for the Game Boy Advance and have compatibility with the Game Boy Advance Wireless Adapter, which originally came bundled with the games. FireRed and LeafGreen were first released in Japan in January 2004 and released in North America and Europe in September and October respectively. Nearly two years after their original release, Nintendo re-marketed them as Player's Choice titles. The two games hold the distinction of being the first enhanced remakes of previous games within the franchise.",https://images.launchbox-app.com/7bdf7ab1-f797-45ee-b45d-9711772ccbc1.png
Harvest Moon: Friends of Mineral Town,2003-11-17,4.2,81,Strategy,"Harvest Moon: Friends of Mineral Town is a video game for the Game Boy Advance, developed by Marvelous Interactive Inc.. It was first released in Japan in April 2003, in North America in November 2003, and in Europe in March 2004. Many critics praised it as the best entry of the series, combining elements from the best-selling console entries and introducing many notable series staples. It was later released on the Virtual Console for the Wii U in June 2015.",https://images.launchbox-app.com/fc878027-6265-4dd1-bfba-82a1d8ba016d.jpg
Advance Wars 2: Black Hole Rising,2003-06-24,4.2,89,Strategy,"Advance Wars 2: Black Hole Rising is a turn-based tactics video game for the Game Boy Advance. It was developed by Intelligent Systems and published by Nintendo in 2003. It is the second game in the Advance Wars sub-series of Nintendo Wars, preceded by Advance Wars and followed by Advance Wars: Dual Strike.",https://images.launchbox-app.com/392b0ceb-a489-406d-86cc-d15ffac0cd12.jpg
Pokemon LeafGreen Version,2004-09-07,4.2,81,Role-Playing,"Pokemon FireRed Version and LeafGreen Version are enhanced remakes of the 1996 video games Pokemon Red and Blue. The new titles were developed by Game Freak, published by The Pokemon Company and Nintendo for the Game Boy Advance and have compatibility with the Game Boy Advance Wireless Adapter, which originally came bundled with the games. FireRed and LeafGreen were first released in Japan in January 2004 and released in North America and Europe in September and October respectively. Nearly two years after their original release, Nintendo re-marketed them as Player's Choice titles. The two games hold the distinction of being the first enhanced remakes of previous games within the franchise.",https://images.launchbox-app.com/eae41cfd-4297-494b-bb2b-20daa982bfae.jpg
The Legend of Zelda: The Minish Cap,2005-01-10,4.2,89,Action Adventure,"The Legend of Zelda: The Minish Cap is an action-adventure game and the twelfth entry in The Legend of Zelda series. Developed by Capcom and Flagship, with Nintendo overseeing the development process, it was released for the Game Boy Advance handheld game console in Japan and Europe in 2004 and in North America and Australia the following year. In June 2014, it was made available on the Wii U Virtual Console.",https://images.launchbox-app.com/0fe2ca8b-4307-4913-a1b2-46720c1a82d1.jpg
Harvest Moon: More Friends of Mineral Town,2005-07-26,4.19,82,Strategy,Harvest Moon: More Friends Of Mineral Town is the female version of Harvest Moon: Friends of Mineral Town.,https://images.launchbox-app.com/6dcc9e5f-1604-4cf9-a8a8-d161a58f80c5.jpg
Mega Man Zero 3,2004-10-05,4.18,77,Action,Mega Man Zero 3 is a video game developed by Inti Creates and published by Capcomfor the Game Boy Advance (GBA) handheld game console. It is the third video gamein the Mega Man Zeroseries of Mega Manvideo games.,https://images.launchbox-app.com/49a44891-4818-4f95-9008-6813e156727d.jpg
Mother 1+2,2003-06-20,4.16,,Miscellaneous,"Mother, officially known outside of Japan as EarthBound Beginnings, is a role-playing video gamedeveloped by Ape and published by Nintendofor the Famicom. The first entry in the Motherseries, it was first released in Japan on July 27, 1989. It is modeled on the gameplay of the Dragon Quest series, but is set in the late 20th-century United States, unlike its fantasy genre contemporaries. Motherfollows the young Ninten as he uses his great-grandfather's studies on psychic powers to fight hostile, formerly inanimate objects and other enemies. The game uses random encounters to enter a menu-based, first-person perspective battle system.",https://images.launchbox-app.com/54217cd7-b3ce-4846-a1de-d028bd1dfd45.jpg
Astro Boy: Omega Factor,2004-08-18,4.14,85,Action,"Astro Boy: Omega Factor is a beat 'em up video gamedeveloped by Treasureand Hitmaker, and published by Sega (THQin Europe). The game was released for the Game Boy Advance on December 18, 2003 in Japan; August 18, 2004 in North America; and February 18, 2005 in Europe. The game is based on Osamu Tezuka's manga and anime franchise Astro Boy. However, it also features characters and plotlines from the artist's entire canon of work.",https://images.launchbox-app.com/9c24cb4b-2030-401e-9e32-aabda109d909.jpg
Final Fantasy V Advance,2006-11-06,4.14,83,Role-Playing,"Final Fantasy V is a medieval-fantasy role-playing video gamedeveloped and published by Square in 1992 as a part of the Final Fantasyseries. The game first appeared only in Japan on Nintendo's Super Famicom(known internationally as the Super Nintendo Entertainment System). It has been ported with minor differences to Sony's PlayStation and Nintendo's Game Boy Advance. An original video animationproduced in 1994 called Final Fantasy: Legend of the Crystals serves as a sequel to the events depicted in the game. It was released for thePlayStation Network on April 6, 2011, in Japan. An enhanced port of the game, with new high-resolution graphics and a touch-based interface, was released for iPhone and iPad on March 28, 2013, and for Android on September 25, 2013.",https://images.launchbox-app.com/d3e4df2f-1957-4961-808e-a7a4b8ef68ff.jpg
Pokemon Sapphire Version,2003-03-19,4.13,,Role-Playing,"Pokémon Ruby Version and Sapphire Version are role-playing video gamesdeveloped by Game Freak, published by The Pokémon Company and Nintendo for the Game Boy Advance. They are the first installments in the third generation of the Pokémon video game series, also known as the ""advanced generation"". For the first time after years of Nintendo publishing the games alone in all regions, The Pokémon Company began co-publishing the games since the establishment of the company by the owners of the franchise. They were first released in Japan in late 2002 and internationally in 2003. Pokémon Emerald, a special edition version, was released two years later in each region. Remakes of the two games, titled Pokémon Omega Ruby and Alpha Sapphire, were released for the Nintendo 3DS worldwide on November 21, 2014, exactly twelve years to the date of the original Ruby and Sapphire release date, with the exception of Europe, where it was released on November 28, 2014.",https://images.launchbox-app.com/b7238142-02f4-4e21-b521-102a7a7b3c50.jpg
Fire Emblem: The Sacred Stones,2005-05-23,4.11,85,Strategy,"Fire Emblem: The Sacred Stones is a tactical role-playing game developed by Intelligent Systems, and published by Nintendofor the Game Boy Advance handheld video game console in 2004 for Japan and 2005 in the West. It is the eighth entry in the Fire Emblemseries, the second to be released outside Japan, and the third and final title to be developed for the Game Boy Advance after The Binding Blade and its prequel Fire Emblem.",https://images.launchbox-app.com/11435dd2-51bf-4f6d-b4cd-2c0b3202ffa0.jpg
Mega Man Battle Network 2,2002-06-17,4.11,81,Role-Playing,"Mega Man Battle Network 2 is a video game developed by Capcom for the Game Boy Advance (GBA) handheld game console. It is the second game of the Mega Man Battle Network series. It was released in 2001 in Japan and 2002 in America and Europe. The story of the game starts after the events of Mega Man Network Transmission. It was released on the Wii U's Virtual Console in Japan on November 12, 2014 and in North America on January 8, 2015.",https://images.launchbox-app.com/a174c81b-9e54-4d9d-8f26-d0fea2571283.jpg
Mega Man Zero 4,2005-10-04,4.11,77,Action,"Mega Man Zero 4 is a video game developed by Inti Creates and Natsume and published in 2005 by Capcom for the Game Boy Advance(GBA) handheld. It is the fourth and final title in the Mega Man Zerosubseries of the Mega Man franchise and is set several months after the events of Mega Man Zero 3. The game deals with Dr. Weil's reign over Neo Arcadia in which humans, who have been reduced to second-rate citizens, begin to escape in large numbers to the last-known livable location on the planet, Area Zero, beginning a conflict between the two groups. The effects of this war eventually drive Zero and the Resistance to protect Area Zero and its inhabitants from Dr. Weil.",https://images.launchbox-app.com/2cf305a2-aed6-466e-970a-10b7237a6b99.jpg
Advance Wars,2001-09-09,4.11,92,Strategy,"Advance Wars is a turn-based tactics video game developed for the Game Boy Advance by Intelligent Systems and published by Nintendo. It was released in North America on September 10, 2001 with a later release date on Japan and Europe, but the game release was put on hold in both Japanese and European regions due to the following day's September 11 attacks in the United States. Although the game was released in Europe in January 2002, neither GBA game was released in Japan until the Game Boy Wars Advance 1+2compilation on November 25, 2004. Advance Wars has been released for the Wii U Virtual Console simultaneously in Europe and North America on April 3, 2014.",https://images.launchbox-app.com/0d283a33-c5f3-429d-a1f1-3d6aa6a33553.jpg
Final Fantasy IV Advance,2005-12-12,4.11,85,Role-Playing,"Final Fantasy IV Advance (JP) is a Game Boy Advance video game released in 2005 and 2006. The game was developed by Square Enix, and published by them in Japan. In America and Europe it was published by Nintendo. In Japan, a bundle was released that packed the game in with a Game Boy Micro (with Cecil and Kain on it). The game is a remake of the SNES/Super Famicom classic Final Fantasy IV.",https://images.launchbox-app.com/419fee8a-236e-459b-ba01-a4602c8277df.jpg
Pokemon Ruby Version,2003-03-19,4.1,82,Role-Playing,"Pokémon Ruby Version and Sapphire Version are role-playing video gamesdeveloped by Game Freak, published by The Pokémon Company and Nintendo for the Game Boy Advance. They are the first installments in the third generation of the Pokémon video game series, also known as the ""advanced generation"". For the first time after years of Nintendo publishing the games alone in all regions, The Pokémon Company began co-publishing the games since the establishment of the company by the owners of the franchise. They were first released in Japan in late 2002 and internationally in 2003. Pokémon Emerald, a special edition version, was released two years later in each region. Remakes of the two games, titled Pokémon Omega Ruby and Alpha Sapphire, were released for the Nintendo 3DS worldwide on November 21, 2014, exactly twelve years to the date of the original Ruby and Sapphire release date, with the exception of Europe, where it was released on November 28, 2014.",https://images.launchbox-app.com/d2a25d82-4840-4c12-acc9-4ea4aedcdb95.jpg
Fire Emblem: Fuuin no Tsurugi,2002-03-29,4.09,,Strategy,"Fire Emblem: The Binding Blade is a tactical role-playing game developed by Intelligent Systems and published by Nintendofor the Game Boy Advance (GBA) handheld video game console. It is the sixth entry in the Fire Emblemseries, the first title produced for the system, and the first title to appear on a handheld console. It was released in Japan in March 2002.",https://images.launchbox-app.com/8099f833-78f8-42b1-96a6-96aec6a0da6b.jpg
Donkey Kong Country 2,2004-11-15,4.08,80,Action,"Donkey Kong Country 2: Diddy's Kong Quest, released in Japan as Super Donkey Kong 2: Dixie & Diddy (スーパードンキーコング2 ディクシー＆ディディ), is an adventure platform video game developed by Rare and published by Nintendo for the Super Nintendo Entertainment System (SNES). It was released on 20 November 1995 in North America, on 21 November 1995 in Japan, and on 14 December 1995 in Europe. It is the second installment of the Donkey Kong Countryseries and serves as a direct sequel to Donkey Kong Country. It was re-released for the Game Boy Advance (GBA) in 2004. The game was made available for download on the Wii's Virtual Console in 2007, and the Wii U's Virtual Console in 2015. It was followed by a sequel, Donkey Kong Country 3: Dixie Kong's Double Trouble!, in 1996.",https://images.launchbox-app.com/6d38facf-fc72-4041-810d-36540dc1ecca.jpg
WarioWare: Twisted!,2005-05-23,4.08,88,Miscellaneous,"WarioWare: Twisted!is a puzzle video gamefor Game Boy Advanceby Nintendo. It is the third installment in the WarioWare series. It was released on October 14, 2004 in Japan; on May 19, 2005 in Australia; and on May 23, 2005 in North America.",https://images.launchbox-app.com/bc942bdf-d6a2-4292-8edd-4eb44efee8fd.jpg
"WarioWare, Inc.: Mega Microgame$!",2003-05-26,4.07,89,Miscellaneous,"WarioWare, Inc.: Mega Microgames!, stylized as WarioWare, Inc.: Mega Microgame$! and known in the PAL regionas WarioWare, Inc.: Minigame Mania, is a minigame compilation video game for the Game Boy Advance. The debut title in the WarioWare series, the game is about rapid completion of ""microgames"", short minigames given to the player consecutively and with increasing speed per each game complete. Developed by Nintendo R&D1 and published by Nintendo, the game was inspired by the ""Sound Bomber"" mode of Mario Artist: Polygon Studio for the Nintendo 64DD. The game was produced by Takehiro Izushi and directed by Hirofumi Matsuoka. Matsuoka was also the director of Polygon Studio. Mega Microgames! was released in 2003; in Japan in March, in North America and Europe in May and in Australia in June.",https://images.launchbox-app.com/9fb1b982-cb23-44d3-8066-1ebe3eeee661.jpg
Mega Man Zero 2,2003-10-14,4.06,81,Action,"Mega Man Zero 2 is a video game developed by Inti Creates and published by Capcomfor the Game Boy Advance (GBA) handheld game console. It is the second video game in the Mega Man Zero subseries of Mega Man video games. The European version also released the same day as the North American Mega Man X7 was. It was released in Japan on the Wii U's Virtual Console on January 7, 2015.",https://images.launchbox-app.com/3b3780d6-e0b0-4bb8-a3d3-99fc3fafca1f.jpg
Classic NES Series: The Legend of Zelda,2004-06-02,4.06,84,Action Adventure,"The Legend of Zeldais a fantasy action-adventure video game franchise created by Japanese game designers Shigeru Miyamoto and Takashi Tezuka. It is primarily developed and published by Nintendo, although some portable installments and re-releases have been outsourced to Capcom, Vanpool, and Grezzo. The series' gameplay incorporates action-adventure and elements of action RPG games.",https://images.launchbox-app.com/eacada09-8b85-427f-977f-110acb4be6db.jpg
Castlevania: Circle of the Moon,2001-06-10,4.05,91,Role-Playing,"Castlevania: Circle of the Moon, known in the PAL region as simply Castlevania, is a platform video gamecreated by Konami for the Game Boy Advance. Published as a launch title in 2001, Circle of the Moon belongs to Konami's Castlevaniavideo game series, the premise of which centers on the eternal conflict between the vampire hunters of the Belmont clan and the vampire Dracula.",https://images.launchbox-app.com/6d52b76a-53d2-4d3c-90b8-a1d92ca2833f.jpg
Tactics Ogre: The Knight of Lodis,2002-05-11,4.02,88,Strategy,"Tactics Ogre: The Knight of Lodis is a tactical role-playing game developed by Quest. It was released by Nintendo in Japan in 2001 on the Game Boy Advance, then later released by Atlus in North America in 2002.",https://images.launchbox-app.com/c00aab84-bcca-48b3-895e-d1215390079b.jpg
Super Robot Taisen: Original Generation 2,2006-11-14,4.02,82,Strategy,Super Robot Taisen: Original Generation 2(スーパーロボット大戦ORIGINAL GENERATION2 Sūpā Robotto Taisen Orijinaru Jenerēshon Tsū) is a tactical role-playing game for the Game Boy Advance. It is the second Super Robot Taisen game that was officially released in North America.,https://images.launchbox-app.com/8df2d601-453f-4b64-bbe4-25f1e78065af.jpg
Zone of the Enders: The Fist of Mars,2002-03-03,4.02,71,Strategy,"Zone of the Enders: The Fist of Mars, known in Japan as Zone of the Enders: 2173 Testament (ゾーン オブ エンダーズ 2173 テスタメント Zōn obu Endāzu 2173 Tesutamento), is a video game that was developed by Sunrise Interactive and published by Konami in 2001 for the Game Boy Advance. The game is story-orientated, and is based around turn-based strategic mechacombat.",https://images.launchbox-app.com/1324b5e0-fd27-497f-9b64-97407daeabf8.jpg
Summon Night: Swordcraft Story 2,2006-10-17,4.02,79,Role-Playing,Summon Night: Swordcraft Story 2 (サモンナイト クラフトソード物語2 Samon Naito Kurafutosōdo Monogatari 2) is an action role-playing gameby Banpresto for the Nintendo Game Boy Advance system. It is part of the Summon Night series of games and the sequel to Summon Night: Swordcraft Story. Atlushandled the English translation of the game.,https://images.launchbox-app.com/4cf734c7-3312-4b01-92be-6dd5989a16d1.jpg
Summon Night: Swordcraft Story,2006-07-26,4.01,77,Role-Playing,"Summon Night: Swordcraft Story (サモンナイト クラフトソード物語 Samon Naito Kurafutosōdo Monogatari), is an action role-playing game by Banpresto for the Nintendo Game Boy Advance system. It is part of the Summon Night series of games. Atlus handled the English translation of the game. It has a sequel, Summon Night: Swordcraft Story 2.",https://images.launchbox-app.com/48b9bac6-d606-4c13-b335-c73cae22840d.jpg
Kirby & the Amazing Mirror,2004-10-18,4.01,80,Action,Kirby & the Amazing Mirror is a Kirbyplatform video gamereleased in 2004 for the Game Boy Advance.,https://images.launchbox-app.com/be74f444-a8c9-4235-8a6c-3dcec35b7201.jpg
Super Robot Taisen: Original Generation,2006-08-08,4.01,72,Strategy,"Super Robot Taisen: Original Generation(スーパーロボット大戦ORIGINAL GENERATION Sūpā Robotto Taisen Orijinaru Jenerēshon) is a tactical role-playing game for the Game Boy Advance, developed by Banprestoand published by Atlus(Banpresto in Japan).",https://images.launchbox-app.com/54007440-7491-4796-9d42-c41126dcc214.jpg
Rockman EXE 4.5 Real Operation,2004-08-04,4.01,,Role-Playing,"Rockman EXE 4.5 Real Operation (ロックマンエグゼ4.5 リアルオペレーション) is a title in the Mega Man Battle Network sub-series of Mega Man video games. The game was released only in Japan on August 6, 2004, and is not part of the main Mega Man Battle Network storyline.",https://images.launchbox-app.com/aa0b33b4-33a6-4f4e-81f3-166c16bbd2b6.jpg
F-Zero Climax,2004-10-21,4.01,,Racing,"F-Zero Climax is a racing video gamedeveloped by Suzak Inc.and published by Nintendofor the Game Boy Advance(GBA) handheld console. The game was originally released exclusively in Japan on October 21, 2004. The F-Zero franchisewent on hiatus after its release.",https://images.launchbox-app.com/650de421-db90-4402-a420-a2c1b8d3a707.jpg
Final Fantasy Tactics Advance,2003-09-08,4,87,Strategy,"Final Fantasy Tactics Advance is a tactical role-playing gamedeveloped and published by Square (now Square Enix) for the NintendoGame Boy Advance. A spin-off of the Final Fantasy series, the game shares several traits with 1997's Final Fantasy Tactics, although it is not a direct sequel. The player assembles a clan of characters, and controls their actions over grid-like battlefields. Players are mostly free to decide the classes, abilities, and statistics of their characters.",https://images.launchbox-app.com/b9653ec5-078f-4c16-9dce-f3476e289ac6.jpg
Boktai 2: Solar Boy Django,2004-10-19,4,78,Role-Playing,"Boktai 2: Solar Boy Django, also known as Zoktai, is a video gamethat was developed and published by Konami for the Game Boy Advance. Released in North Americaand Japan in 2004 and in Europe in 2005, it is the sequel to Boktai: The Sun Is in Your Hand.",https://images.launchbox-app.com/4d4a7345-d3dd-4632-8010-7f060e1b629f.jpg
Kirby: Nightmare in Dream Land,2002-12-02,4,81,Action,"The new graphics made for the GBA remake were well received. GameSpot highlighted the multiple layers of scrolling, transparency effects, and other visual flare as an improvement over the original. However, they did not think the game was visually up to par with other GBA games such as Yoshi's Island and Castlevania: Harmony of Dissonance. The new minigames and multiplayer modes were also praised for adding new replay value. Since the main gameplay and level design was borrowed from the original, it was generally commended but with some criticism again directed toward its short length and easiness. GameSpy wrote: ""the simplicity means you can enjoy it as a light snack instead of a main course such as Metroid Fusion or Castlevania: Harmony of Dissonance."" They thought the game would be best enjoyed by children watching the anime airing on television at the time, Kirby: Right Back at Ya!. GameSpot agreed, explaining the game was not as deep as Metroid Fusion or Yoshi's Island, but was suited for ""younger players or the young at heart."" Eurogamerfound it difficult to recommend the game at full price because it was only a remake and also a short game.",https://images.launchbox-app.com/f9ca1877-68a8-488d-8282-d09a11588425.jpg
Super Robot Taisen R,2002-08-02,3.99,,Strategy,"Super Robot Wars R (スーパーロボット大戦RSūpā Robotto Taisen Aaru)is a video game for the Game Boy Advance and is part of the Super Robot Wars franchise. It is the second game for the handheld system, preceded by Super Robot Wars A. Like its predecessor, it is ported into a mobile cellphone as part of the Super Robot Wars i line.",https://images.launchbox-app.com/76e7668f-d7ef-4e59-9653-1f956e37c5cc.jpg
Shining Force: Resurrection of the Dark Dragon,2004-06-08,3.98,77,Strategy,"Shining Force: The Legacy of Great Intention(シャイニング・フォース 神々の遺産 Shainingu Fōsu: Kamigami no Isan, lit. ""Shining Force: The Legacy of the Gods""), is a 1992 fantasy turn-based tactics role-playing video game for the Mega Drive/Genesis console. While primarily a traditional fantasy-themed game, it contains some science fiction elements.",https://images.launchbox-app.com/936ca4e9-6453-4c95-bcca-c4f88fce5564.jpg
The Lost Vikings,2003-03-30,3.98,75,Puzzle,"The Lost Vikings is a puzzle-platform video game developed by Silicon & Synapse (now Blizzard Entertainment) and published by Interplay. It was originally released for the Super NES in 1993, then subsequently released for the Amiga, Amiga CD32, MS-DOS, and Mega Drive/Genesis systems the next year; the Mega Drive/Genesis version contains five stages not present in any other version of the game. Blizzard re-released the game for the Game Boy Advance in 2003. In 2014, the game was added to Battle.net as a free download emulated through DOSBox.",https://images.launchbox-app.com/6df149ef-04ce-49f9-9534-ee97bc03ec62.jpg
Boktai: The Sun Is in Your Hand,2003-09-16,3.98,83,Action Adventure,"Boktai: The Sun is in Your Hand is an action-adventure role-playing video game released by Konami for the Game Boy Advance in 2003. The player takes the role of Django, a vampire hunter, who uses a weapon called the ""Gun Del Sol"" (Solar Gun), that fires bolts of sunlight at enemies. The game made novel use of a light sensor on the cartridge which encouraged playing parts of the game in direct sunlight.",https://images.launchbox-app.com/857dd033-3018-40fc-9515-da6e78dd5a27.jpg
Donkey Kong Country,2003-06-09,3.98,78,Action,"Donkey Kong Country is a 1994 side-scrollingplatform video gamedeveloped by Rare and published by Nintendo for the Super Nintendo Entertainment System. The game centers on the duo of Donkey Kong and his nephew Diddy Kong, who are on a quest to recover their stolen banana hoard from King K. Rool and his henchmen Kremlings.",https://images.launchbox-app.com/9a5efa66-4e7b-4ae2-93e9-e75354a2d59a.jpg
Super Robot Taisen J,2005-09-15,3.97,,Strategy,"Super Robot Wars J (スーパーロボット大戦J Sūpā Robotto Taisen Jei), is a tactical role-playing video game released for the Game Boy Advance by Banpresto.",https://images.launchbox-app.com/d5566651-619c-4942-b492-a4ce3e76cb92.jpg
Mega Man Battle Network 5: Team Protoman,2005-06-21,3.97,67,Role-Playing,"Mega Man Battle Network 5 is a 2004 video gamedeveloped by Capcom for the Game Boy Advance(GBA) and Nintendo DShandheld game consoles. It is the fifth game in the Mega Man Battle Networkseries, and the first Mega Man game to be released on the Nintendo DS. Battle Network 5 comes in three different versions: Team ProtoMan and Team Colonel, both for the Game Boy Advance, which have similar gameplay but slightly different supporting characters and stories,and Mega Man Battle Network 5: Double Team DS for the Nintendo DS, which includes the content from both games as well as extra content.",https://images.launchbox-app.com/fcb26373-965b-483d-b3a4-32b067ff8330.jpg
Riviera: The Promised Land,2005-06-28,3.97,76,Role-Playing,"Riviera: The Promised Land (Riviera ～約束の地リヴィエラ～ Riviera: Yakusoku No Chi Riviera)is a role-playing video game originally produced in 2002 by Sting Entertainment for WonderSwan Color as the first episode of the Dept. Heaven series of games. The game was later introduced to Nintendo's Game Boy Advance in 2004, which Atlus USA released in North America in 2005. An enhanced remake was released for the PlayStation Portable in November 2006, and was released in July 2007 in North America by Atlus USA. Riviera: The Promised Land became a sleeper hit because of its twist to the RPG standard.",https://images.launchbox-app.com/ca2d8adb-e1e0-4e11-aab4-522fa7556d6c.jpg
Classic NES Series: Castlevania,2004-10-25,3.97,75,Action,"Castlevania(/ˈkæsəlˌveɪniə/) is an action-adventure gothic horror video game seriescreated and developed by Konami. It has been released on various platforms, from early systems to modern consoles, as well as handheld devices such as mobile phones. The franchise has also expanded into other media, including comic books,an animated TV series and several spin-off video games.",https://images.launchbox-app.com/668fb354-0467-406b-a081-94168330e94f.jpg
Rhythm Tengoku,2006-08-03,3.97,,Action,"Rhythm Tengoku is a rhythm game developed by Nintendo SPD and published by Nintendo. It was released on August 3, 2006, and was the last game developed by Nintendo for the Game Boy Advance. An arcadeversion of the game was reprogrammed and published by Sega on September 20, 2007. Both versions were released in Japan exclusively. The game has spawned three sequels; Rhythm Heaven, Rhythm Heaven Fever, and Rhythm Heaven Megamix. It began as an idea created by its composer and supervisor Tsunku who proposed it to Nintendo due to his belief that they could do a better job with it than he could.",https://images.launchbox-app.com/3aaf8507-ea3e-42c5-a27f-c0202019a3a1.jpg
Classic NES Series: Super Mario Bros.,2004-06-02,3.96,84,Action,"Super Mario Bros. is a platform video gamedeveloped and published by Nintendo. The successor to the 1983 arcade game, Mario Bros., it was released in Japan in 1985 for the Famicom, and in North America and Europe for the Nintendo Entertainment System(NES) in 1985 and 1987 respectively. Players control Mario, or his brother Luigi in the multiplayer mode, as they travel the Mushroom Kingdom to rescue Princess Toadstoolfrom the antagonist, Bowser. They must traverse side-scrollingstages while avoiding hazards such as enemies and pits with the aid of power-ups such as the Super Mushroom, Fire Flower and Starman.",https://images.launchbox-app.com/2c39daf4-3055-4e6a-b94d-7a661e69abbe.jpg
Mega Man Battle Network 5: Team Colonel,2005-06-21,3.95,66,Role-Playing,"Mega Man Battle Network 5 is a 2004 video gamedeveloped by Capcom for the Game Boy Advance(GBA) and Nintendo DShandheld game consoles. It is the fifth game in the Mega Man Battle Networkseries, and the first Mega Man game to be released on the Nintendo DS. Battle Network 5 comes in three different versions: Team ProtoMan and Team Colonel, both for the Game Boy Advance, which have similar gameplay but slightly different supporting characters and stories,and Mega Man Battle Network 5: Double Team DS for the Nintendo DS, which includes the content from both games as well as extra content.",https://images.launchbox-app.com/6a11e597-e673-4474-8c7b-c5d35a2812f3.jpg
Pokemon Mystery Dungeon: Red Rescue Team,2006-09-16,3.94,67,Role-Playing,"Pokémon Mystery Dungeon: Blue Rescue Team and Pokémon Mystery Dungeon: Red Rescue Team are a matched pair of Pokémongames for the Nintendo DSand Game Boy Advance, respectively. These two games were developed by Chunsoft, published by The Pokémon Company, and distributed by Nintendo. Red Rescue Team was the last Pokémon-themed video game to be released on the Game Boy Advance. The two versions are mostly identical, with Blue Rescue Team taking advantage of the dual-screen features and increased graphical and sound capabilities of the Nintendo DS. The game has six Pokémon exclusive to each version.",https://images.launchbox-app.com/7f1f8399-9264-4182-b0df-e2c0f5a63ac6.jpg
Castlevania: Harmony of Dissonance,2002-09-16,3.93,87,Role-Playing,"Castlevania: Harmony of Dissonance is a platform-adventure video game developed and published by Konami for the Game Boy Advance. Belonging to Konami's Castlevania video game series, it is the second installment of the series on the Game Boy Advance. It was released in Japan in June 2002, in North America in September 2002, and in Europe in October 2002. It was the first Castlevania game to be called ""Castlevania"" in Japan instead of ""Akumajō Dracula"".",https://images.launchbox-app.com/bcf2229c-b88b-4b8e-afe0-49b98ed7f4aa.jpg
Dragon Ball Z: Buu's Fury,2004-09-14,3.93,62,Role-Playing,"Dragon Ball Z: Buu's Fury is the third and final game in the series. It was released on September 14, 2004 in North America. The game focuses on the final parts of the Dragon Ball Z series (season 7), namely the battles with Majin Buu. The game added several new additions to the series. First, the game added equipment, which could be equipped to characters to alter their stats and provide various other benefits. The game also allowed players to allocate their own stat points, of which three were given per level. Also added was the ability to block by holding the R button, and also to energy block by holding the B button while blocking. Using the energy block slowly drains the user's energy gauge. Both techniques greatly decrease the amount of damage that is received from attacks. The game also added various other features such as fusions and the ability to transform into a Super Saiyan 3. Although many features were added, the ability to use charge attacks by holding and releasing the A button was eliminated. Players are able to play as Goku, Gohan, Goten, Vegeta and Kid Trunks in the game, with players able to unlock fusions with Gotenks and Gogeta.",https://images.launchbox-app.com/be305110-cff8-4f11-abf8-cb153716dc4c.jpg
Wario Land 4,2001-11-18,3.93,88,Action,Wario Land 4 is a 2001 platformer video gamedeveloped by Nintendo and released for their Game Boy Advance. Wario has to gather four treasures to unlock a pyramid and save Princess Shokora from the Golden Diva. It features 2D graphics with linear transformations.,https://images.launchbox-app.com/7b6300c1-a7f7-438f-89b8-943f08ecaee2.jpg
Mega Man Zero,2002-09-09,3.92,82,Action,"Mega Man Zero is a video game developed by Inti Creates and published by Capcom for the Game Boy Advance (GBA) handheld game console. It is the first installment in the Mega Man Zero series, the fifth series in Capcom's Mega Man video game franchise. It was released in Japan on April 26, 2002, and in North America and Europe later that year.",https://images.launchbox-app.com/da416891-0884-422f-8219-1c6090e97fa2.jpg
Final Fantasy I & II: Dawn of Souls,2004-11-29,3.92,79,Miscellaneous,"Final Fantasy 1 & 2: Dawn of Souls is the third compilation of the first two Final Fantasy games, this time for the Game Boy Advance. Like Final Fantasy Origins, it contains enhanced graphics, but also contains extra dungeons (Final Fantasy I) and quests (Final Fantasy II). Dawn of Souls also served as a teaser for the Nintendo DS version of Final Fantasy III.",https://images.launchbox-app.com/90d39bd4-4c99-4368-8960-9480584067a1.jpg
Shin Bokura no Taiyou: Gyakushuu no Sabata,2005-07-28,3.91,,Role-Playing,"Boktai: The Sun is in Your Hand is an action-adventure role-playing video game released by Konami for the Game Boy Advance in 2003. The player takes the role of Django, a vampire hunter, who uses a weapon called the ""Gun Del Sol"" (Solar Gun), that fires bolts of sunlight at enemies. The game made novel use of a light sensor on the cartridge which encouraged playing parts of the game in direct sunlight.",https://images.launchbox-app.com/848090f2-5240-4dc3-8f8a-35b30082c887.jpg
Mario Tennis: Power Tour,2005-12-05,3.9,81,Sports,"Mario Tennis: Power Tour, known as Mario Power Tennis in Europe and Australia, is a 2005 sports game developed by Camelot Software Planningand published by Nintendofor the Game Boy Advance. It is the sequel to the Game Boy Colorversion of Mario Tennis. Unlike Mario Tennis, players cannot connect their game to the respective Nintendo GameCube version. It was re-released on the Wii U's Virtual Console in 2014.",https://images.launchbox-app.com/ea8fca01-1a12-4b5c-8510-7ed8168b949c.jpg
Drill Dozer,2006-02-06,3.89,81,Action,"Drill Dozer is an action platformer video game for the Game Boy Advancesystem, released in 2005 in Japan, and in 2006 in North America, before receiving a release in all regions on the Wii U Virtual Console service in 2015 and 2016. It is one of only two Game Boy Advance games to include force feedback, the other being WarioWare: Twisted!.",https://images.launchbox-app.com/2eba1759-49ec-468b-9be5-7851860fc373.jpg
The Urbz: Sims in the City,2004-11-09,3.89,72,Simulation,"The Urbz: Sims in the City is a video game that was released in 2004 for the PlayStation 2, Xbox, Nintendo GameCube, Game Boy Advance, and Nintendo DS as a launch title for that system. It is the third Sims game for these consoles and is the second Sims game to be unreleased on Windows PC. The next release for consoles and handhelds was the console port of The Sims 2.",https://images.launchbox-app.com/d6125db6-a5d0-4d5e-98fd-4fce97e1d1de.jpg
Hamtaro: Ham-Ham Heartbreak,2003-04-08,3.89,72,Action,"Hamtaro: Ham-Ham Heartbreak is a video game in the Hamtaro game series for Game Boy Advance developed by Pax Softnica and published by Nintendo, as the sequel to Tottoko Hamutaro: Tomodachi Daisakusen Dechu and Hamtaro: Ham-Hams Unite!. Therefore, it was the second Hamtarogame released in America and Europe, but the third one in Japan. It was released in Japan on May 3, 2002, in North America on April 8, 2003 and in Europe on June 27, 2003. After Hamtaro: Ham-Ham Heartbreak, only one more Hamtaro adventure game was released, which was Hamtaro: Rainbow Rescue.",https://images.launchbox-app.com/bf4b6e89-0fe5-4dbc-95be-861cf4ccba63.jpg
Mario Golf: Advance Tour,2004-06-22,3.89,84,Sports,Mario Golf: Advance Tour is a role-playing video game-styled sports game developed by Camelot Software Planningand published by Nintendofor the Game Boy Advancein 2004. The game is the sequel to the Game Boy Color version of Mario Golf.,https://images.launchbox-app.com/79cb1b04-1041-49fb-a474-e96f94adf2c8.jpg
Dragon Ball: Advanced Adventure,2006-06-06,3.88,75,Action,"Dragon Ball: Advanced Adventure is a Game Boy Advance video gamebased on the Dragon Ballmanga and anime series. The game contains 30 playable characters. It contains five modes of play. The story of the game starts at the beginning of the series when Gokumeets Bulma, and goes up to the final battle against King Piccolo.",https://images.launchbox-app.com/e581d2a9-4613-44be-ad73-528828ab2eef.jpg
Breath of Fire II,2002-04-16,3.88,81,Role-Playing,"Breath of Fire II is a role-playing video gamedeveloped and published by Capcom. First released in 1994, the game was licensed to Laguna for European release in 1996. It is the second entry in the Breath of Fire series. It was later ported to Game Boy Advance and re-released worldwide. The game was released on Wii's Virtual Console in North America on August 27, 2007. Nintendo of Europe's website mistakenly announced it for release on July 27, 2007, but it was in fact released two weeks later, on August 10, 2007.",https://images.launchbox-app.com/33f2be17-7156-4fe8-9be7-55a5398a08ff.jpg
Final Fight One,2001-09-26,3.87,82,Action,"The Game Boy Advance version that was developed by Sun-Tec, titled Final Fight One, was released in 2001. Final Fight One features all three characters and the Industrial Area stage that was missing from the SNES version. The 2-player cooperative mode is also featured via link cable. Dialogue scenes prior to each boss battle have been added and the Street Fighter Alpha 3 renditions of Cody and Guy are featured as hidden playable characters. Other unlockable features include alternate palettes for each player character and the ability for two players to use the same character. The character and background designs are lifted from the SNES versions rather than the original arcade version, with the enemy placement being similar to Final Fight Guy, although the maximum number of on-screen enemies was increased and all the transition sequences were restored. The same new power-up items introduced in Final Fight Guy are also present in this version, along with a new Cody doll item. The English localization of the game featured the same changes as the two SNES versions.",https://images.launchbox-app.com/d4d547ac-f0d7-4cf7-8c68-a7f2d61eb150.jpg
Yu-Gi-Oh! Ultimate Masters: World Championship Tournament 2006,2006-03-14,3.87,73,Strategy,"Yu-Gi-Oh! Ultimate Masters: World Championship Tournament 2006, known as Yu-Gi-Oh Duel Monsters Expert 2006 「遊戯王デュエルモンスターズ エキスパート2006」 in Japan, and Yu-Gi-Oh World Championship Tournament 2006 in Europe is a video game released in early Summer 2006 based on the Yu-Gi-Oh! franchise. The gameplay involves the player collecting cards in-game and using them to battle the computer players. Players may also (upon completing the Free Duel mode) battle against Decks which they themselves have designed and saved. This game comes with three promotional Yu-Gi-Oh! cards enclosed; they are ""Helios - The Primordial Sun"", ""Helios Duo Megistus"", and ""Golden Homunculus"". These cards were later handed out in English Blister Packs.",https://images.launchbox-app.com/38668667-ccc3-49cd-9620-c41ed31ec5a6.jpg
River City Ransom EX,2004-05-25,3.86,75,Action,"A GBA version of the game, titled River City Ransom EX was released in Japan on March 5, 2004 and in North America on May 26, 2004. This remake was developed by Million and published by Atlus. The most notable change from the original version is the loss of a true cooperative mode. Instead, the game can be played with an AI-controlled partner, and players may exchange the data of their own characters to fight alongside each other. The GBA version also includes a vast number of configurable options that can adjust game play on the fly, such as changing AI behaviour, the number of enemies in one map area, and shop item reshuffling frequency. The password system is replaced by battery backup, which allows saving up to 12 characters. Character's appearances, keystrokes for learned techniques, even enemy characters can be customized and saved using secret shop items. A saved game does not store story progress or reputation, but it does store the player's statistics, techniques, current items and money, player's name, and customized appearances. The player can gain additional computer-controlled allies and form a ""posse"" who helps the player on his adventure. Some of these boss characters are from the original NES version, while others are taken from later Downtown Nekketsu games. The player can be accompanied by up to three AI-controlled partners.",https://images.launchbox-app.com/3c12c808-d8d7-46db-8ea1-905dce7a4719.jpg
Fire Pro Wrestling,2001-06-10,3.86,80,Sports,"Fire Pro Wrestling (ファイヤープロレスリング Faiyā Puro Resuringu) is a professional wrestlingvideo game series originating from Japan, starting in 1989 by Human Entertainment, and developed and owned by Spike Chunsoft. The series is distinguished by its grappling system, which is primarily based on timed button presses and strategy. Another signature feature of the series is its Edit mode, a character creation feature with many options to customize appearances, wrestling moves and character A.I.behavior.",https://images.launchbox-app.com/8117360d-8467-49b2-9355-9d0e002fe44b.jpg
Donkey Kong Country 3,2005-11-07,3.86,77,Action,"Donkey Kong Country 3: Dixie Kong's Double Trouble!, released in Japan as Super Donkey Kong 3: Nazo no Kremis Shima (スーパードンキーコング３ 謎のクレミス島, Super Donkey Kong 3: Mysterious Kremis Island)is an adventure platformvideo game developed by Rare and published by Nintendo for the Super Nintendo Entertainment System (SNES). It was released on November 22, 1996, in North America, on November 23, 1996 in Japan, and on December 13, 1996 in Europe and Australia. It is the third installment of the Donkey Kong Country series and serves as a direct sequel to Donkey Kong Country 2: Diddy's Kong Quest. It was also re-released for the Game Boy Advance (GBA) in 2005. The game was made available to download on the Wii's Virtual Console service in 2007, as well as for the Wii U's Virtual Console in 2014.",https://images.launchbox-app.com/0ccbfcd5-7154-4148-80a3-4bc60764615c.jpg
The Lord of the Rings: The Return of the King,2003-11-05,3.86,77,Role-Playing,"The Lord of the Rings: The Return of the King is a 2003 action/hack and slash video gamedeveloped by EA Redwood Shores for the PlayStation 2 and Windows. It was ported to the GameCubeand Xbox by Hypnos Entertainment, to the Game Boy Advance by Griptonite Games, to mobile by JAMDAT, and to OS X by Beenox. The game was published by Electronic Arts. It is the sequel to the 2002 game The Lord of the Rings: The Two Towers.",https://images.launchbox-app.com/aebff322-3904-4cca-a97b-776a7c7420d3.jpg
Double Dragon Advance,2003-11-14,3.84,75,Action,Double Dragon Advance is a 2003 side-scrolling beat-em-upreleased for the Game Boy Advance. It was published by Atlus and developed by Japanese studio Million. It is a remake of the 1987arcade game Double Dragon and incorporates elements from its sequels and home versions.,https://images.launchbox-app.com/918584d5-61ab-4639-8870-4f589cf3cb1e.jpg
Yggdra Union: We'll Never Fight Alone,2006-11-21,3.84,77,Strategy,"Yggdra Union: We'll Never Fight Alone is a tactical role-playing gamefor the Game Boy Advanceand PlayStation Portable, developed by Sting Entertainment as the second episode of the Dept. Heaven saga of games. Atlus USAlocalized and published both versions of the game in North America. 505 Games published the Game Boy Advance version in a limited number of European countries, such as Italy and France. A Nintendo DS side-game was released in Japan on December 3, 2009 as Yggdra Unison: Seiken Buyuuden.",https://images.launchbox-app.com/4f0c3962-adf6-4949-9ac2-7f158cbd327b.jpg
DOOM II,2002-10-28,3.83,77,Action,"Doom II (full title Doom II: Hell on Earth) is a first-person shooter video game, the second title of id Software's Doomfranchise. It was originally released for MS-DOS computers in 1994 and Macintosh computers in 1995. Unlike Doom, which was initially only available through shareware and mail order, Doom II was a commercial release sold in stores. Master Levels for Doom II, an expansion pack that includes 21 new levels, was released on December 26, 1995 by id Software.",https://images.launchbox-app.com/e24df503-7d86-4094-8e8f-89a3f33cdd78.jpg
Klonoa 2: Dream Champ Tournament,2005-02-23,3.83,78,Action,"Klonoa 2: Dream Champ Tournament known in Japan as Kaze no Klonoa G2: Dream Champ Tournament ( 風のクロノアG2 ドリームチャンプ・トーナメント), is a video game published by Namcoand released on the Game Boy Advance in Japan in 2002 and North America in early 2005. As the third game in the Klonoahandheld series, the game retains many of the gameplay elements of the previous titles, while adding in a few of its own.",https://images.launchbox-app.com/2f497bda-10b3-4f72-a6eb-81c2f357d239.jpg
Dr. Mario / Puzzle League,2005-11-28,3.82,74,Puzzle,"Puzzle League, known as Paneru de Pon in Japan, is a series of video games published by Nintendo for its various video game consoles. The series began with Panel de Pon in Japan, named Tetris Attack in North America, and has since been adapted to many other consoles. The core gameplay of each version is the same in each game, but branding, presentation details and console-specific features have varied.",https://gamefaqs.akamaized.net/box/5/1/5/70515_front.jpg
Super Street Fighter II Turbo: Revival,2001-10-30,3.81,84,Action,"Super Street Fighter II Turbo (also known as Super Street Fighter II Turbo: The Ultimate Championship) is a competitive fighting gamereleased for the arcades by Capcom in 1994 in Japan on February 23, 1994, North America on February 23, 1994 And March 26, 1994 (Beta) and Europe on 1994. It is the fifth installment in the Street Fighter II sub-series of Street Fighter games, following Super Street Fighter II: The New Challengers. Like its predecessor, it ran on the CP System II hardware.",https://images.launchbox-app.com/d96e6ce8-f461-4b90-bd99-bc2a8c2557b0.jpg
Sonic Advance 3,2004-06-07,3.81,79,Action,"Sonic Advance 3 is a 2004 platform video gamedeveloped by Dimps and Sonic Team for the Game Boy Advance. It is part of the Sonic the Hedgehogseries, and the sequel to Sonic Advance 2. The game stars the characters Sonic, Tails, Amy, Knuckles, and Cream as they seek to keep Doctor Eggman and his robot assistant Gemerl from building empires on each of seven chunks Eggman has divided the Earth into.",https://images.launchbox-app.com/12227222-4471-4ab2-81e4-3617dec1baa9.jpg
Medabots: Metabee,2003-03-31,3.81,,Role-Playing,"Medabots: Metabee and Medabots: Rokusho (メダロット弐CORE クワガタバージョン・カブトバージョン Medarotto Ni CORE Kabuto Bājon · Kuwagata Bājon) is a set of two 2D top-down role-playing video games in the Medabotsseries, developed by Natsume and published by Imagineer for Game Boy Advance. It is a remake of the 1999 title Medarot 2(メダロット２ Medarotto 2). Although Medarot 2 was released exclusively in Japan, Medabots was released in other regions. It was later re-released on Wii U Virtual Console.",https://images.launchbox-app.com/b307891d-17ab-4b25-b180-6c05c0a16867.jpg
Konami Krazy Racers,2001-06-10,3.8,78,Racing,"Konami Krazy Racers(Konami Wai Wai Racing Advance in Japan; Krazy Kart Racing for mobile) is a kart racing video game published and developed by Konami for the Game Boy Advancehandheld video game console, iOS and Android. It was first released in Japan, and was later released in North Americaand some PAL regions. It was also re-released for Wii U Virtual Console on October 15, 2015 in Europe. It was a launch game for the system. Konami Krazy Racersmakes use of a variety of characters and concepts from several of Konami's franchises, including Castlevania, Metal Gear, and Gradius. It plays similarly to the Mario Kartseries, with eight characters per circuit and offensive/defensive items placed at predetermined points in the tracks.",https://images.launchbox-app.com/1e3b796f-ba80-4437-8718-fcb7fa0e4f36.png
Densetsu no Starfy,2002-09-06,3.8,,Action,Densetsu no Stafy is a platform video gamedeveloped by Tose and published by Nintendo for the Nintendo Game Boy Advance exclusively in Japan. It is the first game in the series The Legendary Starfy.,https://images.launchbox-app.com/5786ccaf-6e32-4e60-9f32-7be5b675357b.png
The King of Fighters EX2: Howling Blood,2003-12-11,3.8,80,Action,"The King of Fighters EX2: Howling Blood is a fighting game released by Playmore, MMV and Sun-Tec for the Gameboy Advance. It is based on The King of Fighters 2000 and is the sequel of The King of Fighters EX. It was also ported for the N-Gage as The King of Fighters Extreme.",https://gamefaqs.akamaized.net/box/1/6/7/44167_front.jpg
Medabots AX: Rokusho Ver.,2002-06-27,3.8,,Action,"Medabots AX: Metabee version and Medabots AX: Rokusho version are spin-off fighting games of the Medabots series, developed and published by Natsume.",https://images.launchbox-app.com/3b6800a2-a244-4630-8587-28cd75c09e38.jpg
Super Mario Advance,2001-06-10,3.79,84,Action,"On March 21, 2001, Super Mario Bros. 2 received another release, based on the All-Stars remake, as part of Super Mario Advance, which also contains a remake of Mario Bros.. Super Mario Advance was developed by Nintendo Entertainment Analysis and Development, and was a launch title for the Game Boy Advance. The Super Mario Advance version of Super Mario Bros. 2 includes several new features such the addition of the enemy Robirdo, a robotic Birdo, replacing Mouser as the boss of World 3; the addition of the Yoshi Challenge, in which players may revisit stages to search for Yoshi Eggs; and a new point-scoring system, similar to that used in the aforementioned BS Super Mario USA Power Challenge. Graphical and audio enhancements appear in the form of enlarged sprites, multiple hit combos, digital voice acting, and such minor stylistic and aesthetic changes as an altered default health-meter level, boss-order, backgrounds, the size of hearts, Princess Toadstool being renamed to the now-standard ""Princess Peach"", and the inclusion of a chime to announce Stars. The game was released for the Wii U Virtual Console on July 16, 2014, in Japan and later in North America on November 6, 2014.",https://images.launchbox-app.com/1988f346-efb7-4b0e-a549-58a99c0d7142.jpg
Tales of Phantasia,2006-03-06,3.79,76,Role-Playing,"The Game Boy Advance release marked the first official English-language appearance of Tales of Phantasia, which was met with mostly positive reception in the West, earning a 73% average from GameRankings and 76 out of 100 rating from Metacritic. While websites such as GameSpot felt that the game distinguished itself from other role-playing titles with its action-based combat system, it also overly-relied on too many random battles to ""drag down the pacing and pad out the playing time"". IGN commented that the battle system was unrefined when compared to later games in the series such as Tales of Symphonia on the GameCube, but that the graphic and audio quality held up ""relatively well"" eleven years after its original release. The site would also call the story and characters ""amazing"", but that its dated design would only appeal to players familiar with older games in the genre, calling it a ""love/hate"" experience. Editors of Electronic Gaming Monthly similarly remarked that ""fans of traditional RPGs will appreciate its long, varied dungeons and action-packed, real-time battles,"" and that it ""still has an awful lot of charm for such an old game"". Eurogamer expressed that the title's late release near the end of the handheld's life hurt it when compared to similar ports on Sony's PlayStation Portable, and that the game's ""messy"" interface and ""rough around the edges"" localization paled in comparison to the Super Famicom's unofficial fan translation.",https://images.launchbox-app.com/cb0476fa-95db-4585-9427-81706f220c32.jpg
Summon Night Craft Sword Monogatari: Hajimari no Ishi,2005-12-08,3.78,,Role-Playing,Summon Night Craft Sword Monogatari: Hajimari no Ishi (サモンナイト クラフトソード物語 はじまりの石 Samon Naito Kurafutosōdo Monogatari Hajimari no Ishi) is an action role-playing game by Flight-Plan for the Game Boy Advance.,https://images.launchbox-app.com/21d94d34-7e10-4d20-b247-31cb25bcc35b.jpg
Ninja Five-O,2003-04-22,3.78,82,Action,"Ninja Five-O, known in the PAL region as Ninja Cop, is an action platform video game developed by Hudson Soft and published by Konami. It was released for the Game Boy Advancein North America and Europe in April 2003. Players take the role of Joe Osugi, a ninja who must stop a terrorist group influenced by mystical masks. It was first announced at ""Konami Gamers' Day"" in early 2003.",https://images.launchbox-app.com/40fe5183-a2fc-480a-b8aa-808b33bd8e71.jpg
Zoids: Legacy,2004-09-15,3.78,,Role-Playing,"Zoids Saga II was released in several English-speaking nations, under the title of Zoids: Legacy. There were no changes to the gameplay, but the entire game was translated from Japanese to English. This translation is mostly inaccurate, incorrect most of the time and nonsensical at others, with numerous spelling and grammar errors. It is cited as one of the major problems of the English-language release.",https://images.launchbox-app.com/7de5e42d-f088-4a1e-b658-808e47464502.jpg
Combo Pack: Sonic Advance + Sonic Pinball Party,2005-11-16,3.78,,Miscellaneous,"Sonic Pinball Party (ソニック ピンボール パーティー Sonikku Pinbōru Pātī?) is a pinball-themed video game in the Sonic the Hedgehog series released for the Game Boy Advance in 2003. Developed by Jupiter and Sonic Team, the game is a spin-off title featuring references to other games developed by Sonic Team. Sonic the Hedgehog, NiGHTS into Dreams and Samba de Amigo are the most prominent franchises featured, along with characters from Burning Rangers, Phantasy Star Online and Chu-Chu Rocket.",https://images.launchbox-app.com/d8fabe92-5135-421f-8ed5-bd11591fa4c0.png
TMNT,2007-03-20,3.77,80,Action,"TMNT is a single-playeraction-adventure multi-platform action gamestarring the Teenage Mutant Ninja Turtles. It is based on the 2007 film of the same name, and was released three days before the actual movie's release for the Xbox 360, Wii, PlayStation 2, Nintendo GameCube, Nintendo DS, and PlayStation Portable, as well as for the PC on March 20, 2007.",https://images.launchbox-app.com/35f534ee-5691-4e8e-919e-1b65c033d9b3.jpg
Monster Rancher Advance 2,2002-11-17,3.77,79,Strategy,Monster Rancher Advance 2 (known in Japan as Monster Farm Advance 2 (モンスターファーム アドバンス 2Monsutā Fāmu Adobansu Tsū)) is the second of the Monster Rancher games to be released on Game Boy Advance. It is the sequel to Monster Rancher Advance.,https://images.launchbox-app.com/3c6f2ca7-1914-4350-b913-f0b6976a0fc1.jpg
Dragon Ball Z: The Legacy of Goku II,2003-06-17,3.77,75,Role-Playing,"Dragon Ball Z: The Legacy of Goku II was released on June 17, 2003 in North America and by Infogrames. The plot of the game picks up where The Legacy of Goku left off, and continues until the end of the Cell Games Saga when Gohan defeats the evil android Cell. The game introduced several new concepts to the series. The first was transformations, which allowed characters to become temporarily stronger, at the cost of slowly draining their energy. It also introduced the scouter, which allowed players to look up the stats of other characters in the game, as well as basic information about them. The game also introduced charged melee attacks, which allowed characters to unleash a powerful physical strike after a short charging period. The game also allowed characters to further supplement their stats with capsules that were scattered around the game world. Despite being titled ""The Legacy of Goku"" this game featured the most limited play as Goku, with players starting play as Gohan and gradually unlock Piccolo, Vegeta, Trunks and finally Goku as playable characters. Once the story is completed players can no longer play as Goku, but will be able to continue playing as the others to unlock a final playable character, Mister Satan/Hercule in order to unlock an alternate ending to the game.",https://images.launchbox-app.com/acca500f-cf6a-4d9e-a1f9-26e7d2dfd5d5.png
Medabots: Rokusho,2003-03-31,3.76,,Role-Playing,"Medabots (known as Medarot 2 CORE (メダロット弐CORE) in Japan) is a 2D top-down RPG developed by Natsume and published by Imagineer for the Game Boy Advance. It was released first in Europe, then in North America and last in Japan. It is a remake of the Japan-only Game Boy game ""Medarot 2"".",https://images.launchbox-app.com/b3bba4e7-5b26-466a-8bad-d14b531fe630.jpg
Classic NES Series: Metroid,2004-10-25,3.76,58,Action Adventure,"Metroid is an action-adventure game developed and published by Nintendo. The first installment in the Metroid series, it was originally released in Japan for the Family Computer Disk System peripheral in August 1986. North America received a release in August 1987 on the Nintendo Entertainment System in a ROM cartridgeformat, with the European release following in January 1988. Set on the planet Zebes, the story follows Samus Aran as she attempts to retrieve the parasitic Metroid organisms that were stolen by Space Pirates, who plan to replicate the Metroids by exposing them to beta raysand then use them as biological weapons to destroy Samus and all who oppose them.",https://images.launchbox-app.com/53050985-95fa-47cc-bef3-bfd796417e35.jpg
Dragon Ball Z: The Legacy of Goku I & II,2005-12-08,3.76,,Miscellaneous,"Dragon Ball Z: The Legacy of Goku is a series of video games for the Game Boy Advance, based on the anime series Dragon Ball Z. All three games are action role-playing games. The first game, Dragon Ball Z: The Legacy of Goku was developed by Webfoot Technologies and released in 2002. The game was followed by two sequels: Dragon Ball Z: The Legacy of Goku II released in 2003, and Dragon Ball Z: Buu's Fury released in 2004. In 2016, Webfoot Technologies announced the start of development of another sequel.",https://images.launchbox-app.com/ff67f8c4-6590-4ec9-af46-0fa1d18545da.jpg
Game & Watch Gallery 4,2002-10-28,3.76,71,Miscellaneous,"Game & Watch Gallery 4, known as Game & Watch Gallery Advance in Europe and Australia, is the fourth in a series of compilations of the classic Game & Watch games made between 1980 and 1991. Like the previous incarnations in the series, the featured games have both Classic modes, which attempt to recreate the look of the original units as faithfully as possible, and Modern modes, which feature Mariocharacters along with all-new graphics, all-new gameplay, and music. It is the first and only game in the series to be on the Game Boy Advance.",https://images.launchbox-app.com/17161a9d-ca6c-40d1-b297-5f468814dfbb.jpg
Mega Man Battle Network,2001-10-30,3.76,79,Role-Playing,"Mega Man Battle Network, known in Japan as Rockman.EXE (ロックマンエグゼ Rokkuman Eguze), is one of Capcom's Mega Man series and debuted in 2001 on the Game Boy Advance. It is a RPG spin-off series based on the original Mega Man series, taking place in a separate continuity where computer and networking technology advanced instead of robotics. There are six main Mega Man Battle Network games as well as several side-story games.",https://images.launchbox-app.com/ee260313-fb62-4596-8af4-cf139c6681d8.png
Shining Soul II,2004-04-20,3.75,74,Role-Playing,"Shining Soul II is an action role-playing gamefor the Game Boy Advance. It was developed by Nextech and Grasshopper Manufactureand published by Sega in 2003 (Japan), THQ (2004, Europe) and Atlus (2004, America), as the sequel to Shining Soul and part of the Shining series.",https://images.launchbox-app.com/fa771752-8365-4d1d-b4f0-f3060bcc3d64.jpg
Super Puzzle Fighter II,2003-03-31,3.75,83,Puzzle,"Super Puzzle Fighter II Turbo, released in Japan as Super Puzzle Fighter II X (Japanese: スーパーパズルファイターII X), is a one or two player tile-matchingpuzzle video game first released in 1996 by the Capcom Coin-Op division of Capcom on the CPS IIarcade system. The game's title is a parody of Super Street Fighter II Turbo, as there were no other Puzzle Fighter games at the time, and the game includes music and interface elements spoofing the Street Fighter Alphaand Darkstalkers games. It was a response to Sega's Puyo Puyo 2 that had been sweeping the Japanese arcade scene.",https://images.launchbox-app.com/d8f1f4ed-c11f-4213-8884-79cc8e933742.jpg
Sonic Battle,2004-01-05,3.75,69,Action,"Sonic Battle is a fightingvideo game developed by Sonic Team for the Game Boy Advance. It was published by Sega in Japan and THQ in North America and Europe. It is the second fighting game in the Sonic the Hedgehogseries, the first game being Sonic the Fighters. It was released in Japan in December 2003 and in North America and Europe in early 2004.",https://images.launchbox-app.com/282a3548-4085-4a4f-b6d5-4ac84a898ab9.jpg
Sonic Advance,2002-02-03,3.74,87,Action,"Sonic Advance is a 2001 side-scrolling platform game developed by Dimpsfor the Game Boy Advance(GBA). It was the first Sonic the Hedgehog game to be released on a Nintendo platform and was produced in commemoration of the series' tenth anniversary. The story follows Sonic, Tails, Knuckles, and Amyas they journey to stop Doctor Eggman from taking over the world. Controlling a character, players are tasked with completing each level, defeating Eggman and his robotarmy, and collecting the seven Chaos Emeralds.",https://images.launchbox-app.com/f8fbf849-390d-4439-b478-19d9ed704f78.jpg
Super Ghouls 'n Ghosts,2002-09-23,3.74,78,Action,"Super Ghouls 'n Ghosts is an action side-scrolling platform gamedeveloped and published by Capcom and releasedfor the Super Nintendo Entertainment System in 1991. It is the third game in the Ghosts 'n Goblinsseries. The game was included in the video game compilation Capcom Generations: Chronicles of Arthur for the PlayStationand Sega Saturn, as well as in Capcom Classics Collection for the PlayStation 2 and Xboxand Capcom Classics Collection: Reloaded for the PlayStation Portable. A remake of the game was released for the Game Boy Advance which features an additional game mode with new stages. The original SNES version was released for the Wii Virtual Console and was released for the Wii U Nintendo eShop on May 16, 2013. Nintendo re-released Super Ghouls 'n Ghosts in the United States in September 2017 as part of the company's Super NES Classic Edition.",https://images.launchbox-app.com/297f74ae-7b6a-44f2-86e3-665ec3c7a3a9.jpg
Sonic Advance 2,2003-03-09,3.74,83,Action,"Sonic Advance 2 is a 2002 side-scrolling platform game developed by Dimpsfor the Game Boy Advance. It is an installment in the Sonic the Hedgehog series and the sequel to 2001's Sonic Advance. The story follows Sonic as he sets out to save his friends and retrieve the seven magical Chaos Emeralds from series antagonist Doctor Eggman. Gameplay consists of the player completing various levels as one of five characters, each with their own unique attributes. After each zone is completed, the player faces Doctor Eggman in a boss battle.",https://images.launchbox-app.com/f37ded5f-6a1a-4ec1-a401-2fb1c897b2e8.jpg
Classic NES Series: Dr. Mario,2004-10-25,3.73,66,Puzzle,Dr. Mario (stylized as D℞. Mario) is a 1990 action puzzle video gameproduced by Gunpei Yokoiand designed by Takahiro Harada. Nintendodeveloped and published the game for the Nintendo Entertainment System and Game Boy consoles. The game's soundtrack was composed by Hirokazu Tanaka.,https://images.launchbox-app.com/9bba2aea-0508-4a77-960d-4892e9716931.jpg
ChuChu Rocket!,2001-06-10,3.73,84,Puzzle,"ChuChu Rocket! is an action puzzle gamedeveloped by Sonic Teamand published by Sega. Released for the Dreamcast in 1999, it was the first game for the system to support online console gaming. Players must place arrows on a board to lead mice into escape rockets while avoiding cats. The game features single-player modes in which a player must save all the mice on a board, and a multiplayer mode in which players battle to collect the most mice.",https://images.launchbox-app.com/2f1ac2a1-5e4a-4292-8028-1d25a701a5b5.jpg
The Sims Bustin' Out,2003-12-16,3.72,,Simulation,"The Sims Bustin' Out is a video game that was released in 2004/2003 for the PlayStation 2, Xbox, Nintendo GameCube, Game Boy Advance, & N-Gage. It is the second title in The Sims console series and the first The Sims title not released on Windows PC. It featured the same 3D environment and engine the past game did, however adds several features from The Simsexpansion packs: The Sims: Hot Date, The Sims: Superstar, and The Sims: Livin' Large. As the titlesuggests, the sims can get out of the house to visit other locations such as Shiny Things Lab or Casa Caliente. There are two modes. Bust Out Mode, which has mission-based gameplay and Freeplay Mode, which is open-ended gameplay very much like the original The Sims PC game. The PS2 version once featured the option to play online. However, it was shut down on August 1, 2008 (the same day The Sims Online shut down).",https://images.launchbox-app.com/2e347a0c-c81e-4c4e-9f6e-19b3ad7d019f.jpg
Phantasy Star Collection,2002-11-24,3.72,76,Miscellaneous,"Phantasy Star is a role-playing video game (RPG) developed by Sega and released for the Master System in 1987. One of the earliest Japanese RPGs for consoles, Phantasy Startells the story of Alis on her journey to defeat the evil ruler of her star system, King Lassic, after her brother dies at his hands. She traverses between planets, gathering a party of fighters and collecting the items she needs to avenge her brother's death and return peace to the star system. The gameplay features traditional Japanese RPG elements including random encounters and experience points. All the characters have predefined personalities and abilities, a unique element compared to the customizable characters of other RPGs of the era.",https://images.launchbox-app.com/3ae5b222-f32a-4fc9-818c-40f7fa01692b.jpg
Yu-Gi-Oh! GX: Duel Academy,2006-01-10,3.72,67,Strategy,"Yu-Gi-Oh! GX: Duel Academy, known as Yu-Gi-Oh Duel Monsters GX: Mezase Duel King (Yu-Gi-Oh! Duel Monsters GX: Aim to be Duel King!) in Japan, is a video game released for the GameBoy Advance console from Nintendo on January 10, 2006. This is the first Yu-Gi-Oh! GX video game released.",https://images.launchbox-app.com/e63112c3-c816-4bb7-abee-2555daa5fd08.jpg
Street Fighter Alpha 3,2001-12-01,3.72,83,Action,"Street Fighter Alpha 3is a 2D competitive fighting game originally released by Capcom for the arcades in 1998. It is the third game in the Street Fighter Alphasub-series, which serves as a prequel to Street Fighter II, and ran on the same CP System IIhardware as previous Alpha games. The game was produced after the Street Fighter III sub-series has started, being released after 2nd Impact, but before 3rd Strike. Alpha 3further expanded the playable fighter roster from Street Fighter Alpha 2 and added new features such as selectable fighting styles called ""isms"".",https://images.launchbox-app.com/7e964186-7052-47d2-9963-b01126945fb7.jpg
The Lord of the Rings: The Third Age,2004-11-02,3.71,67,Strategy,"The Lord of the Rings: The Third Age is a 2004 role-playing video gamedeveloped by EA Redwood Shores for the PlayStation 2, Xbox and GameCube. A turn-based tactics version of the game was developed for the Game Boy Advanceby Griptonite Games. The game was published on all platforms by Electronic Arts, and released worldwide in November 2004.",https://images.launchbox-app.com/81da6fcf-2e9c-47d5-bb88-cd9a9e84a958.jpg
Mega Man & Bass,2003-03-10,3.71,79,Action,"Mega Man & Bass is an action-platform video gamedeveloped and published by Capcom. It is a spin-off title in the original Mega Man series and was originally released in Japan for the Super Famicom on April 24, 1998. It was later ported to the Game Boy Advance (GBA) handheldin 2002, and localized in English and released the following year.",https://images.launchbox-app.com/495b7e58-3812-482a-8612-c8566cbade64.jpg
Breath of Fire,2001-12-13,3.71,79,Role-Playing,"Breath of Fire is a role-playing video game series developed by Capcom. It originated on the Super Nintendo Entertainment System in 1993. The series is notable for its recurring characters and ambiguous continuity; though each game is its own self-contained story, the names of the two lead characters are usually Ryu and Nina.",https://images.launchbox-app.com/690fa41a-53c5-4f72-adee-cb0c9e60bc1c.jpg
The Lord of the Rings: The Two Towers,2002-11-11,3.71,,Role-Playing,"The Lord of the Rings: The Two Towers is an action hack and slashvideo game developed by Stormfront Studios for the PlayStation 2 and Xbox. It was ported to the Game Boy Advance by Griptonite Games, to the GameCubeby Hypnos Entertainment, and to mobile by JAMDAT. A version for Microsoft Windows developed by Ritual Entertainment was cancelled during development. The game was published on all platforms by Electronic Arts. Originally released in North America for the PlayStation 2 in October 2002, it was released in November 2002 for the Game Boy Advance, in December 2002 for the Xbox and GameCube, and in May 2003 for mobile. In November 2003, EA released a sequel, The Lord of the Rings: The Return of the King.",https://images.launchbox-app.com/b22f4369-5d5a-41e9-af3f-0327966eb5bc.jpg
Mario vs. Donkey Kong,2004-05-24,3.7,81,Action,"Mario vs. Donkey Kongis a sub-series of the Marioand Donkey Kong series, based on puzzle video games, marking the return of Pauline, and Donkey Kong's rivalry with Mario. Mario vs. Donkey Kong, released in 2004 for the Game Boy Advance, was followed by March of the Minis for the Nintendo DS, Minis March Again on DSiWare, Mini-Land Mayhem in 2010 for the DS, Minis on the Move for the Nintendo 3DS in 2013, Tipping Stars for the Wii U and 3DS in 2015. The latest title centered on amiibo, titled Mini Mario & Friends: Amiibo Challenge was released in 2016. ",https://images.launchbox-app.com/1272bf5e-9eb4-4d7d-8b53-44cf420c1e31.jpg
Kuru Kuru Kururin,2016-02-11,3.7,,Puzzle,"Kuru Kuru Kururin is a puzzle video gamedeveloped by Eighting and published by Nintendo for the Game Boy Advancehandheld video game console. It was released in Japan on March 21, 2001 and in Europe and Australia on June 22, 2001 as a launch title. North America saw the title for the first time on February 11, 2016 via the Wii U's Virtual Console service. Kuru Kuru Kururin is the first title in the Kururinseries and was followed by two Japan-only sequels, Kururin Paradise and Kururin Squash!",https://images.launchbox-app.com/4e31e611-da9c-4451-a523-3c4650ed6772.jpg
Klonoa: Empire of Dreams,2001-09-11,3.7,52,Action,"Klonoa: Empire of Dreams (Japanese: 風のクロノア 夢見る帝国, Kaze no Kuronoa Yumemiru Teikoku, Klonoa of the Wind: Dreaming Empire) is a video game published by Namco for the Game Boy Advance and released in Japan and North America in 2001 and Europe the following year. Falling somewhere between Klonoa: Door to Phantomileand Klonoa 2: Lunatea's Veil, Empire of Dreams is a two-dimensional adventure game with puzzle elements that takes place in the new realm in the Klonoa series, the Kingdom of Jillius.",https://images.launchbox-app.com/8cb1c753-ad2d-40fc-aea8-2b7b18f058b7.jpg
Kingdom Hearts: Chain of Memories,2004-12-07,3.7,76,Role-Playing,"Kingdom Hearts: Chain of Memories is an action role-playing video gameco-developed by Square Enix and Jupiter, and published by Square Enixin 2004 for the Game Boy Advance. The game serves as an intermediary between the two larger-scale PlayStation 2 games in the Kingdom Heartsseries. It was one of the first GBA games to incorporate full motion video (FMV). The game was remade into a PlayStation 2 game titled Kingdom Hearts Re:Chain of Memories, which was released in Japan as a second disc packaged with Kingdom Hearts II Final Mix in March 2007. The remake was released in North America on December 2, 2008.",https://images.launchbox-app.com/2461ecef-9ddd-498d-ae89-ec20dadbeff8.jpg
Bomberman Tournament,2001-,3.7,88,Puzzle,"Bomberman Tournament is a game in the long-standing Bomberman series for the GBA. The game contains a fully realized multiplayer battle mode between linked Game Boy Advances. The player and up to three friends can compete in any of the game's eight multiplayer battle arenas, each of which has its own unique gameplay twist.",https://images.launchbox-app.com/57e120c1-8d04-4a03-9e8b-5ab3120770da.jpg
Hamtaro: Rainbow Rescue,2004-10-29,3.69,,Role-Playing,"Hamtaro: Rainbow Rescue is a video gamedeveloped by AlphaDreamfor Game Boy Advanceand the sequel to Tottoko Hamutaro: Tomodachi Daisakusen Dechu, Hamtaro: Ham-Hams Unite! and Hamtaro: Ham-Ham Heartbreak. It was released in Japan and PAL regions, and was set to be released in North America, but it was cancelled. The series is based on the manga Hamtaro, written by Ritsuko Kawai.",https://images.launchbox-app.com/907c67d5-699f-4c9f-8173-2ec9079d35d2.jpg
Dragon Quest Monsters: Caravan Heart,2003-03-29,3.69,,Role-Playing,"Dragon Quest Monsters: Caravan Heart (ドラゴンクエストモンスターズ キャラバンハート Doragon Kuesuto Monsutāzu Kyaraban Hāto) (Dragon Quest Monsters: Caravan Heart) is the third game in the Dragon Quest Monsters series, released only in Japan by Enix for the Game Boy Advance.The game was simultaneously announced with Dragon Quest VIII in Famitsu in 2002. Like the other Dragon Quest titles, development of Caravan Heart was led by Yuji Horii.",https://images.launchbox-app.com/6ebef1d9-336f-4c0c-bd65-e6f84d1be2fb.jpg
Pac-Man Collection,2001-07-12,3.69,79,Miscellaneous,"Pac-Man Collection is a compilation of four Pac-Man games, released in 2001 and 2002 for the Game Boy Advance: Pac-Man, Pac-Mania and Pac-Man Arrangement, all ports of arcade games which follow the essence of classic Pac-Man gameplay; and Pac-Attack, a falling-block puzzle game akin to Tetris originally released on the Sega Genesis and Super NES.",https://images.launchbox-app.com/01305a01-591e-404e-aa7b-065689ff5977.jpg
Shaman King: Master of Spirits 2,2005-08-02,3.68,72,Role-Playing,"Shaman King: Master of Spirits 2 is the sequel to the Game Boy Advancegame Shaman King: Master of Spirits that had been released in 2002. Konami decided to make a sequel to this game, released on August 2, 2005, supposedly only for the United States and Europe.",https://images.launchbox-app.com/4de738c1-4763-4a65-b42b-4a300c06b3ba.jpg
Iridion II,2003-05-29,3.68,78,Action,Iridion II is a scrolling shooter video gamedeveloped by Shin'en Multimedia and published by Majesco Entertainmentand Vivendi Universal Games in North Americaand PAL regionsrespectively for the Game Boy Advance handheldvideo game console. It is the sequel to Iridion 3Dalthough it is played from a different perspective.,https://images.launchbox-app.com/ec2b2994-a9eb-486c-bc8c-ca8839213a0c.jpg
F-Zero: GP Legend,2004-09-20,3.68,77,Racing,"F-Zero: GP Legend is a futuristic racing video game for the Game Boy Advancehandheld. Developed by Suzak Inc., it was released in Japan in 2003, and in Europe and North America in 2004.",https://images.launchbox-app.com/37eb7e1e-0c1e-4483-9c4c-100d317a26e2.jpg
Yu-Gi-Oh! Worldwide Edition: Stairway to the Destined Duel,2003-04-08,3.68,72,Strategy,"Yu-Gi-Oh! Worldwide Edition: Stairway to the Destined Duel, later released in Japan as Yu-Gi-Oh! Duel Monsters International (遊☆戯☆王！デュエルモンスターズ インターナショナル Yu-Gi-Ō! Deyueru Monsutāzu Intānashonaru) is a Game Boy Advance game based on the popular Yu-Gi-Oh!trading card game and TV series that has the player set during the Battle City arc, dueling popular characters from the anime and manga. The main objective of the game is to build a strong deck from cards won after duels from the main cast from the English second season anime.",https://images.launchbox-app.com/8c7b12b3-1865-4710-8dd1-55bbfc98cf8f.jpg
Gradius Galaxies,2001-11-12,3.67,78,Action,"Gradius Advance is a horizontally scrolling shooter handheld video game developed by Mobile21 and published by Konami in 2001. It was released later in the same month in the United Statesas Gradius Galaxies and in 2002 in Japan as Gradius Generation (グラディウスジェネレーションGuradiusu Jenerēshon).It is the only Gradius title available for the Game Boy Advance. The game's plot is set between Gradius IIIand Gradius Gaiden. Bacterion was developing a powerful weapon to use against the planet Gradius, but it was destroyed. A few years later it crashed on a planet and the planet gradually changed into a mechanical fortress. The planet Gradius then sent the Vic Viper to stop it.",https://images.launchbox-app.com/8327e062-e787-4fc5-97e4-62c7668784a0.jpg
Lunar Legend,2002-12-10,3.66,79,Role-Playing,"Lunar Legend (ルナレジェンド) is a role-playing video game for Nintendo's Game Boy Advancedeveloped by Japan Art Media and published internationally by Ubisoft, who also provided the translation. It is a re-telling of the events of Lunar: The Silver Star with story and content changes. All the characters from the original game appear.",https://images.launchbox-app.com/79cf543e-360a-4732-b690-8303bf515d32.jpg
Tales of the World: Narikiri Dungeon 3,2005-01-06,3.66,,Role-Playing,"Tales of the World: Narikiri Dungeon 3 (テイルズオブザワールド なりきりダンジョン3 Teiruzu Obu za Waarudo Narikiri Danjon 3) is a spin-off from the Tales RPG series made by Namco. The game was released exclusively in Japan for the Game Boy Advance on January 6, 2005. Tales of the World: Narikiri Dungeon 3'scharacteristic genre name is Cosplay S-RPG (コスプレS-RPG Kosupure S-RPG).",https://images.launchbox-app.com/779f3419-f535-41cb-b17b-a5b2757c132f.jpg
Mario Kart: Super Circuit,2001-08-26,3.66,93,Racing,"Mario Kart: Super Circuit is a kart racing game developed by Intelligent Systems and published by Nintendo for the Game Boy Advance in 2001. The game is the third installment in the Mario Kart series and the first for handheld consoles, following Super Mario Kart(1992) and Mario Kart 64(1996). It was succeeded by the console game Mario Kart: Double Dash, which was released for the GameCube in 2003. The game retains traditional game elements of Mario Kart set by its predecessors, and upon release, was well-received by reviewers.",https://images.launchbox-app.com/faaa1b52-35d1-4881-85af-1440b0d05721.jpg
DOOM,2001-10-28,3.66,81,Action,"In 2001, a Game Boy Advance version of Doom was released by David A. Palmer Productions. It uses a version of the engine created for the first series of console ports during the 1990s, so its gameplay is generally very true to the original, albeit with less overall content. It does, however, have several differences from the original PC version of the game; some of these are unique to this version of the game, while other differences are common to the other early console ports it shares its code base with:",https://gamefaqs.akamaized.net/box/0/3/8/3038_front.jpg
Wolfenstein 3D,2002-03-31,3.65,57,Action,"Wolfenstein 3D is a first-person shooter video gamedeveloped by id Softwareand published by Apogee Software and FormGen. Originally released on May 5, 1992 for MS-DOS, it was inspired by the 1981 Muse Software video game Castle Wolfenstein, and is the third installment in the Wolfenstein series. In Wolfenstein 3D, the player assumes the role of Alliedspy William ""B.J."" Blazkowicz during World War II as he escapes from the Nazi German prison Castle Wolfenstein and carries out a series of crucial missions against the Nazis. The player traverses each of the game's levelsto find an elevator to the next level or kill a final boss, fighting Nazi soldiers, dogs, and other enemies with knives and a variety of guns.",https://gamefaqs.akamaized.net/box/0/0/2/17002_front.jpg
Sword of Mana,2003-12-01,3.65,72,Role-Playing,"Sword of Mana, originally released in Japan as Shin'yaku: Seiken Densetsu (新約 聖剣伝説, lit. A New Testament: The Legend of the Sacred Sword), is a 2003 action role-playing gamedeveloped by Square Enixand Brownie Brown and published by Square Enix and Nintendo for the Game Boy Advance. It is an enhanced remake of the first game in the Manaseries, the Game Boygame Seiken Densetsu: Final Fantasy Gaiden, which was released as Final Fantasy Adventure in North America and as Mystic Quest in Europe.Sword of Mana was the fifth release in the series. Set in a high fantasyuniverse, the game follows an unnamed hero and heroine as they seek to defeat the Dark Lord and defend the Mana Tree from enemies who wish to misuse its power.",https://images.launchbox-app.com/e6140cb9-5082-4f0e-9644-247046350447.png
Yu-Gi-Oh! The Eternal Duelist Soul,2002-10-15,3.63,81,Strategy,Yu-Gi-Oh! The Eternal Duelist Soul is a video game for the Game Boy Advance. It is an English-language version of Yu-Gi-Oh! Duel Monsters 5 Expert 1.,https://images.launchbox-app.com/20715622-511b-441e-a10c-71d8bfff10ae.jpg
Spyro: Attack of the Rhynocs,2003-10-27,3.63,72,Action,"Spyro: Attack of the Rhynocs (known in Europe as Spyro Adventure) is an isometric platformer gamedeveloped by Digital Eclipse and published by Universal Interactive for the Game Boy Advance in 2003. It was the last Spyro game to be released under the Universal Interactivelabel, as parent Vivendi Universal Games would retire the name after the release of Crash Nitro Kart. It was also the final Spyro game to be developed by Digital Eclipse, where for the next major handheld entries they would be replaced by Amaze Entertainment.",https://images.launchbox-app.com/543f12f4-65ab-43c5-a803-4291075fed97.jpg
Super Robot Taisen D,2003-08-08,3.63,,Strategy,"Super Robot Wars D (スーパーロボット大戦D) is a video game for the Game Boy Advance, an installment of Banpresto'sSuper Robot Warsfranchise. It is the fourth game to appear on the Game Boy Advance system, preceded by Super Robot Wars A, Super Robot Wars R and Super Robot Taisen: Original Generation.",https://images.launchbox-app.com/6eef1189-130a-433b-b6aa-f148ce27f6dc.jpg
Namco Museum,2001-06-10,3.63,79,Miscellaneous,"Namco Museum is a series of video gamecompilations released by Namco for various consoles released in the 5th generation and above, containing releases primarily from their arcade games from the late 1970s, 1980s, and early 1990s. Namco started releasing compilations with the Namco Museum title in 1995, and continues as of 2018.",https://gamefaqs.akamaized.net/box/4/5/6/10456_front.jpg
Tales of the World: Narikiri Dungeon 2,2002-10-25,3.63,,Role-Playing,"Tales of the World: Narikiri Dungeon 2 (テイルズオブザワールド なりきりダンジョン2 Teiruzu Obu za Waarudo Narikiri Danjon 2) is a spin-off from the Tales RPG series made by Namco. The game was released exclusively in Japan for the Game Boy Advance on October, 2002. Tales of the World: Narikiri Dungeon 2's characteristic genre name is Cosplay RPG (コスプレRPGKosupure RPG). While it succeeds Tales of Phantasia: Narikiri Dungeon, this was the first game in the Tales of the World series, which is known for featuring characters from various main Tales games.",https://images.launchbox-app.com/f38807a8-9bad-4404-8095-1bd33965c6c3.jpg
Monster Rancher Advance,2001-11-28,3.62,76,Strategy,Monster Rancher Advance (known in Japan as Monster Farm Advance (モンスターファーム アドバンス Monsutā Fāmu Adobansu)) is the first of the Monster Rancher games to be released on Game Boy Advance.,https://images.launchbox-app.com/645ba763-7c35-40d7-877a-ed37c1aad77e.jpg
Classic NES Series: Donkey Kong,2004-06-02,3.62,55,Action,"Donkey Kong is an arcade game released by Nintendo in 1981. An early example of the platform game genre, the gameplayfocuses on maneuvering the main character across a series of platforms while dodging and jumping over obstacles. In the game, Mario (originally named Mr. Video and then Jumpman) must rescue a damsel in distress named Pauline(originally named Lady), from a giant ape named Donkey Kong. The hero and ape later became two of Nintendo's most popular and recognizable characters. Donkey Kong is one of the most important games from the golden age of arcade video games as well as one of the most popular arcade games of all time.",https://images.launchbox-app.com/0d401afd-0b3f-4ddb-a584-12bc4e38a470.jpg
Mega Man Battle Network 4: Red Sun,2004-06-29,3.62,68,Role-Playing,"Mega Man Battle Network 4 is a video gamedeveloped by Capcom for the Game Boy Advance(GBA) handheld game console. It is the fourth game in the Mega Man Battle Network series. Like Battle Network 3 before it, Battle Network 4 has two different versions, Red Sun and Blue Moon,that differ in story and gameplay details. Battle Network 4 is compatible with the e-Reader, and can be linked up with Rockman EXE 4.5 Real Operationand the Battle Chip Gate for NetBattles. It is able to link with Mega Man Zero 3, and contains references to Konami's Boktai series.",https://images.launchbox-app.com/154bde94-de5c-4fde-a48a-0ec2e34f4357.jpg
Rayman 3,2003-03-04,3.62,83,Action,"Rayman 3 (Game Boy Advance) is a portable version of the console game of the same name which was released for the Game Boy Advance in 2003. It is the first handheld Rayman game to feature multiplayer modes which made use of the Game Boy Advance/GameCube link cable, to link to the GameCube version. It is a 2D side-scrolling game with elements from the original Rayman game, Rayman 2, and Rayman 3, though it is mostly centered around the story of Rayman 2. It is thought that it was originally developed as a Game Boy Advance version of Rayman 2, and that its Rayman 3 elements were added late in its development so that it could be marketed as a Game Boy Advance version of Rayman 3. There are also versions of this game for some mobile phones, and it was ported to the Nokia N-Gage. It was not given the ‘Hoodlum Havoc’ subtitle, as Hoodlums are only being present as enemies in three levels of the game (Hoodlum Hideout, Wretched Ruins and Scaleman's Keep). In 2017, it was released on the Wii U's Virtual Console alongside Rayman Advance.",https://images.launchbox-app.com/75b8b525-d23d-45b5-9889-385425caba3e.jpg
Broken Sword: The Shadow of the Templars,2002-03-17,3.61,80,Adventure,"Broken Sword: The Shadow of the Templars(also known as Circle of Blood in the United States) is a 1996 point-and-click adventure gamedeveloped by Revolution Software. It is the first game in the Broken Swordseries. The player assumes the role of George Stobbart, an American tourist in Paris, as he attempts to unravel a conspiracy. The game takes place in both real and fictional locations in Europe and the Middle East.",https://images.launchbox-app.com/27374911-444c-44e1-8273-e87661a901a9.jpg
Pokemon Pinball: Ruby & Sapphire,2003-08-26,3.61,81,Action,"Pokémon Pinball: Ruby & Sapphire is a 2003 pinball game developed by Jupiter, published by The Pokémon Company and distributed by Nintendo for the Game Boy Advancehandheld game console. It was first revealed at E3 2003. The North American release was done to coincide with the fifth anniversary of the North American release of Pokémon Red and Blue. It is based on Pokémon Rubyand Sapphire, and is a sequel to Pokémon Pinballfor the Game Boy Color. In some ways, it plays like a traditional pinball game, where the objective is to get a high score by keeping the ball in play as long as possible and hitting bumpers. In keeping with the theme of Pokémon, it features Pokémon collection, where while the players play pinball, they must also capture the eponymous creatures.",https://images.launchbox-app.com/7009cb78-35fe-4080-808d-60d0638e2a82.jpg
DK: King of Swing,2005-09-19,3.61,70,Action,"DK: King of Swing is a video game developed by Paon and published by Nintendo. It was released in 2005. In the game, players swing around on pegs, in a way similar to Clu Clu Land. Scattered throughout levels, in addition to Peg Boards and Bananas, are Crystal Coconuts, Medals, Enemies, and Bonus Barrels.",https://images.launchbox-app.com/7ec45d38-3a14-4cd8-bca9-4ba37d187115.jpg
Gunstar Super Heroes,2005-10-25,3.61,83,Action,"Gunstar Super Heroes,(also known as Gunstar Future Heroes in Europe) is a run and gun video game for the Game Boy Advance developed by Treasure and published by Sega in 2005. It is the sequel to the 1993 Sega Genesis game Gunstar Heroes, with the story taking place after the events of the original game and featuring an expanded combat system over its predecessor.",https://images.launchbox-app.com/41f68580-f0d0-4ae5-9a1f-165a1631d8cf.jpg
Mega Man Battle Network 4: Blue Moon,2004-06-29,3.6,67,Role-Playing,"Lan and MegaMan take part in a series of net battle tournaments. Depending on the version of the game, different opponents and scenarios will occur. In between tournaments, a criminal organization called Nebula attack. They spread corruption with the use of Dark Chips, Battle Chips infused with the power of darkness. Meanwhile, an asteroid is traveling through space, heading for Earth. This game received an averaged score of 70% on GameRankings and 68% on MetaCritic (the low scores on this title were due to lack of any real story other than fighting in tournaments).",https://images.launchbox-app.com/875b291f-0542-478e-bb5e-ac3a8e8313d4.jpg
Rebelstar: Tactical Command,2005-09-06,3.6,78,Strategy,"Rebelstar: Tactical Command is a turn-based tactics video game developed by Codo Technologies and published by Namco for the Game Boy Advance in 2005. The game was created by Julian Gollop, who has previously designed UFO: Enemy Unknown games and the original Rebelstar games.",https://images.launchbox-app.com/8122dba5-b39f-406a-8f78-849769596236.jpg
Sigma Star Saga,2005-08-16,3.59,68,Role-Playing,"Sigma Star Saga is a 2006 hybrid science fiction role-playing-space-shooterdeveloped by WayForward Technologies for the Game Boy Advance. The player explores a standard 2-D overworld but is transported into space for side-scrolling shooter random battles. In this game, Ian Recker goes undercover against Earth's enemies, the Krill, in a battle to save the planet.",https://images.launchbox-app.com/1fec9e2b-e0e1-4122-923b-075ea1d6de64.jpg
Harry Potter and the Prisoner of Azkaban,2004-05-25,3.59,69,Role-Playing,"Harry Potter and the Prisoner of Azkaban is an action-adventure video game based on J. K. Rowling's Harry Potter and the Prisoner of Azkaban, the third novel in the Harry Potter series and the film of the same name. The game was developed by three teams, KnowWonder, Griptonite Games, and EA UK, and was published by EA Games and Warner Bros. Interactive Entertainment.",https://images.launchbox-app.com/f9c5fa4d-8c4f-473e-93df-6d21ebc54bb3.jpg
Max Payne,2003-12-16,3.58,78,Action,"Max Payne is a third-person shooter video game developed by Remedy Entertainment and published by Gathering of Developers in July 2001 for Microsoft Windows. Ports created later in the year for the PlayStation 2, Xboxand the Game Boy Advance were published by Rockstar Games. A Mac OS port was published on 16 July 2002 by MacSoft in North America and Feral Interactive in the rest of the world. There were plans for a Dreamcast version of Max Payne, but they were canceled due to the discontinuation of the console. The game was re-released on 27 April 2009 as a downloadable game in the Xbox Originalsprogram for the Xbox 360. The game was also re-released in 2012 as a downloadable game in the PlayStation Store for the PlayStation 3 under the PS2 classics banner, iOS, Android, and in April 2016 for the PlayStation 4 as a PS2 emulated downloadable game in the PlayStation Store.",https://images.launchbox-app.com/f66ebfa2-79eb-4ec0-b8a9-4a83267fb6e8.jpg
Super Dodge Ball Advance,2001-06-10,3.58,79,Sports,"Super Dodge Ball Advance is dodge ballvideo game produced by Atlus that was released for the Game Boy Advance in 2001. It is a spin-off of the Super Dodge Ball series although it does not feature the Kunio-kun characters, despite it being licensed to Atlus by the then successor of Technōs Japan, Million Co., Ltd.",https://images.launchbox-app.com/c1f8a468-5f04-49a0-9cd7-ba66b0f5f006.jpg
Dragon Ball Z: Supersonic Warriors,2004-06-22,3.55,73,Action,"The Dragon Ball Z: Supersonic Warriors (ドラゴンボールZ 舞空闘劇Doragon Bōru Zetto Bukū Tôgeki) is a series of fighting games based on the Dragon Ball franchise. The first game, Dragon Ball Z Supersonic Warriors was developed by Arc System Works and Cavia and was released for the Game Boy Advance on June 22, 2004. The game was followed by the 2005 sequel, Dragon Ball Z: Supersonic Warriors 2 for the Nintendo DS.",https://images.launchbox-app.com/0512c4aa-b72b-4ace-a1ba-84464e1d0b21.png
Onimusha Tactics,2003-11-11,3.55,64,Strategy,"Onimusha Tactics (鬼武者タクティクス Onimusha Takutikusu) is a strategy/tactical role-playing game installment in the Onimusha series released for the Game Boy Advance as the first game in the series to be released for the Nintendo system.It does not follow the storyline of the previous PlayStation 2 games and is considered a side story. However, the game features a similar plot: a samurai who possesses the Oni Gauntlet can become the Onimusha and fights against Nobunaga and his army of genma.",https://images.launchbox-app.com/da92e012-8fa1-4bf0-8f59-b8be789628ae.png
Teenage Mutant Ninja Turtles,2003-10-31,3.54,71,Action,"Teenage Mutant Ninja Turtles is a beat 'em upvideo game developed and published in 2003 by Konami, based on the 2003 TV series.",https://gamefaqs.akamaized.net/box/2/0/3/52203_front.jpg
Shaman King: Master of Spirits,2004-11-09,3.53,,Action Adventure,Shaman King: Master of Spirits is Metroidvania style platform-adventurevideo game developed by Konami Computer Entertainment Japan and published by Konami. This is the first Shaman King game that was developed for the Game Boy Advancein America. It was developed to accompany the English dub by 4kids Entertainment.,https://images.launchbox-app.com/34eb585c-9596-470c-ae3f-929556e8f16d.jpg
Ultimate Spider-Man,2005-09-22,3.53,62,Action,"Ultimate Spider-Man is a 2005 action-adventure video game based on the comic book of the same name by Brian Michael Bendis and Mark Bagley. The game was released on most sixth generationconsoles, including Game Boy Advance, GameCube, Microsoft Windows, PlayStation 2, Xbox and Nintendo DS.",https://images.launchbox-app.com/265ad43d-69b8-4824-838a-7079f023f811.jpg
Medabots AX: Metabee Ver.,2002-07-25,3.53,60,Action,"Medabots: Metabee and Medabots: Rokusho (メダロット弐CORE クワガタバージョン・カブトバージョン Medarotto Ni CORE Kabuto Bājon · Kuwagata Bājon) is a set of two 2D top-down role-playing video games in the Medabotsseries, developed by Natsume and published by Imagineer for Game Boy Advance. It is a remake of the 1999 title Medarot 2(メダロット２ Medarotto 2). Although Medarot 2 was released exclusively in Japan, Medabots was released in other regions. It was later re-released on Wii U Virtual Console.",https://images.launchbox-app.com/7be67a41-ffc3-42a9-bc7f-ffe4cb7125c3.jpg
Classic NES Series: Zelda II: The Adventure of Link,2004-10-25,3.52,73,Role-Playing,"Zelda II: The Adventure of Link is an action adventure video game with platforming elements. The second installment in The Legend of Zelda series, it was developed and published by Nintendo for the Family Computer Disk System on January 14, 1987, less than a year after the original The Legend of Zelda was released and seven months before North America saw the release of the first Zelda title. The game was released in North America and the PAL region for the Nintendo Entertainment System in late 1988, almost two years after its initial release in Japan.",https://images.launchbox-app.com/df0524bf-7afb-44fa-86c0-7d644fcc3810.jpg
Tony Hawk's Pro Skater 2,2001-05-30,3.52,95,Sports,"Tony Hawk's Pro Skater 2is a skateboarding-simulation video game developed by Neversoftand published by Activision. It is the second installment in the Tony Hawk's series of sports games and was first released for the PlayStation in 2000, with subsequent ports to the Microsoft Windows, Game Boy Color, and Dreamcastthe same year. In 2001 the game was ported to the Mac OS, Game Boy Advance, Nintendo 64, and Xbox (as part of the Tony Hawk's Pro Skater 2xcollection). The game was later ported to Windows Mobile and Windows Phone devices in 2006 and to iOS devices in 2010.",https://images.launchbox-app.com/10773866-d3e3-4b70-a0eb-13cbd603e3ff.jpg
Hamtaro: Ham-Ham Games,2004-07-27,3.52,77,Sports,"Hamtaro: Ham-Ham Games is a sports video game developed by AlphaDream and published by Nintendo for the Game Boy Advance handheldvideo game console. It was released in Japan on July 15, 2004, in Europe on July 16, 2004, and in North America on July 27, 2004.",https://images.launchbox-app.com/0d5fc918-ba43-48d6-ab58-6787bc25897d.jpg
Yu-Gi-Oh! World Championship Tournament 2004,2004-02-10,3.52,68,Strategy,"Yu-Gi-Oh! World Championship Tournament 2004, known in Japan as Yu-Gi-Oh! Duel Monsters Expert 3(遊戯王デュエルモンスターズ エキスパート3), is a video game based on the Yu-Gi-Oh! franchise. This game has been released on the Game Boy Advancesystem.",https://images.launchbox-app.com/37743d13-862c-41c8-b21d-7d0bd33166f9.jpg
Spider-Man: Mysterio's Menace,2001-09-19,3.51,84,Action,"Spider-Man: Mysterio's Menace is an action video game for the Game Boy Advance, based upon Spider-Man, released on September 19, 2001. The game was released in Japan on April 26, 2002.It came on a Twin Pack cartridge bundled with X2: Wolverine's Revenge in 2005.",https://images.launchbox-app.com/7b58df1d-4361-43b7-939c-51eba210532b.jpg
Advance Guardian Heroes,2004-09-14,3.5,65,Action,"Advance Guardian Heroes is a beat 'em upvideo game developed by Treasure for the Game Boy Advance. The game was released September 22, 2004 in Japan, September 14, 2004 in North America and February 18, 2005 in Europe. The American and European editions of the game are published by Ubisoft.",https://images.launchbox-app.com/8c8b86ae-0606-49df-bf23-0f3111b6f2e4.jpg
Metal Slug Advance,2004-12-02,3.5,79,Action,"Metal Slug Advance is a run and gun video game for the Game Boy Advancehandheld system created by SNK Playmore in 2004, and is canon to the Metal Slug series. It is notable as the only Metal Slug video game not to feature Marco Rossi as a playable character.",https://images.launchbox-app.com/4247151a-b10a-4c87-b933-135359084c3e.jpg
LEGO Star Wars: The Video Game,2005-03-29,3.5,75,Action Adventure,"Lego Star Wars: The Video Game is a Lego-themed, action-adventurevideo game based on the Lego Star Wars line of toys, and the first installment in the Lego video game franchise developed by Traveller's Tales, which would develop all future Lego titles from that point on. It was first released on 29 March 2005, and is a video game adaptation of the Star Warsprequel trilogy: The Phantom Menace (1999), Attack of the Clones (2002) and Revenge of the Sith(2005), with a bonus segment from A New Hope(1977).",https://images.launchbox-app.com/c4bf82d5-4b13-4d4b-b958-b7748431b19e.jpg
Crash Bandicoot: The Huge Adventure,2002-02-25,3.49,78,Action,"Crash Bandicoot: The Huge Adventure (released as Crash Bandicoot XS in Europe) is a platform gamedeveloped by Vicarious Visions and published by Universal Interactive (a subsidiary of Vivendi Universal Interactive Publishing) for the Game Boy Advance. It was released in North America on February 25, 2002 and in Europe on March 15, 2002.",https://images.launchbox-app.com/f53de6d4-f193-49bb-b824-14cdca4fda73.jpg
Star Wars Episode III: Revenge of the Sith,2005-05-04,3.49,73,Action Adventure,"Star Wars: Episode III – Revenge of the Sith is an action video game based on the movie of the same name. It was released on May 4, 2005, for the PlayStation 2, Xbox, Game Boy Advance and Nintendo DS. Additionally, a version was made available for mobile phones on April 2, 2005. As part of the PlayStation 2 classicsprogram, the PlayStation 2 version was re-released in Europe on the PlayStation Network on February 11, 2015, and in North America on April 28, 2015.",https://gamefaqs.akamaized.net/box/6/8/8/59688_front.jpg
LEGO Star Wars II: The Original Trilogy,2006-09-12,3.49,55,Action Adventure,"Lego Star Wars II: The Original Trilogy is a Lego-themed action-adventurevideo game developed by Traveller's Tales and published by LucasArtsand TT Games Publishing. It was released on 11 September 2006. Part of the Lego Star Wars series, it is based on the Star Wars science fiction media franchise and Lego Group's Star Wars-themed toy line. It follows the events of the Star Warsfilms Star Wars, The Empire Strikes Back and Return of the Jedi. The game allows players to assume the roles of over 50 Lego versions of characters from the film series; customized characters can also be created. Camera movement was improved from its predecessor—Lego Star Wars: The Video Game; and the concept of ""vehicle levels"" was explored more thoroughly. The game was revealed at American International Toy Fair 2006. Promotions for the game were set up at chain stores across the United States.",https://images.launchbox-app.com/ae35a701-7d7d-47a2-829f-454cabbd4878.jpg
Tetris Worlds,2001-09-05,3.48,65,Puzzle,"Tetris Worlds is a version of the video game Tetris. Originally released in 2001 for Microsoft Windows and Game Boy Advance, it was later released for Xbox, GameCube, and PlayStation 2 in 2002. In 2003, an Xbox Live version and a single-disc compilation version (which included this game and Star Wars: The Clone Wars) were released for the Xbox. The latter was bundled with Xbox systems.",https://images.launchbox-app.com/db206ffc-4af5-49f0-9023-ef5adf88c552.jpg
Yu-Gi-Oh! 7 Trials to Glory: World Championship Tournament 2005,2005-02-15,3.47,66,Strategy,"Yu-Gi-Oh! 7 Trials to Glory: World Championship Tournament 2005, known as Yu-Gi-Oh! Day of the Duelist: World Championship Tournament 2005 in Europe and Yu-Gi-Oh! Duel Monsters International 2 in Japan, is a Yu-Gi-Oh! game for the Game Boy Advance. Light and Dark clash in a town where everyone waits to Duel. Battles take the place of words and only the best will win tournaments where glittering trophies await the victor.",https://images.launchbox-app.com/7053f9ce-590d-4f5f-bad6-566b71bfc28d.png
Crash Bandicoot 2: N-Tranced,2003-01-07,3.47,75,Action,"Crash Bandicoot 2: N-Tranced is a platform game developed by Vicarious Visions and published by Universal Interactive for the Game Boy Advance. It was released in North America on January 7, 2003 and in Europe on March 14, 2003.",https://images.launchbox-app.com/5ab5e584-1aa4-4de5-a28c-625247156590.jpg
Spyro 2: Season of Flame,2002-09-25,3.47,76,Action,"Spyro 2: Season of Flameis a platform gamedeveloped by Digital Eclipse and published by Universal Interactive for the Game Boy Advance. It was released in 2002 in North America and in the PAL regions. Spyro 2: Season of Flame is the fifth installment in the Spyro video game series and is a sequel to Spyro: Season of Ice. The game's story centers on the abduction of the Dragon Realm's fireflies at the hands of the Rhynocs, causing the dragons to lose their ability to breathe fire. The protagonist of the story, Spyro the Dragon, must recover the fireflies and uncover the culprit behind the firefly theft. The game received generally favorable reviews from critics, many of whom considered the game to be superior to Spyro: Season of Ice, though the game was criticized for its ""tricky"" controls.",https://images.launchbox-app.com/c40b8b8b-bac7-45d0-b18d-42b74fb3bbd1.jpg
Prince of Persia: The Sands of Time,2003-10-28,3.46,75,Action Adventure,"Prince of Persia: The Sands of Time is a third-person action-adventurepuzzle-platform video game developed and published by Ubisoft. Revealed in March 2003, it was released across Game Boy Advance, PlayStation 2, GameCube, Xbox and Microsoft Windows in November 2003. The Sands of Time is a reboot of the Prince of Persiaseries, created by Jordan Mechner. Mechner served as creative consultant, designer, and scenario writer for The Sands of Time.",https://images.launchbox-app.com/6f151649-6f8d-4719-bdb1-847153d21717.jpg
CIMA: The Enemy,2003-11-17,3.46,70,Role-Playing,"CIMA: The Enemy, known in Japan as Frontier Stories (フロンティア ストーリーズ Furonteia Sutōrīzu), is a role-playing video game developed by Neverland for the Game Boy Advance. It was published in Japan by Marvelous Entertainmentand in North America by Natsume. It follows the story of Ark and Ivy, two aspiring Gate Guardians. It is their duty to protect the innocent from being captured by the CIMA, an alien race that feeds on human hope.",https://images.launchbox-app.com/effa05d3-e0c1-49fa-adf2-1b3e99828d1d.jpg
Shonen Jump's One Piece,2005-09-07,3.45,76,Action,"One Piece also referred to as Shonen Jump's One Piece is a 2-D platformingbeat 'em up video game for the Nintendo Game Boy Advance based on the 4kids dub of the One Pieceanime. Developed by Dimps and published by Bandai, it was released on September 7, 2005. It is the only One Piece game to be only released in the USA, and the first out of two to not see a release in Japan.",https://images.launchbox-app.com/1d247df2-4213-4821-ac1b-1e1d40c47b0c.jpg
Rave Master: Special Attack Force!,2005-03-08,3.44,56,Action,"There are six video games based on Rave Master published by Konami. Three games were released for the PlayStation including a role-playing games Groove Adventure Rave and its sequel Groove Adventure Rave: Mikan no Hiseki (GROOVE ADVENTURE RAVE ～未完の秘石～), and platforming game Plue no Daibouken from Groove Adventure Rave.",https://images.launchbox-app.com/70eed5f6-31bd-4da6-ac7c-1afe7447b3c2.jpg
Rayman Advance,2001-06-11,3.43,84,Action,"Rayman Advance is a video game that was released for the Game Boy Advance console in 2001, and was the first video game from the Rayman franchise to be released for this particular console.",https://images.launchbox-app.com/25c87136-18f1-4943-bfb1-415dcbc4bc05.jpg
Yu-Gi-Oh! The Sacred Cards,2003-11-04,3.42,60,Strategy,"Yu-Gi-Oh! The Sacred Cards is a Game Boy Advance game based on the Yu-Gi-Oh! animedeveloped and published by Konami. It was first released in Japan on July 4, 2002. It was released in North America the following year and in Europe the year after that.",https://images.launchbox-app.com/e68ce591-a415-4ac1-9c25-aa545e4815f5.jpg
Sonic Pinball Party,2003-06-01,3.41,77,Action,"Sonic Pinball Party is a video game released for Game Boy Advance in 2003. It is a celebration of sorts for Sonic Teamfeaturing many references to its previous games, mostly Sonic. There was also a release on a Twin Pack cartridge bundled with Sonic Battle and Sonic Advance respectively in 2005.",https://images.launchbox-app.com/3ee5be1d-86e6-416c-b8ab-78e9d02c66d8.jpg
Duke Nukem Advance,2002-08-12,3.41,81,Action,"Duke Nukem Advance is a portable video game in the Duke Nukem series. Although it is a first-person shooter and many of the graphics and sounds have been ported from Duke Nukem 3D, the game has an original storyline and levels.",https://images.launchbox-app.com/6e6dae26-33c6-4fc8-b401-95b1858772c6.jpg
Baldur's Gate: Dark Alliance,2004-02-10,3.39,76,Role-Playing,"Baldur's Gate: Dark Alliance is a 2001 action role-playing/hack and slashvideo game developed by Snowblind Studios for PlayStation 2 and Xbox. It was ported to GameCubeby High Voltage Software, and to the Game Boy Advance by Magic Pockets. The game was published for PlayStation, Xbox and GameCube by Black Isle Studios, a division of Interplay Entertainment, and distributed by Vivendi Universal Games. The Game Boy Advance version was published by DSI Games. CD Projektwas developing a version for PC, but it was ultimately cancelled.",https://images.launchbox-app.com/04ccea95-c175-4498-b257-ace1a35720e6.jpg
The Sims 2,2005-10-24,3.39,58,Simulation,"The Sims 2 is a 2004 strategic life simulationvideo game developed by Maxis and published by Electronic Arts. It is the sequel to The Sims. The game has the same concept as its predecessor: players control their Sims in various activities and form relationships in a manner similar to real life. The Sims 2, like its predecessor, does not have a defined final goal; the gameplay is open-ended. Sims have life goals, wants and fears, the fulfillment of which can produce both positive or negative outcomes. All Sims age, and can live to 90 sim days depending on the degree to which their aspirations are fulfilled. The Sims 2 builds on its predecessor by allowing Sims to age through six stages of life and incorporating a 3D graphics engine. Although gameplay is not linear, storylines exist in the game's pre-built neighborhoods. Pleasantview is based 25 years after the town in the original The Sims. Strangetown's storyline is based on the supernatural, and is loosely connected with Pleasantview. Veronaville's characters are based on Shakespearean characters.",https://gamefaqs.akamaized.net/box/3/5/8/53358_front.jpg
Lufia: The Ruins of Lore,2003-05-06,3.38,76,Role-Playing,"Lufia: The Ruins of Lore, known in Japan as Chinmoku no Iseki: Estpolis Gaiden (沈黙の遺跡 ～エストポリス外伝～), is a role-playing video game developed by Atelier Double and published by Taito in Japan in 2002 and by Atlus a year later in North America. It is the fourth title in the Lufiaseries of video games and was released as a ""gaiden"", or side story, to the main series; as a result, it does not feature many elements common to the rest of the series, such as the Sinistrals and the Dual Blade.",https://images.launchbox-app.com/ac2b6f31-c1e8-44d7-bdc4-78f0163b7745.jpg
Spider-Man,2002-04-16,3.38,,Action,"Spider-Man (also known as Spider-Man: The Movie) is a 2002 action-adventure video gamebased upon the Marvel Comics character Spider-Man, and is also loosely based on the film of the same name. The game was developed by Treyarchand published by Activision, and released in 2002 for Game Boy Advance, GameCube, Microsoft Windows, PlayStation 2, and Xbox. The game has many scenes and villains that did not appear in the film. It was followed by Spider-Man 2 two years later to promote the release of the second film. In 2007, to promote the release of the third film, Spider-Man 3was released. Tobey Maguire and Willem Dafoe were the only actors who reprised their roles from the film.",https://images.launchbox-app.com/df6528e3-557c-42ad-9408-d1fc64300050.jpg
Star Wars Trilogy: Apprentice of the Force,2004-09-21,3.38,60,Action Adventure,"Star Wars Trilogy: Apprentice of the Force is a game for Nintendo's Game Boy Advance that follows Luke Skywalkerthrough the Star Warsclassic trilogy. It has advanced graphics by the standards of the Game Boy Advance, using 3-D images for the character models. A player who beats the game is given the option of replaying most of the ship and boss levels. It was released September 21, 2004, the same day that the 2004 DVD box setswere released, and was developed and published by Ubisoft.",https://images.launchbox-app.com/375b8e0d-cb0a-4f74-96c6-0b449ea3a1d1.jpg
F-Zero: Maximum Velocity,2001-06-12,3.37,86,Racing,"F-Zero: Maximum Velocity is a futuristic racing video gamedeveloped by NDcube and published by Nintendo for the Game Boy Advance.The game was released in Japan, North America and Europe in 2001. It is the first F-Zero game to be released on a handheld game console.",https://images.launchbox-app.com/1e38b0a9-0399-41e1-acba-95281fb6a1a3.jpg
Banjo-Kazooie: Grunty's Revenge,2003-09-10,3.37,72,Action,"Banjo-Kazooie: Grunty's Revenge is a 2003 platform game by Rare for Nintendo's Game Boy Advance (GBA). It is the third instalment in the Banjo series and a spinoffthat takes place between the events of the Nintendo 64 (N64) games Banjo-Kazooie (1998) and Banjo-Tooie (2000). In Grunty's Revenge, the evil witch Gruntilda travels back in time to prevent the events of Banjo-Kazooie from happening, and the bear Banjo and his bird friend Kazooie set out to stop her. Grunty's Revenge retains the focus on collecting items and most of the other game mechanics from its predecessors, but is presented in 2D rather than 3D. Aside from the main game, players can also access minigames such as fishing and target shooting.",https://images.launchbox-app.com/680585c1-f97a-4a9d-b132-edbf8e7b83fb.jpg
Dogz,2005-11-17,3.35,48,Simulation,"Petz (Dogz and Catz) is a series of single-player video games dating back to 1995, in which the player can adopt, raise, care for and breed their own virtual pets. The original Petz has sold over 1.5 million copies worldwide and the brand has grown to over 22 million copies since coming under Ubisoft.",https://images.launchbox-app.com/4826c5d3-3e8c-41e7-a76e-643230f4905c.jpg
Contra Advance: The Alien Wars EX,2002-11-03,3.35,70,Action,"Konami released a second portable version of Contra III in 2002 for the Game Boy Advance titled Contra Advance: The Alien Wars EX, which was released in Japan as Contra: Hard Spirits (魂斗羅 ハードスピリッツ). Two players can play co-cooperatively through the use of the GBA Game link Cable. Unlike the original Super NES game and the previous Game Boy adaptation, Contra Advance was released in Europe and Australia under the Contra name without the Probotector title and robotic characters. The designers made changes to many of the features of the original game due to the Game Boy Advance's lack of XY buttons. The mega bombs and the ability to wield two weapons were removed, but the player can now lock their character's aim like in Contra: Shattered Soldier(allowing the player to move anywhere while shooting at one direction) and is given a choice to revert to their previously held weapon when picking a new one. The top-view stages (Stage 2 and 5) from the original Super NES game were replaced with two stages from Contra: Hard Corps(the Military Train and Big Battle stages). This version only has two difficulty levels, Easy and Normal, with Easy mode cutting the game's length at the end of the fourth stage.",https://images.launchbox-app.com/2ba54304-e3f0-4593-b477-64bb2beb4063.jpg
Mortal Kombat: Deadly Alliance,2002-11-20,3.34,81,Action,"Mortal Kombat: Deadly Alliance (MK:DA) is a fighting video game developed and published by Midway for the Xbox, PlayStation 2, GameCube, and Game Boy Advance. It was the first all-new Mortal Kombat fighting game produced exclusively for home consoles, with no preceding arcade release. Deadly Alliance is chronologically the fifth main game in the Mortal Kombat series. Its story focuses on the titular alliance between sorcerers Quan Chi and Shang Tsung and their schemes to revive an ancient army to conquer Outworld and Earthrealm.",https://images.launchbox-app.com/267748c5-9a7c-4540-ada4-dd6e170597e3.png
Lara Croft - Tomb Raider: The Prophecy,2002-11-12,3.34,66,Action Adventure,"Tomb Raider: The Prophecy is an action-adventure video gamereleased in November 2002 for the Game Boy Advance, part of the Tomb Raider franchise. It was developed by Ubi Soft Milan, and published by Ubi Soft under license from Eidos Interactive.",https://gamefaqs.akamaized.net/box/4/3/1/19431_front.jpg
The SpongeBob SquarePants Movie,2004-10-27,3.34,,Action,"The SpongeBob SquarePants Movie is a 2004 video game based on the animation movie of the same name. The game was released on the PlayStation 2, Xbox, GameCube, Microsoft Windows and the Game Boy Advance. The PlayStation 2, Xbox, and GameCube versions were developed by Heavy Iron Studios. The Game Boy Advance version was developed by WayForward Technologies. The Microsoft Windows version was developed by AWE Games. Most of the film's cast reprise their roles.",https://images.launchbox-app.com/731e1cb5-658d-465f-a0ac-d05297c0b747.jpg
Mega Man: Battle Chip Challenge,2004-03-03,3.34,54,Strategy,"Mega Man Battle Chip Challenge, known in Japan as Rockman EXE Battle Chip GP (ロックマンエグゼ バトルチップGP), is a video gamedeveloped by Inti Createsand published by Capcomfor the Game Boy Advance(GBA) handheld game console. It is a spin-off title in the Mega Man Battle Network series. The game saw a simultaneous August 8, 2003 release in Japan on the WonderSwan Colorand Swan Crystal titled Rockman EXE N1 Battle(ロックマンエグゼ N1バトル). The GBA version was localized in North America and Europe the following March. It was released on the Wii U's Virtual Console on July 30, 2014 in Japan, with both the North American and PAL region release occurring in August 2014.",https://images.launchbox-app.com/3ac6b68b-a11a-46a9-b6db-8f39db6450d9.jpg
Shrek 2,2004-04-28,3.32,72,Action,"Shrek 2 (also known as Shrek 2: The Game and ported for the PC as Shrek 2: Team Action) is an action-adventure video game published by Activision and released in 2004. The game was developed by Luxoflux for the PlayStation 2, Xbox and GameCube, while a version for PC was developed by KnowWonder.",https://images.launchbox-app.com/8f75bb18-7745-4477-a1e4-57d0770898d5.jpg
Digimon Battle Spirit,2003-11-13,3.32,60,Action,Digimon Battle Spirit is a fighting video game originally published by Bandai and developed by Dimps for the Japanese-only WonderSwan Colorhandheld system under the name Digimon Tamers: Battle Spirit (デジモンテイマーズ バトルスピリットDejimon Teimāzu Batoru Supiritto). It was later ported to Nintendo's Game Boy Advance for international releases in North America and Europetwo years later.,https://images.launchbox-app.com/085d26c4-763f-4b11-ba61-34012116cb0e.png
Guilty Gear X Advance Edition,2002-08-29,3.31,67,Action,"Guilty Gear X (Japanese: ギルティギア ゼクスHepburn: Giruti Gia Zekusu), subtitled By Your Side in Japan, is a fighting game developed by Arc System Works and published by Sammy Studios. The second installment of the Guilty Gear series, Guilty Gear Xwas developed over a period of about two years after the first game's success. It was released in July 2000 for Japanese arcades, re-released on Dreamcast in December 2000, and later ported to PlayStation 2 in November 2001 and Game Boy Advance in January 2002.",https://images.launchbox-app.com/e03a9ea0-069f-46f9-857a-f4f193369bc4.jpg
Yu-Gi-Oh! Dungeon Dice Monsters,2003-02-12,3.3,67,Strategy,"Dungeon Dice Monsters, or DDM for short, is a board game in the anime created by Duke Devlin from Yu-Gi-Oh!. It is seen in the manga and in the anime",https://images.launchbox-app.com/bdf1fba3-6516-402c-8632-bdc5a574d390.jpg
Mobile Suit Gundam Seed: Battle Assault,2004-08-10,3.3,57,Action,"In 2004, Mobile Suit Gundam Seed: Battle Assault was released for the Game Boy Advance and featured units exclusively form the then-recent localization of Mobile Suit Gundam SEED. The units included all the Gundams from the show sans the Providence, as well as Rau Le Creuset's CGUE and the Gundam Astray Red Frame. It was released exclusively in the US.",https://images.launchbox-app.com/25adaabb-b869-416b-9d96-f5beadc2c0d0.png
Earthworm Jim,2001-06-10,3.3,72,Action,"Earthworm Jim is a 1994 run and gun platform gamedeveloped by Shiny Entertainment, featuring an earthworm named Jim, who wears a robotic suit and battles evil. The game was released for the Sega Genesis, and subsequently ported to a number of other video game consoles.",https://images.launchbox-app.com/e45db89f-19c1-4fd4-9bd5-4456b522194f.jpg
Classic NES Series: Ice Climber,2004-06-02,3.29,66,Action,"Ice Climber is a verticalplatform video game developed and published by Nintendo for the Nintendo Entertainment System in 1985. In Ice Climber, the characters Popo and Nana, collectively known as the Ice Climbers, venture up 32 ice-covered mountains to recover stolen vegetables from a giant condor. In some European countries, the NES console was sold bundled with the game, increasing Ice Climber's familiarity outside Japan.",https://images.launchbox-app.com/07f10dfa-7c0b-4a03-9249-e59e5efb0620.jpg
Godzilla: Domination!,2002-11-11,3.29,53,Action,Godzilla: Destroy All Monsters Melee is a fighting game developed by Pipeworks Software and published by Infogramesunder the Atari brand for GameCube in 2002. A similar but different game was later released for Game Boy Advance as Godzilla: Domination! A version for the Xbox with additional content was released in 2003. A PlayStation 2 version was also made,https://images.launchbox-app.com/b5525c28-e46e-4c60-aad8-7a83eaac6d79.jpg
Crash Nitro Kart,2003-11-11,3.29,77,Racing,"Crash Nitro Kart is a racing video gamedeveloped by Vicarious Visions and published by Universal Interactive. The Game Boy Advance, GameCube, PlayStation 2, Xbox versions were released in North America on November 11, 2003 and in Europe on November 28, 2003; The N-Gageversion of the game was released in Europe on June 30, 2004 and in North America on July 28, 2004. The Mobile version was released on September 20, 2004. The PlayStation 2 version was re-released in the three-disc ""Crash Bandicoot Action Pack"" compilation (alongside Crash Twinsanity and Crash Tag Team Racing) in the United States on June 12, 2007 and in Europe on July 20, 2007. It was the last Crash Bandicoot game released under the Universal Interactive label, which parent company Vivendi Universal Games would scrap after the release of this game.",https://images.launchbox-app.com/a8215174-19d7-4bab-8e40-f88c55f5cef1.jpg
Super Monkey Ball Jr.,2002-11-19,3.29,82,Puzzle,"Super Monkey Ball Jr. is a platform game, part of the Super Monkey Ball series, developed by Realism and published by THQ for the Game Boy Advance. It is one of the few games on the system to make use of its 3D graphics capabilities.",https://images.launchbox-app.com/b3264efa-057c-4157-a188-79e601b3ced9.jpg
Yu Yu Hakusho - Ghost Files: Tournament Tactics,2004-11-18,3.28,,Strategy,"Yu Yu Hakusho: Tournament Tactics is a video game for the Game Boy Advance. It is based on the manga and animeseries YuYu Hakushocreated by Yoshihiro Togashi. The plot follows the protagonist Yusuke Urameshi, a teenage delinquent who dies in an accident and is brought back to life as a ""Spirit Detective"", a protector of the living world. Tournament Tacticsspecifically adapts the Dark Tournament story arc of the manga, in which Yusuke and his companions participate a deadly, demon martial arts competition.",https://gamefaqs.akamaized.net/box/8/5/8/62858_front.jpg
Dynasty Warriors Advance,2005-08-29,3.27,56,Action,"Dynasty Warriors Advance (真・三國無双 Advance Shin Sangoku Musō Adobansu, Shin Sangokumusou Advancein Japan) is a video gamefor the Game Boy Advanceportable handheld system, part of the Dynasty Warriors series. The game was published by Nintendo, and developed by Koeiusing their external development company Omega Force. It was released on August 29, 2005.",https://images.launchbox-app.com/a866c331-3286-44e2-baed-d4f02875f806.jpg
Yoshi Topsy-Turvy,2005-06-13,3.25,60,Action,"Yoshi's Universal Gravitation, known as Yoshi Topsy-Turvy in North America, is a platform game for the Game Boy Advance that was developed by Artoonand published by Nintendo. It features a built-in tilt sensor, which is used to manipulate the game's environment. By tilting the Game Boy Advance left or right, the player can tilt the game area, causing enemies and other objects to slide as the direction of gravity changes. This gameplay mechanic is used to solve puzzles or aid Yoshi in completing levels. While possible, the tilt sensing device makes playing on a Game Boy Player for the Nintendo GameCube very difficult, as it requires the player to tilt the entire system to move the cartridge. The game received mixed reviews.",https://images.launchbox-app.com/cc32c55e-9a04-45e4-853e-3d63faddfea6.jpg
Duel Masters: Kaijudo Showdown,2004-11-16,3.24,66,Miscellaneous,"The Duel Masters Trading Card Game is a two-player or two vs. two team collectible card game (CCG) jointly developed by Wizards of the Coast, Shogakukan, and Mitsui & Co. The card game is part of the Duel Masters franchise.",https://images.launchbox-app.com/7cc420fd-4672-40f1-8d69-36946aeb4266.jpg
Harry Potter and the Goblet of Fire,2005-11-08,3.24,71,Action Adventure,"Harry Potter and the Goblet of Fire is an action-adventure video gamebased on the film Harry Potter and the Goblet of Fire, which in turn is based on J. K. Rowling's Harry Potter and the Goblet of Fire, the fourth novel in the Harry Potter series. The game was released in 2005 to coincide with the release of the film of the same name, for Game Boy Advance, GameCube, Microsoft Windows, Nintendo DS, PlayStation 2, Xbox, and PlayStation Portable.",https://images.launchbox-app.com/470b334a-7ae6-4351-90a9-bf249e4a6118.jpg
Digimon Battle Spirit 2,2003-09-24,3.23,63,Action,"Digimon Battle Spirit 2 is a fighting video game for Game Boy Advance developed by Dimps and published by Bandai based on the fourth season of the Digimon anime, Digimon Frontier. It was originally released in Japan for the WonderSwan Colorhandheld in December 2002 under the title Battle Spirit: Digimon Frontier(バトルスピリット デジモンフロンティア Batoru Supiritto Dejimon Furontia). The game was later ported to the Game Boy Advancefor Western audiences, released in North America in September 2003, and Europe in August 2004.",https://images.launchbox-app.com/6bf6898e-b66c-4014-8a93-2d3735454d51.png
Shining Soul,2003-09-16,3.22,58,Role-Playing,"Shining Soul is an action role-playing gamefor the Game Boy Advance. It is part of the Shining series. Shining Soul is a reboot of the Shining series. The game was followed by a sequel, Shining Soul II, in 2003. Both games were re-released in Japan in early 2006 as part of the Game Boy Advance ""Value Selection.""",https://images.launchbox-app.com/e5fb0937-fcec-475d-81a2-d8fd9a2c24d4.jpg
SpongeBob SquarePants: Battle for Bikini Bottom,2003-10-31,3.22,,Action,"SpongeBob SquarePants: Battle for Bikini Bottom is a platformvideo game based on the animated series SpongeBob SquarePants, developed by Heavy Iron Studios, AWE Games, and Vicarious Visions, and published by THQ. The game was released for the PlayStation 2, Xbox, and Nintendo GameCubeconsoles as well as separate versions for Microsoft Windows and Game Boy Advance. The Microsoft Windows version of the game is a point-and-click adventure game, whereas the 6th generation consoles received a 3D platformer. The Game Boy Advance version received a 2D platformer.",https://images.launchbox-app.com/a0267bf5-32b3-454a-ac64-7470379668e6.jpg
Banjo-Pilot,2005-01-12,3.22,68,Racing,"Banjo-Pilot is a 2005 kart racing video game for the Game Boy Advance (GBA) and the fourth instalment in Rare's Banjo-Kazooieseries. It plays similarly to the Mario Kart series by Nintendo: the player races one of nine playable characters around tracks, attacking other racers with bullets and collecting power-ups. The game features a number of single-player and multiplayer modes, such as time attack and item hunts. Unlike other kart racing games, characters control airplanes instead of go-karts. Rare and Nintendo announced Banjo-Pilot at E3 2001 under the title Diddy Kong Pilot. At this point, it was the sequel to Rare's Diddy Kong Racing (1997), and featured characters from Nintendo's Donkey Kong and Mario series.",https://images.launchbox-app.com/e89f7832-a6be-4fec-ba51-e99829c81cc3.jpg
Lady Sia,2001-10-15,3.22,73,Action,"Lady Sia is a platform game with action-adventure elements made by RFX Interactive for the Game Boy Advance. It was published by TDK Mediactive, released in the USA on October 15, 2001, and released in Europe on October 19, 2001. Lady Siais one of the few original games produced by RFX Interactive. The game takes place in a fantasy world where the player assumes the role of the She-Ra/Xena-esque warrior princess, Lady Sia. It is her task to defeat the T'soas, a race of creatures created by the evil warlock Onimen who has declared war on the other realms. Her quest leads her through four different realms, the last one being the home continent of the T'soas themselves. A sequel was planned for the GBA in 2003 but was cancelled due to lack of interest and funding.",https://images.launchbox-app.com/ac5435d9-5ed3-425e-87a8-81c9ea363017.jpg
The Incredibles,2004-10-31,3.22,55,Action Adventure,"The Incredibles is an action-adventure video game based on the 2004 film of the same name by Disney and Pixar. The game's music was composed by Michael Giacchino, who also scored the film. Samuel L. Jackson(Frozone/Lucius Best), Spencer Fox (Dash), Sarah Vowell (Violet), and Jason Lee (young Buddy Pine; Syndrome is absent from the game on the console and PC versions aside from scenes directly taken from the film) are the only actors to reprise their roles from the film, with the rest of the cast, including Craig T. Nelson and Holly Hunter, being replaced with other voice actors - the original movie dialogue and can be heard in cutscenes taken directly from the film.",https://images.launchbox-app.com/b04efda7-4703-4ac5-aef6-dbdb3bab2a20.jpg
Pirates of the Caribbean: The Curse of the Black Pearl,2003-05-19,3.21,49,Action Adventure,"Pirates of the Caribbean: The Curse of the Black Pearl is a 2003 video game prequel to the film of the same name, developed by British company Pocket Studios.",https://images.launchbox-app.com/634c4e33-2521-4b11-80c3-bec02b3c20c7.jpg
Love Hina Advance: Shukufuku no Kane wa Harukana,2001-09-07,3.19,,Adventure,"The series has seen several video games released across several platforms. The Game Boy Color received Love Hina Pocket on August 4, 2000, and Love Hina Party on January 26, 2001. The Game Boy Advance received Love Hina Advance on September 7, 2001. The Sega Dreamcast received Love Hina: Totsuzen no Engeji Happening on September 28, 2000 and Love Hina: Smile Again on March 29, 2001. The Sony PlayStation received Love Hina 1: Ai wa Kotoba no Naka ni on September 28, 2000 and Love Hina 2: Kotoba wa Konayuki no Yō ni on November 30, 2000. The Sony PlayStation 2 received Love Hina: Gojasu Chiratto Happening on May 22, 2003.",https://images.launchbox-app.com/6c07e547-c34b-4648-b705-942875b1740d.jpg
Spider-Man 2,2004-06-24,3.19,65,Action,"Spider-Man 2 is a 2004 open world action-adventure video game in various iterations based on the film of the same name, also incorporating additional material from the comic books. They are follow-ups to the game Spider-Man: The Movie, itself based on the 2002 film. Published by Activision, the console versions were developed by Treyarch, but the other versions had different developers.",https://gamefaqs.akamaized.net/box/6/6/4/53664_front.jpg
The King of Fighters EX: Neo Blood,2002-,3.19,80,Action,"The King of Fighters(KOF) is a series of fighting games by SNK that began with the release of The King of Fighters '94 in 1994. The series was developed originally for SNK's Neo Geo MVSarcade hardware. This served as the main platform for the series until 2004 when SNK retired it in favor of the Atomiswavearcade board. Two King of Fighters games were produced for the Atomiswave platform (The King of Fighters Neowaveand The King of Fighters XI) before SNK decided to discontinue using it for the series. The series' most recent arcade hardware is the Taito Type X2, first used with the release of The King of Fighters XII. Ports of the arcade games and the original The King of Fighters games have been released for several video game consoles. The latest entry in the series, The King of Fighters XIV, was released for PlayStation 4 and Microsoft Windows in 2016. The next game, The King of Fighters XV, is set to be released sometime in 2020.",https://images.launchbox-app.com/5c337a7a-886f-4398-9619-3f15a13de9a9.png
Digimon Racing,2004-09-13,3.18,62,Racing,"Digimon Racing is a racing video gamedeveloped by Griptonite Games and published by Bandai (now Namco Bandai Games) for the Game Boy Advance. Part of the Digimon media franchise and video game series, it utilizes Digimon's characters and elements. Its gameplay largely resembles that of traditional racing games, but also utilizes elements of kart racing and action games. Its eleven playable characters can be increased to over 40 via Digivolution.",https://images.launchbox-app.com/4deb412e-d1a9-4f7a-90c0-2ae6152eea95.jpg
Tekken Advance,2002-01-28,3.18,82,Action,"Tekken Advance is a fighting game released for the Game Boy Advance. It is non-canonical to the Tekken storyline, but follows the events of Tekken 3. It uses sprites based on Tekken 3's 3D models for its characters. It was the first Tekken game to be released on a Nintendo platform.",https://images.launchbox-app.com/c6b91b90-697d-4ef5-8459-cbcffb574cb1.jpg
Mario Party Advance,2005-03-28,3.17,54,Miscellaneous,"Mario Party Advance is a party video gamedeveloped by Hudson Softand published by Nintendofor the Game Boy Advance. Released in 2005, it is the first handheld game in the Mario Partyseries, and differs from other titles in that the game is mostly single-player. Mario Party Advance was followed by Mario Party DSfor the Nintendo DS in 2007, and was re-released on the Wii U Virtual Console in 2014.",https://images.launchbox-app.com/91a9f997-be7b-4cbc-8d44-fdf6bf0c1aab.jpg
Yu-Gi-Oh! Reshef of Destruction,2004-06-24,3.17,61,Strategy,"Yu-Gi-Oh! Reshef of Destruction, known in Japan as Yu-Gi-Oh! Duel Monsters 8: Great Evil God of Destruction (遊戯王デュエルモンスターズ８ 破滅の大邪神), is a Game Boy Advance game by Konami based on the Yu-Gi-Oh! franchise. Reshef of Destruction is loosely based on the anime and is the sequel to The Sacred Cards, picking up sometime after the events of Battle City.",https://images.launchbox-app.com/64364d69-40bf-4417-98e0-6da981468f6c.jpg
Harry Potter and the Chamber of Secrets,2002-11-05,3.16,76,Action Adventure,Harry Potter and the Chamber of Secrets is an action-adventure video game published by Electronic Arts based on J.K. Rowling's novel Harry Potter and the Chamber of Secrets and the film of the same name. It was the second to last game released for the Game Boy Color in North America. and also the last Harry Potter game to be released on the PlayStation.,https://images.launchbox-app.com/7702ff6f-d99e-4f58-88cf-c4dccc606b53.jpg
Spyro: Season of Ice,2001-10-29,3.15,74,Action,Spyro: Season of Ice is a platform game developed by Digital Eclipse and published by Universal Interactive Studios for the Game Boy Advance. It acts as an alternate sequel to the first three games along with Spyro 2: Season of Flame and Spyro: Attack of the Rhynocs.,https://images.launchbox-app.com/8c1726b7-d4f7-4623-88ac-986bf3ffab4f.jpg
Iridion 3D,2001-05-29,3.15,53,Action,"Iridion 3D is a quasi-3Drail shooter video gamedeveloped by Shin'en. A launch title for the Game Boy Advance portable game console, it was released in North America on June 11, 2001 and in Europe on September 21 the same year. Influenced by the Commodore 64game Uridium, the game features a single starshipfighting the alien Iridion, who have attacked Earth. Iridion spans seven levels from Earth to the aliens' home planet, each with a fixed linear path that ends with a boss.",https://images.launchbox-app.com/ea8f3b09-e91a-4188-8e78-f2985e679954.jpg
Naruto: Ninja Council 2,2006-10-04,3.15,55,Action,"Naruto: Ninja Council 2(known as Naruto: Saikyō Ninja Daikesshu 2 (ＮＡＲＵＴＯ－ナルト- 最強忍者大結集2 lit. ""Naruto: Great Council of the Strongest Ninja 2"") in Japan) is an action video game, released for Game Boy Advance and is the second installment in the Ninja Council series. It is based on the popular manga and anime series Naruto by Masashi Kishimoto and is developed by Aspect and Tomy and published by D3 Publisher and Tomy.",https://images.launchbox-app.com/c19ff37d-3a82-4897-839b-a13d308d091d.jpg
The Hobbit: The Prelude to the Lord of the Rings,2003-11-11,3.15,67,Action Adventure,"The Hobbit is a 2003 platform/action-adventurevideo game developed by Inevitable Entertainment for the GameCube, PlayStation 2 and Xbox, by The Fizz Factor for Microsoft Windows and by Saffire Corporation for the Game Boy Advance. It was published on all platforms by Sierra Entertainment. In North America, the game was released on all platforms in November 2003. In Europe, it was released for the Game Boy Advance in October and for all other systems in November.",https://images.launchbox-app.com/5d8ba195-4af8-4dbe-a491-61a08ed93cd5.jpg
Duel Masters: Sempai Legends,2004-06-01,3.13,69,Strategy,"The Duel Masters Trading Card Game is a two-player or two vs. two team collectible card game (CCG) jointly developed by Wizards of the Coast, Shogakukan, and Mitsui & Co. The card game is part of the Duel Masters franchise.",https://images.launchbox-app.com/7b6ede9f-1983-42f0-b3bf-7ae0b4601715.png
DemiKids: Light Version,2003-10-06,3.13,62,Role-Playing,"DemiKids Light Version is part of a duology with DemiKids Dark Version, developed by Multimedia Intelligence Transfer. The two games together make up a second generation of Devil Childrengames. Unlike many other multi-version games, there are a large number of changes between Dark Version and Light Version. The DemiKids games were also the first to receive a Shin Megami Tenseibanner in North America.",https://images.launchbox-app.com/4e424fc4-a11e-40c9-870b-49f16c692fac.jpg
007: NightFire,2003-03-18,3.12,66,Action,"James Bond 007: Nightfire is a first-person shooter video gamefeaturing the character of the British secret agent James Bond and a sequel to Agent Under Fire, published by Electronic Arts in 2002. Nightfire was developed by Eurocom for the GameCube, PlayStation 2, and Xboxvideo game consoles, while Gearbox Softwaredeveloped the game for Microsoft Windows using the GoldSrc engine. Aspyrlater re-released the game for the macOS. The computer versions are substantially different from the console versions, featuring different missions and a modified story line. In 2003, Electronic Arts released Nightfire for the Game Boy Advance (GBA), developed by JV Gamesand also featuring different missions and a modified story line from the console and computer versions.",https://images.launchbox-app.com/2cd1a120-7868-4b2e-8fc3-b8f9bae336e8.jpg
SpongeBob SquarePants: Revenge of the Flying Dutchman,2002-09-10,3.12,71,Action,"SpongeBob SquarePants: Revenge of the Flying Dutchman is a video game based on the animated series SpongeBob SquarePants, developed by Vicarious Visions and BigSky Interactive, Inc. and published by THQ for the GameCube and PlayStation 2 home video game consoles, and the portable Game Boy Advance video game console. It was the last game to be developed by BigSky Interactive, Inc. The game was released in North America in late 2002, while in Europe it was released in 2003. The Game Boy Advance version was also released on a Twin Pack cartridge bundled with SpongeBob SquarePants: SuperSponge in 2005.",https://images.launchbox-app.com/6a43e4a0-04b5-4169-a400-76fb33abd852.jpg
The Simpsons: Road Rage,2003-06-30,3.11,55,Racing,"The Simpsons: Road Rage is a 2001 video game based on the animated television series The Simpsons, and is part of a series of games based on the show. It was released for PlayStation 2, Xbox and GameCube. A Game Boy Advance version was released in 2003. The Simpsons: Road Rage was later added to the Backwards Compatibility program of the Xbox 360 for original Xbox games.",https://images.launchbox-app.com/b4aa0052-3e13-4a48-bb31-0431d713d000.jpg
Dragon Ball GT: Transformation,2005-08-09,3.1,69,Action,"Dragon Ball GT: Transformation is a side-scroller beat 'em up video game developed by Webfoot Technologies and published by Atari for the Game Boy Advance in North America. The story takes place during the ""Black Star Dragon Balls"" and ""Baby"" story arcs of the anime series Dragon Ball GT. Transformation was re-released in 2006 as part of a Game Boy Advance two-pack, which includes Dragon Ball Z: Buu's Furyon the same cartridge.",https://images.launchbox-app.com/4b56b754-473c-451e-a8fd-5493377e0dc4.jpg
Frogger's Adventures: Temple of the Frog,2001-11-24,3.1,73,Action,Frogger's Adventures: Temple of the Frog is a video game released in North America in 2001 for the Game Boy Advance.,https://images.launchbox-app.com/dd7fdf17-635f-4454-be7e-443cdce8ed8a.jpg
LEGO Bionicle,2001-10-03,3.1,,Action Adventure,"Bionicle (also known as Bionicle: The Game) is an action-adventure video game released in 2003. The game is based on parts of the movie Bionicle: Mask of Light and other parts of the Bionicle storyline. Initially, the game was supposed to make each Toa, Toa Nuva, and the Toa of Light playable, but due to deadlines, much of the game was dropped. However, all of the characters are playable in the Game Boy Advance version. The Mac OS Xversion of the game was released by Feral Interactive.",https://images.launchbox-app.com/43e51a71-cd46-44de-a08f-910d819a1085.jpg
Naruto: Ninja Council,2006-03-07,3.09,60,Action,"The Naruto: Ninja Councilseries, known in Japan as Naruto: Saikyō Ninja Daikesshū(ＮＡＲＵＴＯ－ナルト- 最強忍者大結集), is a series of action games based on the manga and anime series Naruto by Masashi Kishimoto. They are developed by Aspect Co. and published by Tomy. Various installments of the series have appeared on both Nintendo's Game Boy Advanceand Nintendo DS, the first two games in the series available for the former while the rest are available on the latter.",https://images.launchbox-app.com/a754e9f4-46de-4434-9fac-621bf3402491.jpg
Robotech: The Macross Saga,2002-10-27,3.09,61,Action,"Robotech: The Macross Saga is a side-scrollingshoot 'em up for the Game Boy Advance handheldsystem, developed by Lucky Chicken Games and published by TDK Mediactive. This title was released during a renaissance of Robotechvideo games, where struggling projects were no longer cancelled and actually made it to market.",https://images.launchbox-app.com/714ef358-c1ef-43e0-926b-1b736be400f5.jpg
"The Chronicles of Narnia: The Lion, The Witch and The Wardrobe",2005-11-14,3.09,66,Action Adventure,"The Chronicles of Narnia: The Lion, the Witch and the Wardrobe is an action-adventure game released in 2005 by Traveller's Tales. The game is based on the novel-adapted movie of the same name. It was released in November before the movie for most major consoles including the GameCube, PC, Xbox, PlayStation 2, Nintendo DS, and Game Boy Advance.",https://images.launchbox-app.com/4b83cfd2-377c-4d6c-a858-e2ec5d7af051.jpg
Star Wars: The New Droid Army,2002-11-14,3.09,60,Action,Star Wars: The New Droid Army is a video game for the Game Boy Advance featuring Anakin Skywalker prior to his fall to the dark side and transformation into Darth Vader in Revenge of the Sith.,https://images.launchbox-app.com/1d909fd2-20b6-439f-abe7-aef60845bc66.jpg
Beyblade G-Revolution,2004-11-18,3.09,40,Action,"Beyblade: G-Revolution is a video game created for Nintendo's Gameboy Advance system by Atari on November 18, 2004. The game is based on the anime of the same name.",https://images.launchbox-app.com/37fc8169-6922-4307-b96d-6ee6405fd7cc.jpg
SpongeBob SquarePants: SuperSponge,2001-11-05,3.06,,Action,"SpongeBob SquarePants: SuperSponge is a 2001 2D platform gamedeveloped by Climax Development and published by THQ. The game is based on the Nickelodeon cartoon series of the same name. It was released for PlayStation on November 5, 2001 and for Game Boy Advance on November 8, 2001. The Game Boy Advance version was also released on a Twin Pack cartridge bundled with SpongeBob SquarePants: Revenge of the Flying Dutchman and a Triple Pack cartridge bundled with Tak and the Power of Juju and Rugrats: I Gotta Go Party in 2005.",https://images.launchbox-app.com/d3a4f550-5fb8-474d-9416-b7fccac64916.jpg
Grand Theft Auto,2004-10-26,3.05,68,Action Adventure,"Grand Theft Auto (GTA) is an action-adventure video game series created by David Jones and Mike Dailly; the later titles of which were created by brothers Dan and Sam Houser, Leslie Benzies and Aaron Garbut. It is primarily developed by British development house Rockstar North (formerly DMA Design), and published by its parent company, Rockstar Games. The name of the series references the term ""grand theft auto"", used in the U.S. for motor vehicle theft.",https://images.launchbox-app.com/4480f4dd-82a4-4e05-8952-feab0d00e775.jpg
DemiKids: Dark Version,2003-10-07,3.03,,Role-Playing,"Shin Megami Tensei: Devil Children, also known as DemiKids, is a series of role-playing video games primarily developed by Multimedia Intelligence Transfer and published by Atlus. It is a spin-off from Atlus' Megami Tenseifranchise, and began in 2000 with the Game Boy Color games Black Bookand Red Book. Five more role-playing games and three games in other genres were released until 2004, followed by no new releases until the 2011 social game Shin Megami Tensei: Devil Children. In addition to the games, the series has been adapted into manga, anime, and a trading card game, and two soundtrack albums have been released by First Smile Entertainment.",https://images.launchbox-app.com/7b4962ea-36c5-4c4a-af10-363305eb422b.jpg
Catz,2006-03-22,3.02,,Simulation,"Catz is a pet simulation game that lets owners name, train and play with adorable kittens. Players adopt from thirteen kitten breeds, care for their pet by feeding and grooming, purchase toys and accessories, and interact through realistic sound effects like purring and various meows.",https://images.launchbox-app.com/8c6c2a07-4625-456e-bdbd-529d3a548ba7.jpg
Crash Bandicoot Purple: Ripto's Rampage,2004-06-03,2.99,67,Action,"Crash Bandicoot Purple: Ripto's Rampage and Spyro Orange: The Cortex Conspiracy are two platform gamespublished by Vivendi Universal Games. They are developed by Vicarious Visions for the Game Boy Advance. They were released in North America on June 3, 2004, and in Europe on June 25, 2004 under the names Crash Bandicoot Fusion and Spyro Fusion.",https://images.launchbox-app.com/f9ff1761-513e-4a15-9e70-f5138d0837ca.jpg
Harry Potter: Quidditch World Cup,2003-10-28,2.98,53,Sports,"Harry Potter: Quidditch World Cup is a 2003 sports action video gamethat features the fictional sport of Quidditch from J. K. Rowling's Harry Potterfranchise, using the likeness from the films. The user plays in the HogwartsQuidditch Cup competition.",https://images.launchbox-app.com/eb2a0a48-4555-42ec-bcd1-b3a2a7aa4bae.jpg
Avatar: The Last Airbender,2006-10-10,2.98,64,Action Adventure,"Avatar: The Last Airbender: The Video Game (known as Avatar: The Legend of Aang in Europe) is a video gamebased on the animated television series of the same name. It was released for the Game Boy Advance, Microsoft Windows, Nintendo GameCube, Nintendo DS, PlayStation 2, PlayStation Portable, Wii, and Xbox. The game was followed by a sequel, Avatar: The Last Airbender – The Burning Earth, in 2007.",https://gamefaqs.akamaized.net/box/1/5/7/75157_front.jpg
Harry Potter and the Sorcerer's Stone,2001-11-15,2.96,64,Action Adventure,"Harry Potter and the Philosopher's (Sorcerer'sin the U.S.) Stone is an action-adventure video game with platformelements published by Electronic Arts. It is based on J.K Rowling's novel of the same name and the film adaptation. Philosopher's Stone was initially developed for the Game Boy Advance, Game Boy Color, Microsoft Windows and PlayStationin November 2001, and was re-made two years later for the GameCube, PlayStation 2 and Xbox in December 2003.",https://images.launchbox-app.com/db893a1b-544e-4ff6-8927-a89b0e5d98bc.jpg
X-Men: Reign of Apocalypse,2001-09-25,2.92,61,Action,X-Men: Reign of Apocalypse is a video game for the Game Boy Advance featuring the X-Men comic book characters. It was designed by Digital Eclipse and released by Activision in 2001.,https://images.launchbox-app.com/dc5dd8f2-67c7-440c-8bb6-057357b82431.jpg
Mario Pinball Land,2004-10-04,2.88,62,Action,"Mario Pinball Land, known in Japan and PAL regions as Super Mario Ball, is a pinball video game that was developed by Fuse Games and published by Nintendo for the Game Boy Advanceand released in 2004. It is the ninth Mario game for the Game Boy Advance and is a spin-off of the Super Mario series of games. The game was rereleased to the Wii Uvirtual console on November 27th, 2014.",https://images.launchbox-app.com/cd0ae691-1f30-46af-b12b-f24cfa34084d.jpg
Spyro Orange: The Cortex Conspiracy,2004-06-03,2.88,60,Action,"Crash Bandicoot Purple: Ripto's Rampage and Spyro Orange: The Cortex Conspiracy are two platform gamespublished by Vivendi Universal Games. They are developed by Vicarious Visions for the Game Boy Advance. They were released in North America on June 3, 2004, and in Europe on June 25, 2004 under the names Crash Bandicoot Fusion and Spyro Fusion.",https://images.launchbox-app.com/c269781b-7f05-467b-9fe4-58238fdfd8ce.jpg
Dragon Ball Z: The Legacy of Goku,2002-05-14,2.87,53,Role-Playing,"Dragon Ball Z: The Legacy of Goku is a series of video games for the Game Boy Advance, based on the anime series Dragon Ball Z. All three games are action role-playing games. The first game, Dragon Ball Z: The Legacy of Goku was developed by Webfoot Technologies and released in 2002. The game was followed by two sequels: Dragon Ball Z: The Legacy of Goku II released in 2003, and Dragon Ball Z: Buu's Fury released in 2004. In 2016, Webfoot Technologies announced the start of development of another sequel.",https://images.launchbox-app.com/4e6e9aeb-96ca-4883-8595-a181c31e8b56.png
Disney/Pixar Finding Nemo,2003-05-12,2.86,,Action Adventure,Finding Nemo is an action-adventure video game based on the 2003 film of the same name by Disney and Pixar. It was also the last Pixar game developed by Traveller's Tales until Lego The Incredibles in 2018.,https://gamefaqs.akamaized.net/box/6/3/7/18637_front.jpg
Beyblade VForce: Ultimate Blader Jam,2003-11-18,2.75,,Action,"Beyblade: Super Tournament Battle, also known as Beyblade VForce: Super Tournament Battle and Bakuten Shoot Beyblade 2002: Nettou! Magne-tag Battle! (爆転シュートベイブレード2002 熱闘！マグネタッグバトル！) in Japan is a 2002 role-playing video game.",https://images.launchbox-app.com/fece456c-154a-431d-8e30-3515147f1287.jpg
Yu Yu Hakusho - Ghost Files: Spirit Detective,2003-12-02,2.74,33,Action Adventure,"Yu Yu Hakusho: Spirit Detective is a video gamefor the Game Boy Advance(GBA) handheld console. Based on the manga and anime series YuYu Hakusho created by Yoshihiro Togashi, the plot follows the central character Yusuke Urameshi, a street-brawling, often truantteenager who dies trying to save a young boy's life. After meeting an incarnation of the Grim Reaper, Yusuke is given a second chance at life as a ""Spirit Detective"", a protector of the living world.",https://gamefaqs.akamaized.net/box/1/8/8/57188_front.jpg
Yu-Gi-Oh! Destiny Board Traveler,2004-10-26,2.74,39,Strategy,"Yu-Gi-Oh! Destiny Board Traveler, known as Yu-Gi-Oh! Sugoroku no Sugoroku in Japanese, is a game created by Konami for the Game Boy Advance, based on the Yu-Gi-Oh! manga. In this game, players can compete against computer-controlled opponents or their friends for control of the Destiny Board.",https://images.launchbox-app.com/5676481a-6d2b-420f-9d6c-2183f29b81bd.jpg
Bionicle,2003-09-10,2.54,,Action,"Bionicle (also known as Bionicle: The Game) is an action-adventure video game released in 2003. The game is based on parts of the movie Bionicle: Mask of Light and other parts of the Bionicle storyline. Initially, the game was supposed to make each Toa, Toa Nuva, and the Toa of Light playable, but due to deadlines, much of the game was dropped. However, all of the characters are playable in the Game Boy Advance version. The Mac OS Xversion of the game was released by Feral Interactive.",https://images.launchbox-app.com/0e030264-47ad-4ce6-983e-d65f86f0344a.jpg
The Lord of the Rings: The Fellowship of the Ring,2002-09-24,2.49,51,Action Adventure,"The Lord of the Rings: The Fellowship of the Ring is a 2002 action-adventure video gamedeveloped by WXP for the Xbox. It was ported to the Game Boy Advance by Pocket Studios and the PlayStation 2 and Microsoft Windows by Surreal Software. The game was published by Vivendi Universal Games under their Black Label Games publishing label. In North America, it was released for Xbox and Game Boy Advance in September, and for PlayStation 2 and Windows in October. In Europe, it was released for Xbox, Windows and Game Boy Advance in November, and for PlayStation 2 in December.",https://images.launchbox-app.com/1b4c2a63-60a8-4630-909c-a443b3d5ab38.jpg
Dungeons & Dragons: Eye of the Beholder,2002-10-30,2.47,57,Role-Playing,"Dungeons & Dragons - Eye of the Beholder is a video game released for the Game Boy Advance in 2002, developed by American studio Pronto Games and published by Infogrames. It is an adaptation of the 1991 game of the same name.",https://images.launchbox-app.com/de020617-42fc-4a0a-b3d3-fc78fc2acf08.jpg
Dragon Ball Z: Collectible Card Game,2002-05-29,2.45,62,Strategy,Dragon Ball Z Trading Card Game (originally the Dragon Ball Z Collectible Card Game and the Dragon Ball GT Trading Card Game) is an out-of-print trading card gamebased on the Dragon Ballseries created by Akira Toriyama. The game was produced by Score Entertainment and uses screen captures of the anime to attempt to recreate the famous events and battles seen in the anime.Score then sold the rights to Panini which eventually ceased publishing.,https://images.launchbox-app.com/a4fee84e-41e9-43a0-bbbf-49a6dc31bf47.jpg
Star Wars Episode II: Attack of the Clones,2002-05-30,2.25,38,Action Adventure,Star Wars: Episode II – Attack of the Clones is a video game based on the film. It was announced by THQ and LucasArts in early February 2002 that they would be releasing a game on Game Boy Advance based on the film that would be released that year.,https://images.launchbox-app.com/93d04d3a-a7d5-4289-9fb8-618930622e8e.jpg
Dragon Ball Z: Taiketsu,2003-11-24,2.14,40,Action,"Dragon Ball Z: Taiketsu is a fighting game based on Dragon Ball Z that was released on November 24, 2003, for the Game Boy Advance. It was developed by Webfoot Technologies, who developed the Legacy of Goku series for the same console.",https://images.launchbox-app.com/70aa4b01-2028-4bbb-81b2-91ddaba46a4a.png
Sonic the Hedgehog: Genesis,2006-11-14,1.85,33,Action,"To mark the game's fifteenth anniversary, a port for the Game Boy Advance, Sonic the Hedgehog Genesis, was released on November 14, 2006. While the port is mostly identical to the original, it includes several new features not seen in the original Genesis release, such as the ability to save game progress, a level select option, and inclusion of the Spin Dash move. This version, unlike others, received poor reviews, with a Metacritic score of 33/100. The chief complaints concerned its poor conversion to the Game Boy Advance, resulting in a bad performance and poor implementation of the original music and gameplay.",https://images.launchbox-app.com/63b177cc-0ef4-459b-93ad-f938599973ce.jpg
Mortal Kombat Advance,2001-12-12,1.63,33,Action,"Mortal Kombat Advance is the name given to the Game Boy Advance port of Ultimate Mortal Kombat 3. The game was panned by critics and fans alike. The character roster is the same as its 16-bit counterparts. The Game Boy Advance version features two less buttons than those used in previous versions of UMK3, which resulted in many special move button sequences being consolidated or changed. The violence in this game was toned down due to a younger fan base using the Game Boy Advance (though the game is still rated M for Mature), so blood is seen less in this version of the game. Due to the reduced memory of the Game Boy Advance in respect to 16-bit home consoles, each character (except for Noob Saibot and the bosses) has one Fatality and one Friendship. The Stage Fatalities are completely absent from the game, as well as the final sequence, in which the castle of Shao Kahn explodes and Shao Kahn's Lost Treasures. The Stages The Subway, Jade's Desert and Waterfront were not included. The Street stage, that appeared in Mortal Kombat 3, was included, but not the detail of the papers fluttering. The stage Lost Bridge appears, although not among the stages where you can fight as it appears in the background as you are choosing the Towers of Destiny to fight the computer.",https://images.launchbox-app.com/2af1285c-795d-42db-aeff-f998bc2690eb.jpg
