title,released,gf_score,metascore,genre,description,cover_art_url
Animal Crossing: New Horizons,2020-03-20,,90,Life Simulation,"Escape to a deserted island and create your own paradise in this open-ended life simulation. Gather resources, craft tools, and build your dream home while befriending charming animal villagers. Shape your island however you like - terraform cliffs, create rivers, place furniture outdoors, and design custom patterns. Participate in seasonal events, visit friends' islands online, or invite them to yours. Collect fossils for the museum, catch bugs and fish, grow hybrid flowers, and decorate with thousands of customizable items. With no time limits or ultimate goals, simply enjoy island life at your own pace through the changing seasons.",https://images.launchbox-app.com/6de9a32a-c99d-468d-a6c5-809cb5e819b7.jpg
Astral Chain,2019-08-30,,87,Action,"Command the Legion, your living weapon, in this stylish action game from PlatinumGames. As a rookie officer in the Neuron special police task force, you're humanity's last hope against interdimensional invaders. Chain together devastating combo attacks by simultaneously controlling your character and Legion in real-time. Switch between five different Legion types—each with unique abilities—to adapt your strategy. Investigate crime scenes, solve cases, and uncover the truth behind the chimeras threatening humanity. Features deep combat mechanics, stunning anime-inspired visuals, and a gripping sci-fi story set in a dystopian future where reality itself is under siege.",https://images.launchbox-app.com/43d7a157-3cf4-4926-8976-1d19aa03457e.jpg
Atelier Ryza 2: Lost Legends & the Secret Fairy,2021-01-26,,81,RPG,"Join alchemist Ryza on her second adventure three years after her first journey. Explore ancient ruins scattered across multiple regions, uncovering the mysteries behind a lost civilization and a strange creature. The real-time tactical battle system lets you switch between characters while unleashing powerful skills and items. Gather materials across diverse environments to synthesize tools, weapons, and items through an expanded alchemy system with new synthesis chains. Build your party, master alchemy recipes, and discover the secrets connecting the ruins to Ryza's past. **If you truly need Wii U data:** The game simply doesn't exist on that platform, so all fields would be invalid for a Wii U database. Which platform database are you actually populating?",https://images.launchbox-app.com/aad4ad65-3f39-482c-b19d-d709b4a7a777.jpg
Atelier Ryza 3: Alchemist of the End & the Secret Key,2023-03-24,,82,RPG,"The thrilling conclusion to Ryza's alchemical trilogy. Explore mysterious islands and uncover ancient secrets while mastering an evolved real-time combat system that seamlessly blends action with tactical alchemy. Synthesize powerful items using an enhanced crafting system with unprecedented freedom and complexity. Traverse vast open areas with new exploration keys that unlock hidden paths and treasures. Reunite with beloved companions and meet new allies as you race to save multiple worlds from impending doom. The series' most ambitious adventure features expanded party customization, dynamic environmental puzzles, and the deepest alchemy mechanics yet. **Please clarify**: Are you working on a Nintendo Switch database, or did you actually find evidence this game was on Wii U?",https://images.launchbox-app.com/2d1c6431-e85d-46ac-b66c-b4c831383958.jpg
Atelier Ryza: Ever Darkness & the Secret Hideout,2019-10-29,,75,RPG,"Join alchemist Ryza and her friends in a coming-of-age JRPG adventure filled with vibrant exploration and deep crafting mechanics. Battle monsters in real-time combat, gather materials across lush environments, and master an intricate synthesis system that lets you create powerful items and equipment. Uncover the mysteries of a forgotten island while developing bonds with your companions. Features beautiful anime-style visuals, an engaging story about growing up and friendship, and one of the most rewarding alchemy systems in the Atelier series. **Character count: 578** If you need this data for a different platform or if there's been some confusion about which game or system you're working with, please clarify.",https://images.launchbox-app.com/f3e86a98-1c94-4695-86da-553f351095d8.jpg
Axiom Verge,2017-10-05,3.99,87,Metroidvania,"Explore a vast alien world filled with biomechanical horrors in this acclaimed indie Metroidvania. As scientist Trace, you'll uncover the mysteries of an ancient civilization while battling bizarre creatures with over 60 unique weapons and tools. Glitch through walls, alter enemy behavior with reality-warping abilities, and sequence-break your way through a non-linear map packed with secrets. With retro-inspired visuals, a haunting soundtrack, and one of gaming's most intriguing sci-fi narratives, every discovery raises new questions about this surreal dimension and your role within it.",https://i.postimg.cc/59TKrDyY/643483-front.jpg
Bravely Default II,2021-02-26,,76,RPG,Four new Heroes of Light emerge to restore balance across five kingdoms and return the Crystals to their rightful place. Master the Brave and Default system - store up turns or unleash devastating multi-action combos. Unlock jobs through Asterisks to customize your party with over 20 classes from Vanguard to Pictomancer. Explore diverse environments hand-painted in stunning detail. Turn-based battles feature strategic depth with job combinations creating powerful synergies. Adjust encounter rates and battle speed to suit your playstyle in this return to classic JRPG roots.,https://images.launchbox-app.com/abed8d6a-68d0-4de7-80a2-225ed4744cf1.png
Battle Chasers: Nightwar,2018-05-15,,75,RPG,"Classic JRPG gameplay meets modern presentation in this turn-based adventure. Explore a dangerous overworld, dive into randomly generated dungeons, and battle enemies in strategic combat. Collect legendary weapons, craft powerful gear, and upgrade abilities through a traditional leveling system. Features dungeon crawling with puzzles, traps, and epic boss battles. Build your party from six heroes, each with unique skills and ultimate abilities. Inspired by '90s console RPGs with beautiful hand-drawn comic book aesthetics and deep combat mechanics rewarding careful planning.",https://images.launchbox-app.com/51d791e9-e8bf-4b35-a266-76b190d0aca5.jpg
Bayonetta,2014-09-20,,90,Action,"Step into the bewitching world of Bayonetta, where style and substance collide in spectacular fashion. As the eponymous Umbra Witch with guns strapped to her heels, unleash devastating combos and summon demonic powers to annihilate angels in breathtaking combat sequences. Master the art of Witch Time by dodging at the last possible moment, slowing enemies to a crawl while you unleash punishment. Chain together acrobatic attacks, execute brutal torture attacks, and summon massive demons to devour your foes. With its over-the-top action, deep combat mechanics, and unforgettable protagonist, Bayonetta delivers pure adrenaline-fueled excitement.",https://images.launchbox-app.com/52d670d3-013b-488f-b262-6d66f5782576.jpg
Bayonetta 2,2014-09-20,,91,Action,"The Umbra Witch returns in this fast-paced spectacle fighter that pushes combat to new heights. Battle angelic and demonic forces across multiple realms using an expanded arsenal of weapons and devastating combos. Master Witch Time to slow enemies and unleash punishing attacks, while seamlessly shifting between Earth and the chaotic Inferno. Tag-team online in cooperative mode or test your skills in competitive challenges. Featuring over-the-top action, intricate enemy patterns, and battles that scale from street level to cosmic proportions, this is pure stylish action refined to perfection.",https://images.launchbox-app.com/807be375-2377-4af1-9dc5-9a905be01bff.jpg
Bayonetta 3,2022-10-28,,86,Action,"The Umbra Witch faces her most perilous mission yet as reality-warping entities threaten multiple universes. Command massive Infernal Demons directly in combat, controlling towering beasts while Bayonetta fights alongside them. Master Demon Slave summons to crush enemies, solve environmental puzzles, and unleash devastating tandem attacks. Explore Tokyo and beyond, battling through interdimensional threats with three playable characters, each with unique combat styles. The signature combo system evolves with Demon Masquerade transformations and new weapons. Face apocalyptic bosses spanning entire city blocks in the series' most ambitious spectacle yet.",https://images.launchbox-app.com/e3ee544f-0a89-44c4-8772-3193a6ecc223.jpg
Bayonetta Origins: Cereza and the Lost Demon,2023-03-17,,80,Action-Adventure,"Before becoming the unstoppable Umbra Witch, Cereza was just a young girl lost in a forbidden forest. Team up with the demon Cheshire, bound to her beloved stuffed toy, in this storybook-styled action-adventure prequel. Control Cereza and Cheshire simultaneously to solve environmental puzzles and battle malevolent faeries. Explore the whimsical yet dangerous forest of Avalon through a unique watercolor art style, uncovering the origins of Bayonetta's legend while mastering strategic combat that blends stealth, magic, and brute demon force. If you need this for a **Wii U** database, this game should not be included as it never released on that platform.",https://images.launchbox-app.com/45817b87-afc0-4f6e-8666-1eb255e5c5e9.jpg
Big Brain Academy: Brain vs. Brain,2021-12-03,,73,Puzzle,"Challenge your brain in fast-paced puzzle competitions against friends, family, or players worldwide. Test your skills across five categories: Identify, Memorize, Analyze, Compute, and Visualize. Each activity pushes different cognitive abilities with increasingly tricky challenges. Compete in Ghost Clash mode to race against data from other players, or face off locally in multiplayer matches for up to four players. Track your progress, earn coins to customize your academy, and discover which type of thinker you are. Perfect for quick mental workouts or intense puzzle showdowns.",https://images.launchbox-app.com/2f8ae48d-fbcd-4963-b835-9b5aca4a1ab9.jpg
Captain Toad: Treasure Tracker,2018-07-13,3.92,82,Puzzle,"Guide Captain Toad through miniature diorama-style levels in this charming puzzle adventure. Rotate the camera to reveal hidden paths, collectibles, and secrets as you navigate tricky obstacles without the ability to jump. Solve environmental puzzles, dodge enemies, and collect gems and Super Mushrooms across colorful 3D worlds. The Switch version includes cooperative two-player mode and new levels inspired by Super Mario Odyssey, letting you explore New Donk City and other iconic kingdoms in bite-sized puzzle form. Perfect for players seeking clever spatial challenges wrapped in pure Nintendo magic.",https://i.postimg.cc/6qHVLJD6/3e425ffb-5ca8-4116-a59f-252a2e136e1d.jpg
Cave Story+,2017-07-20,,88,Platformer,"Explore a vast underground world in this beloved indie metroidvania platformer. As an amnesiac robot, navigate treacherous caverns filled with quirky characters and dangerous creatures while uncovering the dark secrets of the floating island. Master precise jumping and shooting mechanics across multiple branching paths that lead to different endings. Features enhanced graphics, remastered music, new challenge modes, and local co-op gameplay. With its tight controls, memorable boss battles, and charming retro aesthetic, this expanded version delivers both nostalgia and fresh content for platforming enthusiasts.",https://images.launchbox-app.com/bf406875-6e2e-49f7-aabe-bf2d3b4cf587.jpg
Child of Light Ultimate Edition + Valiant Hearts The Great War,,,82,,"UNKNOWN_GAME **Reason:** This specific bundle/compilation was not released for Wii U. If you're building a Switch database, I can provide information for the Switch version instead. Or if you need data for the individual Wii U releases of these games, I can provide that as well. Could you clarify which platform's database you're actually populating?",https://images.launchbox-app.com/34cb131b-4fc0-40e4-8514-854a8c4bd996.jpg
Dragon Quest VII: Reimagined,,,83,,"UNKNOWN_GAME If this is actually referring to a different Dragon Quest VII release or variant, please provide clarification and I can help with accurate information.",https://images.launchbox-app.com/5a6db361-96e6-495f-ae5a-4e03ba469757.png
Dead Cells,2018-08-07,,89,Action,"Dead Cells is a roguevania that combines the replayability of roguelikes with exploration-driven progression. Play as a failed alchemical experiment exploring a sprawling, ever-changing castle filled with deadly combat. Master brutal tactical combat with dozens of weapons and abilities. Permanent death means each run teaches you something new, while unlocked shortcuts and upgrades provide meaningful progression. Fluid 2D action combines precise controls with punishing difficulty. Kill, die, learn, repeat. **If you actually need Wii U data:** Please clarify which Wii U game you want me to research, as Dead Cells is not available on that platform.",https://images.launchbox-app.com/df99d5c5-87d6-4aa2-aebf-43b7c077e28a.jpg
Disgaea 5 Complete,2017-05-23,,80,Tactical RPG,"Command an army of eccentric demons and monsters in this deep tactical RPG. Lead Killia and his unlikely allies across the Netherworlds to overthrow the tyrannical Overlord Void Dark. Engage in grid-based battles where positioning, character classes, and creative combo attacks are key to victory. Stack units into towers for devastating team attacks, deploy powerful Revenge mechanics when allies fall, and explore a massive post-game with level caps reaching 9999. Features all DLC from the PS4 original, including additional scenarios, characters, and classes. Whether you're a series veteran or newcomer, expect hundreds of hours of strategic gameplay.",https://images.launchbox-app.com/edfca7da-b2ff-45b3-86d2-46bdfb7ba548.jpg
Disgaea 7: Vows of the Virtueless,2023-10-03,,83,Tactical RPG,"Command a squad of misfits in this over-the-top tactical RPG set in a post-code-of-honor demon world. Deploy up to 45 units simultaneously in grid-based battles, chain attacks for devastating combos, and exploit the Item Reincarnation system to forge ultimate equipment. Features absurd damage numbers reaching billions, extensive character customization, and the series' signature irreverent humor. Includes Hinomoto Rebel storyline with Japanese cultural themes and bushido elements twisted into demonic warfare.",https://images.launchbox-app.com/78f5e885-7305-4e94-8255-95f982855165.jpg
Donkey Kong Country: Tropical Freeze,2014-02-21,,83,Platformer,"Join Donkey Kong and his friends as they battle the invading Snowmads who have frozen DK Island. Swing, jump, and roll through six stunning islands packed with challenging platforming action. Play solo or team up in co-op mode with Diddy Kong, Dixie Kong, and Cranky Kong, each offering unique abilities. Precise controls meet creative level design in this gorgeous side-scrolling adventure featuring dynamic camera angles, rideable mine carts, and barrel-blasting mayhem. Collect hidden puzzle pieces and K-O-N-G letters while grooving to David Wise's incredible soundtrack.",https://images.launchbox-app.com/a7c3a96f-39d2-48f7-a907-e416dacd3475.jpg
DOOM,2017-11-10,,79,First-Person Shooter,"Fight through Hell itself in this relentless first-person shooter. As a lone space marine on Mars, battle hordes of demons using an arsenal of devastating weapons including the iconic Super Shotgun and BFG 9000. Fast, brutal combat rewards aggression—glory kills let you rip demons apart for health while keeping momentum. Push forward through UAC facilities and the depths of Hell in a campaign mixing exploration with intense arena battles. Includes arcade mode and all original DLC multiplayer maps. The complete DOOM experience, anywhere.",https://images.launchbox-app.com/b145c572-8766-45ef-a94a-3a33235db967.jpg
Dragon Ball Xenoverse 2,2017-09-22,,72,Fighting,"Create your own custom warrior and dive into the Dragon Ball timeline as a Time Patroller protecting history itself. Battle through iconic moments from the anime with spectacular 3D arena combat, unleashing devastating combos and signature moves from your favorite characters. Master Ki attacks, transform into powerful forms, and team up with legendary fighters in explosive battles across destroyed cities and alien worlds. Customize your fighter's race, appearance, and abilities as you unlock hundreds of skills and equipment. Features both epic story missions and intense online battles. If you actually need a **Wii U** game entry instead, please clarify which Wii U game you'd like me to research.",https://images.launchbox-app.com/9a29bea2-8cd8-4bde-8088-0b97360c7e95.png
Dragon Quest Builders,2018-02-09,,83,Action RPG,"Build, battle, and save Alefgard in this unique fusion of Dragon Quest RPG elements and creative sandbox gameplay. As a legendary builder, you'll gather materials, craft tools and structures, and reconstruct devastated towns while defending against monster attacks. Complete story-driven chapters with specific objectives, unlock new recipes and abilities, and explore a blocky world filled with classic Dragon Quest enemies and charm. Unlike pure sandbox games, structured quests and boss battles provide clear goals as you rebuild civilization one block at a time. If you actually need data for a different Dragon Quest game that was on Wii U, or if this was meant for a different platform database, please clarify and I'll provide the correct information.",https://images.launchbox-app.com/d65d7465-c4f9-4406-b972-fbcbd4f2e714.jpg
Dragon Quest Builders 2,2018-12-20,,86,Action RPG,"Build, battle, and farm in this blocky sequel where you're tasked with rebuilding civilization itself. Gather materials, craft weapons and structures, then defend your creations against monster attacks. Team up with Malroth, your companion with a mysterious past, to explore procedurally-generated islands filled with resources and secrets. Create massive constructions limited only by your imagination, cultivate crops to feed your growing town, and recruit grateful villagers who'll help expand your settlement. Features full multiplayer building on the Isle of Awakening.",https://images.launchbox-app.com/5a1a0767-deee-4139-bddb-8afcd0b6266f.jpg
Dragon Quest XI S: Echoes of an Elusive Age - Definitive Edition,2019-09-27,,91,RPG,"Experience the critically acclaimed JRPG with enhanced content and quality-of-life improvements. Follow the Luminary on an epic quest across the vibrant world of Erdrea, battling monsters in refined turn-based combat with full orchestral soundtrack. This definitive edition includes the entire original adventure plus new character stories, a retro 2D mode that reimagines the journey in classic 16-bit style, additional voice acting, and expanded endgame content. Switch seamlessly between gorgeous 3D visuals and nostalgic pixel art presentation as you uncover the mystery of your destiny.",https://images.launchbox-app.com/e0125105-2d65-4df7-ab89-c7f2f0eba0ac.jpg
FINAL FANTASY CRYSTAL CHRONICLES Remastered Edition,2020-08-27,,59,Action RPG,"Journey through a poisoned world in this beloved action RPG remaster. Guide your caravan of crystal-bearing adventurers through dangerous dungeons and enchanting environments to collect myrrh and protect your village. Combine magic elements, master real-time combat, and discover the mystery behind the deadly miasma. Features online multiplayer, enhanced visuals, new challenging dungeons, and the ability to carry your progress across multiple platforms. Experience the charm of classic Final Fantasy with refreshed graphics and modern quality-of-life improvements. **Note:** If you intended to ask about a different Wii U game, please clarify which game you're looking for.",https://images.launchbox-app.com/c8e4a80e-ef49-4865-8eca-11c08998c5f7.jpg
Final Fantasy Tactics: The Ivalice Chronicles,2025-09-30,,88,Tactical RPG,"Experience the legendary tactical RPG remastered with modern enhancements. Navigate political intrigue and class warfare in Ivalice through grid-based strategic battles. Command units across varied terrain using the Job System to customize your squad. This expanded remaster features updated graphics, full voice acting in English and Japanese, an easier difficulty option, and improved field visibility. Includes both the remastered version with revised script and the original PlayStation version with War of the Lions localization. The complete Ivalice experience rebuilt for modern platforms.",https://images.launchbox-app.com/r2_2a45ca82-23f9-44a8-9ac7-25d2b2b9a432.jpg
Farming Simulator Nintendo Switch Edition,2017-11-14,4,73,Simulation,"Take control of your own farm in this comprehensive agricultural simulation. Drive and operate authentic farming vehicles and equipment from real manufacturers as you plant, grow, and harvest crops across expansive fields. Manage livestock, transport goods with trucks and trailers, and expand your farming empire through strategic planning and hard work. Experience the daily life of a modern farmer with realistic farming mechanics, dynamic weather, and economic management. Whether you're cultivating wheat fields, raising animals, or hauling timber, every aspect of farm life is yours to master. **If you're actually looking for Wii U game data**, please clarify which Farming Simulator title you need (there were earlier versions like Farming Simulator that may have appeared on other Nintendo platforms), or if this was meant to be added to your Nintendo Switch database instead.",https://i.postimg.cc/1zt8wVyF/60f24d5a-5767-47e8-b980-ef358d1a51cf.jpg
Fate/EXTELLA: The Umbral Star,2017-07-25,,67,Action,"Take control of powerful Servants in this fast-paced hack-and-slash adventure set in the Fate universe. Battle across the Moon Cell as legendary heroes clash in spectacular combat, unleashing devastating Noble Phantasms and special attacks against waves of enemies. Choose from multiple Servants, each with unique fighting styles and abilities, as you uncover the mysteries of the Umbral Star. Experience dynamic arena battles with fluid combo systems, territory control mechanics, and epic boss encounters. The war for the Moon Cell's Holy Grail demands swift reflexes and strategic mastery. If you actually need Wii U database information, this game doesn't belong in that database as it was never released for that platform.",https://images.launchbox-app.com/f648af31-d5f2-4945-abc9-7efee93ec6f8.jpg
Fire Emblem: Three Houses,2019-07-26,,89,Tactical RPG,"Command the Officers Academy at Garreg Mach Monastery and shape the fate of Fódlan in this epic tactical RPG. Choose to lead one of three noble houses - the Black Eagles, Blue Lions, or Golden Deer - and forge bonds with students who will fight at your side. Engage in grid-based tactical battles where positioning, weapon types, and character classes determine victory. Between battles, explore the monastery, build relationships through tea parties and shared meals, and train your students in various combat skills and magic. Your choices dramatically alter the story's path, leading to vastly different narratives and bitter conflicts. Combine classic Fire Emblem strategy with deep social simulation elements in a tale of war, betrayal, and friendship that spans years.",https://images.launchbox-app.com/17e79619-8fa9-469b-a1b6-cf161f33066e.jpg
Fire Emblem Warriors: Three Hopes,2022-06-24,,80,Hack and Slash,"Command vast armies in this musou-style spinoff set in the world of Fire Emblem: Three Houses. As the mysterious mercenary Shez, ally with one of three rival houses - the Black Eagles, Blue Lions, or Golden Deer - and reshape the fate of Fódlan through large-scale tactical battles. Slice through hundreds of enemies with flashy combos while directing units across sprawling battlefields in real-time strategic warfare. Each house path offers a dramatically different story filled with betrayal, friendship, and political intrigue. Pair up characters to unleash devastating tag-team attacks, class-change your warriors to unlock new abilities, and build support relationships between heroes to strengthen your forces and uncover hidden story threads.",https://images.launchbox-app.com/0f873796-01b5-4c3c-8224-07f77b1d5d7c.jpg
Hades II,2025-09-25,,95,Roguelike Action RPG,"Princess Melinoë battles to defeat Chronos, the Titan of Time, in this acclaimed sequel. Wield dark sorcery and an arsenal of new weapons across expanded underworld realms. The roguelike formula evolves with new progression systems, more gods offering boons, and enhanced combat mechanics. Master witchcraft and incantations unavailable to Zagreus. Each escape attempt reveals new story threads as you rally allies against the Titan's invasion. Build relationships with gods and denizens of the crossroads. Featuring Supergiant's signature hand-drawn art, dynamic music, and voice acting that adapts to your choices.",https://images.launchbox-app.com/dd366707-73ea-4f26-b296-4c5f3cc40a7a.jpg
Harvest Moon: Home Sweet Home - Special Edition,,,50,,"UNKNOWN_GAME If you could clarify the exact game title or provide more context, I'd be happy to help. Alternatively, if you have source material or documentation about this game, I could help format that information according to your database requirements.",https://images.launchbox-app.com/f7b75930-11f4-4edc-b106-ee4b2bcea2b2.png
Harvest Moon: The Winds of Anthos,2023-09-26,,72,Simulation,"Return to the beloved world of farming simulation in this expansive entry to the series. Explore the vast land of Anthos, where you'll cultivate crops, raise livestock, and rebuild villages across diverse regions connected by the mystical Harvest Wisps. Befriend the Harvest Goddess and Harvest Sprites while taming wild animals to help on your farm. Court marriage candidates, participate in festivals, and uncover the mystery behind Anthos' separation. With expanded exploration, returning fan-favorite features, and new mechanics, create your ideal farm life across mountain peaks, desert oases, and tropical beaches. **If you truly need Wii U data:** This game doesn't exist on Wii U, so I cannot provide accurate data for that platform. Please clarify which platform you actually need data for.",https://images.launchbox-app.com/be506c12-0252-4c2f-b24f-b239d3f6835d.jpg
Has-Been Heroes,2017-03-28,3.3,53,Strategy,"Has-Been Heroes is a roguelike action game featuring a band of heroes on a quest to escort the King's twin princesses to magic Academy. The game combines strategy and action into a mix where you control three characters and focus on combining spells and items for devastating combo effects! Has-Been Heroes features a young rogue, a wishful wannabe hero, who stumbles across a pair of old, battle-worn heroes. They receive the ultimate quest from the King - escort his precious twin princesses to Princess Academy, on the far side of the world. Eager for heroics, the young rogue joins the band of heroes and the trio put their best foot forward.",https://i.postimg.cc/rwbkZDSx/776c3ecd-a486-459f-b43c-1946a9f4d827.png
Hollow Knight,2018-06-12,,90,Metroidvania,"Descend into Hallownest, a vast ruined kingdom beneath the fading town of Dirtmouth. Explore twisting caverns, battle tainted creatures, and befriend bizarre bugs in this atmospheric 2D action-adventure. Master precise combat with your nail weapon, learn powerful spells, and acquire new movement abilities to access previously unreachable areas. Navigate interconnected environments from fungal wastes to crystal peaks while uncovering the kingdom's tragic history. Face challenging boss battles that demand pattern recognition and skillful execution. With haunting hand-drawn art, an evocative orchestral score, and over 40 hours of gameplay across multiple endings, chart your own path through this melancholy underground world.",https://images.launchbox-app.com/58b87b24-046f-4025-9b6b-24b9499e55a6.jpg
Hollow Knight Silksong,,,90,Metroidvania,"UNKNOWN_GAME If you're building a Nintendo Switch database instead of Wii U, or if you have specific information about a release I should use, please clarify and I can help you format the entry properly.",https://images.launchbox-app.com/47c42f9e-7baf-4cfe-9454-40c0721c473b.png
Hyrule Warriors: Definitive Edition,2018-05-18,4.15,78,Action,"Combining the strategic warfare of Dynasty Warriors with the beloved world of The Legend of Zelda, this hack-and-slash adventure lets you command iconic heroes like Link, Zelda, and Impa across massive battlefields. Slash through hordes of enemies, capture strategic keeps, and unleash devastating special attacks using classic Zelda items. Features local co-op multiplayer, Adventure Mode challenges that reference classic Zelda maps, and multiple playable characters each with unique movesets and weapons to unlock.",https://i.postimg.cc/fTLJS05h/07fb9a02-095f-4175-8d8a-ce62eeb4dc1d.jpg
I Am Setsuna,2017-03-03,3.84,75,RPG,"Experience a melancholic journey in this turn-based JRPG inspired by classic 90s titles. As mercenary Endir, join Setsuna on her pilgrimage to save the world through ultimate sacrifice. Battle monsters using the Active Time Battle system enhanced with the Momentum mechanic, which lets you stock energy during combat to unleash devastating combo attacks and support abilities. Explore snow-covered landscapes accompanied by an enchanting solo piano soundtrack. Customize your party with unique Spritnite abilities, craft powerful talismans, and make strategic choices in emotionally-driven encounters that blend nostalgia with fresh mechanics. (Note: I Am Setsuna was never released on Wii U - it launched on PS4, PS Vita, Steam, and Nintendo Switch)",https://i.postimg.cc/WpBj7FwZ/c6e29df3-de3b-4f82-82df-fb47eaae956d.jpg
LEGO Harry Potter Collection,2018-10-30,3.81,73,Adventure,"The LEGO® Harry Potter™ Collection brings LEGO® Harry Potter™: Years 1-4 and LEGO® Harry Potter™: Years 5-7 remastered! This compilation unites the creative prowess of LEGO and the expansive world of Harry Potter, with an exciting journey full of spell-casting, potion-making, puzzle-solving, lessons, dueling and much more for players of all ages to enjoy.",https://i.postimg.cc/258ZGX7V/61ce0acf-9062-4318-800e-6926e7799bb0.jpg
LEGO Worlds,2017-09-05,3.43,59,Action Adventure,"EXPLORE. DISCOVER. CREATE. TOGETHER. LEGO® Worlds is an open environment of procedurally-generated Worlds made entirely of LEGO bricks which you can freely manipulate and dynamically populate with LEGO models. Create anything you can imagine one brick at a time, or use large-scale landscaping tools to create vast mountain ranges and dot your world with tropical islands. Drop in prefabricated structures to build and customize any world to your liking. Explore using helicopters, dragons, motorbikes or even gorillas and unlock treasures that enhance your gameplay. Watch your creations come to life through characters and creatures that interact with you and each other in unexpected ways. In LEGO Worlds, anything is possible!",https://i.postimg.cc/ZKSz1kBs/eb0d06fa-1fc9-4b79-a82f-6c737d55e0de.jpg
LEGO City Undercover,2013-03-18,,80,Action-Adventure,"Step into the shoes of undercover cop Chase McCain in this open-world LEGO adventure exclusive to Wii U. Explore LEGO City's 20 distinct districts, from downtown streets to rural farmlands, as you hunt down the notorious Rex Fury. Go undercover with multiple disguises - each granting unique abilities like the robber's grappling gun or farmer's chicken glider. Commandeer over 100 vehicles, engage in rooftop chases, and solve crimes across this massive sandbox. Features clever humor, creative building mechanics, and GamePad integration for scanning, communication, and map navigation. A family-friendly open-world experience packed with collectibles, side missions, and LEGO charm.",https://images.launchbox-app.com/5ed68f37-7188-4657-8243-b0036d4e0fc1.jpg
LEGO NINJAGO Movie Video Game,2017-09-22,,66,Action,"Battle through Ninjago City as your favorite ninja warriors in this action-packed LEGO adventure based on the hit movie. Master the art of Ninjitzu while exploring sprawling open-world locations, engaging in fast-paced combat, and solving environmental puzzles. Play solo or team up in local co-op to take down Lord Garmadon's shark army. Unlock and upgrade abilities across eight different fighting styles, build incredible LEGO creations, and unleash devastating combo attacks. Features the signature LEGO humor and accessible gameplay that's fun for all ages. If you actually need Wii U database information, this game should be marked as not available for that platform.",https://images.launchbox-app.com/b0fc4dbc-1f3f-4e54-8d55-fed16bf384dc.jpg
Lost Sphear,2018-01-23,3.61,69,Role-Playing,"As an ominous power threatens the fabric of reality, a young man chosen by destiny must arise to face a phenomenon never seen before. Enter Kanata, as he awakens from a devastating dream leading him to find his home, erased from existence. Awaken the power of Memory to restore the Lost and rebuild the world! Features: SHAPE your own adventure in the vast world with Memory to restore locales. ENHANCED ATB Battle System offering more strategic freedom and movement in combat. SEAMLESS gameplay transition between overworld and battles. EXPLORE unique environments through an unforgettably gripping story.",https://i.postimg.cc/kMxgVvWZ/cb09e17d-f258-482d-a887-94d8922a7cd4.png
LUNAR Remastered Collection,2023-04-18,,79,RPG,"Experience two beloved classics in one collection with LUNAR: Silver Star Story Complete and LUNAR 2: Eternal Blue Complete. These enhanced remasters of the iconic PlayStation JRPGs feature beautifully redrawn character portraits, quality-of-life improvements, and refined gameplay while preserving the charm of the originals. Follow the journeys of Alex and Hiro as they embark on epic adventures filled with memorable characters, tactical turn-based combat, and richly animated cutscenes. With emotional storytelling, exploration across fantastical worlds, and beloved anime-style presentation, this collection celebrates the legacy of one of gaming's most cherished RPG series.",https://images.launchbox-app.com/bbcc56ce-9657-41e8-81a8-5d8f995d26fa.jpg
L.A. Noire,2017-11-14,,89,Adventure,"Solve crimes in 1947 Los Angeles in this detective thriller. Interrogate suspects using groundbreaking facial animation technology to detect lies. Search crime scenes for clues, chase suspects through the streets, and climb the ranks of the LAPD. Investigate arson, homicide, and corruption across 21 cases in post-war California. Use evidence and intuition to crack cases while navigating a morally complex story. Includes all original DLC cases and enhanced for Switch with gyroscopic camera controls and HD rumble support.",https://images.launchbox-app.com/934a8ed1-6dd7-4899-83a4-20b0809b56f9.jpg
Luigi's Mansion 3,2019-10-31,,86,Action-Adventure,"Luigi's invited to the Last Resort hotel, but when Mario and friends go missing, our green-clad hero must explore a haunted high-rise to save them. Burst ghosts with the all-new Poltergust G-00 and team up with Gooigi, Luigi's gooey doppelgänger. Slam ghosts, blow them away with burst attacks, and use suction shot to clear obstacles and solve puzzles. Explore themed hotel floors from a medieval castle to an Egyptian tomb. Play Story Mode solo or with a friend in co-op, or team up with friends in online or local co-op in ScareScraper mode to tackle challenges across randomized floors.",https://images.launchbox-app.com/35517072-7236-467b-ba01-3ca25b4f2893.jpg
Luigi's Mansion 2 HD,2024-06-27,,77,Action-Adventure,"Join Luigi as he explores multiple haunted mansions in this HD remaster of the 3DS classic. Armed with the trusty Poltergust 5000 ghost-sucking vacuum, you'll solve environmental puzzles, capture ghosts, and search for the shattered pieces of the Dark Moon. Each mansion offers unique themes and challenges, from icy peaks to clockwork towers. The game features charming visuals, clever level design, and a perfect balance of spooky atmosphere and lighthearted humor. Play solo through the story mode or team up with friends in local multiplayer to tackle the ScareScraper challenge tower. **Note:** If you're building a Wii U database, this game should not be included as it was never released for that platform. If you meant to ask about Nintendo Switch, then the data above is correct.",https://images.launchbox-app.com/c1ba506f-f578-45f1-a0c3-3acd49a63422.jpg
Mario + Rabbids Kingdom Battle,2017-08-29,,85,Strategy,"Team up Mario, Luigi, Peach, and Yoshi with an army of Rabbids in this turn-based tactical adventure through the Mushroom Kingdom. Use an arsenal of outlandish weapons and special abilities to outwit enemies across vibrant battlefields. Solve environmental puzzles, flank your foes, and execute devastating team combos in strategic combat that's easy to learn but challenging to master. Explore four distinct worlds corrupted by a vortex-like washing machine, facing off against mischievous Rabbid enemies and massive bosses in Ubisoft's irreverent crossover with Nintendo's iconic franchise. However, if you're looking for a **Wii U** game, this title doesn't exist on that platform. Would you like to clarify which platform's database you're working with?",https://images.launchbox-app.com/f28e8b8d-6050-4713-8c21-6837cb37e574.jpg
Mario Kart 8 Deluxe,2017-04-28,,92,Racing,"Hit the road with the definitive edition of Mario Kart 8 and play anytime, anywhere. Race your friends or battle them in a revised battle mode featuring new courses and returning favorites. Play locally in up to 4-player multiplayer or compete with racers from around the world online. Race as Mario, Luigi, Peach, and all your favorite characters with every track and character from the Wii U version, plus all DLC content. Battle it out on new courses like Urchin Underpass and Battle Stadium, or classic arenas like GCN Luigi's Mansion and SNES Battle Course 1.",https://images.launchbox-app.com/e0f1b0b5-7443-4479-8911-afd857061f48.jpg
Mario Tennis Aces,2018-06-22,,75,Sports,"Serve up strategic tennis action with Mario and friends in this dynamic arcade sports game. Master powerful Zone Shots, slow time with Zone Speed, and break your opponent's racket to claim victory. Story mode pits Mario against a possessed racket threatening the Kingdom of Bask. Compete in fast-paced online tournaments, local multiplayer battles, and master trick shots that blend precision timing with spectacular special moves. Classic characters return with unique playstyles while new mechanics add depth to every rally.",https://images.launchbox-app.com/07adc904-69fb-40c3-9e19-2b0f9eb71115.jpg
Mario vs. Donkey Kong,2024-02-16,,70,Puzzle-Platformer,"Guide Mario through cleverly designed puzzle stages to rescue the stolen Mini-Mario toys from Donkey Kong's clutches. Use timing, precision jumping, and logical thinking to navigate increasingly complex levels filled with enemies, hazards, and switches. Each world introduces new mechanics and challenges that blend classic platforming with brain-teasing puzzles. Grab keys, activate platforms, and find the perfect route to reach the locked door. With over 130 levels spanning multiple worlds, plus time attack modes and bonus content, this charming puzzle adventure offers hours of strategic gameplay wrapped in colorful Nintendo polish.",https://images.launchbox-app.com/66a6006e-f57a-44d1-9da9-caad92e7b970.jpg
Metroid Prime REMASTERED,2023-02-08,,94,First-Person Adventure,"Experience the remastered classic that defined the first-person adventure genre. Explore the ruins of planet Tallon IV as bounty hunter Samus Aran, uncovering the dark experiments of the Space Pirates. Scan environments for lore and enemy weaknesses using your Scan Visor while switching between visors to reveal hidden paths and secrets. Battle in fluid first-person combat using the Arm Cannon's multiple beam weapons and missile systems. Navigate interconnected alien environments from crashed frigates to magma caverns. Enhanced HD graphics, modernized controls, and optional motion aiming bring this GameCube masterpiece to new heights while preserving its atmospheric exploration and environmental storytelling.",https://images.launchbox-app.com/0fc7592a-8131-4494-a9be-37111105f686.jpg
Minecraft,2017-05-11,,93,Sandbox,"Break blocks, build anything, and survive the night in this legendary sandbox adventure. Mine resources, craft tools, and construct elaborate structures limited only by your imagination. Explore procedurally generated worlds filled with diverse biomes, dangerous caves, and mysterious strongholds. Battle hostile mobs after sunset or focus on creative building in peaceful mode. Play solo or join friends in local and online multiplayer. With infinite possibilities and constant updates adding new content, every session offers fresh discoveries and creative challenges.",https://images.launchbox-app.com/f405610d-c9ae-4c92-8b9c-050ec11db997.jpg
Minecraft: Story Mode - The Complete Adventure,2017-08-22,,67,Adventure,"Step into an episodic narrative adventure set in the blocky Minecraft universe. Guide Jesse and friends through a five-episode story filled with choices that matter, action sequences, and puzzle-solving. This Complete Adventure edition bundles all episodes plus three additional adventure episodes. Battle the Wither Storm, explore mysterious worlds, and make tough decisions that shape your unique journey. Featuring Telltale's signature choice-driven gameplay combined with Minecraft's iconic visual style, it's an interactive story where your decisions determine the fate of your world and the bonds between characters. If you're actually looking to populate a Wii U database and this game shouldn't be in it, please let me know. If you meant Nintendo Switch database, we're good to go with the data above.",https://images.launchbox-app.com/0a801daa-4453-4129-b2df-45d513cf5b11.jpg
Moonlighter,2018-11-05,3.51,83,Role-Playing,"During a long-passed archaeological excavation, a set of Gates were discovered. People quickly realized that these ancient passages lead to different realms and dimensions – providing brave and reckless adventurers with treasures beyond measure. Rynoka, a small commercial village, was founded near the excavation site providing refuge and a place for adventurers to sell their hard-earned riches. Moonlighter is an Action RPG with rogue-lite elements following the everyday routines of Will, an adventurous shopkeeper that dreams of becoming a hero.",https://i.postimg.cc/JhkGpVB7/665367-front.jpg
New Super Mario Bros. U Deluxe,2019-01-11,3.87,80,Platformer,"Experience the ultimate 2D Mario platforming adventure with New Super Mario Bros. U Deluxe. Navigate through vibrant worlds filled with creative levels, secret exits, and challenging obstacles as Mario, Luigi, Toad, or newcomers Toadette and Nabbit. Toadette's unique power-up, the Super Crown, transforms her into Peachette with special floating abilities. Master precision jumps, discover hidden Star Coins, and conquer Bowser's forces across multiple game modes including the full New Super Mario Bros. U campaign and the faster-paced New Super Luigi U challenge.",https://i.postimg.cc/9MdJ9kmz/af624142-d21e-4cb2-b05f-da841db77e02.jpg
Ni no Kuni II: Revenant Kingdom - Prince's Edition,2019-09-20,,81,RPG,"Experience the beloved Studio Ghibli-inspired RPG remastered for Switch. Young Oliver embarks on a quest to save his mother and a parallel world from darkness. Capture and train familiars - creatures that fight alongside you in real-time battles combining tactical commands with active movement. Explore beautifully animated towns and dungeons cel-shaded to look like a living animated film. Cast spells, brew items, and complete side quests for townspeople. Features English and Japanese voice acting with remastered visuals bringing the charming fantasy world to life.",https://images.launchbox-app.com/803bf77a-42de-40cc-9634-34751d9c986a.jpg
Ni no Kuni: Wrath of the White Witch,2019-09-20,,85,RPG,"Experience the beloved Studio Ghibli-inspired RPG remastered for Switch. Young Oliver embarks on a quest to save his mother and a parallel world from darkness. Capture and train familiars - creatures that fight alongside you in real-time battles combining tactical commands with active movement. Explore beautifully animated towns and dungeons cel-shaded to look like a living animated film. Cast spells, brew items, and complete side quests for townspeople. Features English and Japanese voice acting with remastered visuals bringing the charming fantasy world to life.",https://images.launchbox-app.com/2b14910f-8b5f-489b-bb2a-793f1824c087.jpg
Octopath Traveler,2018-07-13,4.16,83,RPG,"Eight travelers, eight stories, one epic adventure. Choose your protagonist and explore the vast world of Orsterra in this HD-2D RPG that blends retro charm with modern beauty. Each character has unique abilities to interact with NPCs and uncover secrets - steal items, duel townspeople, or seduce information from locals. The deep turn-based combat system features a Break and Boost mechanic, rewarding strategic exploitation of enemy weaknesses. Gorgeous pixel art characters traverse stunning 3D environments enhanced by dynamic lighting and particle effects. Switch between travelers freely, experiencing their intertwining tales of revenge, redemption, and discovery across a sprawling continent filled with hidden jobs, powerful bosses, and countless treasures.",https://i.postimg.cc/bJmS40L3/a8c4b2b7-c522-4938-814a-a8a02dbfa8aa.jpg
Octopath Traveler 0,2025-12-04,,84,RPG,Journey to the origins of Orsterra in this prequel featuring over 30 recruitable travelers. Build 8-character parties in strategic turn-based battles using the Break and Boost system. This console adaptation of Champions of the Continent brings the mobile epic to home platforms with enhanced visuals and refined mechanics. The main story spans over 100 hours before optional content. Experience interconnected tales across the continent's past with the HD-2D art style. Multiple protagonists offer varied perspectives on the events shaping this world generations before the original eight travelers.,https://images.launchbox-app.com/467f5b45-9da6-48c7-ae68-e445c49ebb28.jpg
Octopath Traveler II,2023-02-24,,84,RPG,"Embark on eight intertwining journeys across the realm of Solistia in this HD-2D turn-based RPG. Choose from eight new travelers, each with unique abilities and stories, as you explore a vibrant world that blends retro-inspired pixel art with modern 3D effects. Master the strategic Break and Boost combat system, exploit enemy weaknesses, and discover how each character's path crosses with the others. Day and night cycles affect NPC interactions and abilities, while the Path Action system lets you recruit allies, steal items, or challenge townspeople. Experience a sweeping narrative of ambition, revenge, and redemption across diverse landscapes. If you're actually building a Wii U database and this was listed incorrectly, this game should be removed from that database as it was never released for that platform.",https://images.launchbox-app.com/467f5b45-9da6-48c7-ae68-e445c49ebb28.jpg
Oddworld: New 'n' Tasty!,2020-10-27,,84,Platformer,"Guide Abe, a Mudokon slave, through a daring escape from RuptureFarms, Oddworld's biggest meat processing plant. This stunning remake of the 1997 classic combines challenging puzzle-platforming with stealth action as you sneak, possess enemies, and solve environmental puzzles. Rescue your fellow Mudokons from a grim fate, avoid deadly Sligs and security systems, and discover the dark secrets of the Glukkons' industrial empire. With gorgeous HD visuals, redesigned gameplay, and the same dark humor and atmosphere that made the original legendary, every choice matters in your quest for freedom. If you actually need this for a Wii U database and the game isn't available on that platform, you may want to remove this entry from your database.",https://images.launchbox-app.com/3fa1ce2f-f438-4a81-91d2-ab0f006fe781.png
Overcooked! All You Can Eat,2021-03-23,,87,Party,"Overcooked! All You Can Eat bundles the chaotic culinary action of both Overcooked games plus all DLC into one delicious package. Coordinate with up to four chefs in frantic kitchens where teamwork and communication are essential to survive increasingly absurd cooking challenges. Chop ingredients, cook dishes, serve orders, and clean up before time runs out across dozens of creative levels filled with hazards like moving platforms, portals, and fire. This definitive edition includes remastered graphics, new accessibility features, and cross-platform multiplayer for the ultimate cooperative cooking chaos. **Note:** If you're building a Wii U database, this game should not be included as it was never released for that platform. The original Overcooked games were available on Wii U, but not this compilation.",https://images.launchbox-app.com/019057b6-e57f-4a49-b2c1-06c1ff636dac.jpg
Overcooked! Special Edition,2017-07-27,3.75,77,Action,"Overcooked is a chaotic couch co-op cooking game for one to four players. Working as a team, you and your fellow chefs must prepare, cook and serve up a variety of tasty orders before the baying customers storm out in a huff. Sharpen your knives and dust off your chef’s whites, there isn’t mushroom for error and the steaks are high in these crazy kitchens! The Onion Kingdom is in danger and only the finest cooking can save it! In Overcooked players must journey through a variety of cruel and unusual kitchens on their quest to become master chefs capable of conquering an ancient edible evil which plagues the land. Play solo or engage in classic, chaotic couch co-op for up to four players in both co-operative and competitive challenge modes. You’ll have to cook a range of different dishes and work together in order to become the most effective and ultimate team!",https://i.postimg.cc/QtgPkC8Q/d6f39e27-709a-4162-abb3-3002fd05469a.jpg
Owlboy,,,88,Platformer,"UNKNOWN_GAME **Explanation:** - Owlboy was released on Nintendo Switch in 2018, but I don't have the exact Wii U release date because it wasn't released on that platform - While I know Owlboy is a platformer/adventure game, I don't have sufficient detailed information in my training data to write an accurate 550-600 character description that meets your quality standards - Rather than speculate or provide potentially inaccurate information, I'm marking the description as UNKNOWN_GAME If you meant to ask about the **Nintendo Switch** version instead, please let me know and I can help with that database entry instead.",https://images.launchbox-app.com/b12c4615-f2fc-4029-b110-48f56516eb28.jpg
Oxenfree,2017-10-26,3.89,81,Adventure,"The critically acclaimed, mind-bending adventure comes to the Nintendo Switch! Oxenfree is a supernatural thriller about a group of friends who unwittingly open a ghostly rift. Play as Alex, a bright, rebellious teenager who brings her new stepbrother Jonas to an overnight party on an old military island. The night takes a terrifying turn when you unwittingly open a ghostly gate spawned from the island's cryptic past. How you deal with these events, your peers, and the ominous creatures you've unleashed is up to you. Determine every aspect of Alex's story while exploring Edwards Island, uncovering the base's dark past, and changing the course of your friends' lives.",https://i.postimg.cc/cC6hzL7t/18603-500-800-8bf80b8d6468805c7347a9d4d7e05a11dc4f7edf.jpg
Paper Mario: The Origami King,2020-07-17,,80,RPG,"Join Mario and his new companion Olivia on a comedic paper-craft adventure to save the Mushroom Kingdom from King Olly's origami tyranny. Battle enemies using an innovative ring-based puzzle combat system where you rotate and align foes for maximum damage. Explore vibrant papercraft worlds, solve environmental puzzles by manipulating the folded landscape, and rescue Toads trapped in the most creative hiding spots. Discover the powerful 1,000-Fold Arms ability to interact with the world in spectacular ways. With charming writing, creative boss battles, and a unique blend of puzzle-solving and RPG elements, this adventure unfolds into something special. If you actually need Wii U data, please clarify which Wii U game you're looking for information about.",https://images.launchbox-app.com/a89024a5-33ef-400c-939e-d15665b08632.jpg
Paper Mario: The Thousand-Year Door,2024-05-23,,88,RPG,"Experience the beloved GameCube classic remade with enhanced graphics and gameplay. Join Mario and his partners in Rogueport as they search for the Crystal Stars behind the legendary Thousand-Year Door. Battle enemies in turn-based combat with timed action commands that reward skill. Recruit unique partners like Goombella and Koops, each with field abilities and battle moves. Explore diverse locations from tropical islands to a fighting arena aboard the Excess Express train. Solve puzzles, engage in witty dialogue, and enjoy the papercraft aesthetic brought to life with modern visuals while maintaining the original's charm and humor.",https://images.launchbox-app.com/e9e39c97-4732-4f76-b497-a1f76666d9d7.png
Persona 5 Royal,2022-10-21,,95,RPG,"Wear the mask and join the Phantom Thieves as they infiltrate the Metaverse to change corrupt hearts. Balance high school life during the day with dungeon crawling at night in this stylish JRPG. Build relationships with confidants to unlock gameplay advantages while managing your limited time between studying, part-time jobs, and social activities. Battle shadows using Personas and exploit enemy weaknesses through a refined turn-based combat system. Explore hand-crafted Palaces representing twisted desires or tackle the randomly-generated floors of Mementos. This definitive edition adds new characters, story content, and gameplay refinements to the award-winning original.",https://images.launchbox-app.com/dd27efb2-674d-4dd4-b366-d4c2ab74e1ff.jpg
"Pokémon: Let's Go, Eevee!",2018-11-16,,80,RPG,"Return to the Kanto region in this reimagined Pokémon adventure that blends classic RPG gameplay with Pokémon GO mechanics. Partner with Eevee as you catch, battle, and train Pokémon using intuitive motion controls or traditional buttons. Wild Pokémon appear in the overworld, letting you choose your encounters, while the streamlined catching system lets you aim and throw Poké Balls with satisfying precision. Battle trainers, challenge Gym Leaders, and thwart Team Rocket's schemes in gorgeous HD graphics. Play solo or team up with a friend in local co-op to explore together and take on tough opponents. If you're building a Wii U database and this entry appeared in your data, it's likely an error that should be removed or corrected to the proper platform.",https://images.launchbox-app.com/b2f0570f-6f7e-418e-b19a-5fd4f9d1fedd.jpg
Pokémon Legends: Arceus,2022-01-28,,83,Action RPG,"Journey to the ancient Hisui region in this fresh take on Pokemon gameplay. As a member of the Galaxy Team's Survey Corps, explore vast open areas, catch Pokemon by sneaking up and throwing Poke Balls directly in real-time action, and battle using a new system blending turn-based strategy with agile and strong style moves. Craft items, complete Pokedex research tasks, and uncover the mystery behind the legendary Pokemon Arceus. Features crafting, base building, Alpha Pokemon boss battles, and rideable Pokemon for traversal across diverse biomes from volcanic peaks to snowy tundras.",https://images.launchbox-app.com/00e96255-20ed-49d2-9ae9-88aa143b2be6.png
Pokémon Legends: Z-A,2025,,78,RPG,"UNKNOWN_GAME **Explanation:** - The game was announced in a Pokemon Presents in February 2024 for a 2025 release, but as of my knowledge cutoff (January 2025), the specific release date had not been announced yet. - Genre is clearly RPG based on the Pokemon Legends series. - However, since the game had not been released as of my knowledge cutoff, I don't have detailed gameplay information to write a proper description beyond what was shown in announcement trailers. **Please clarify:** Are you working on a Nintendo Switch database (not Wii U), or did you mean to ask about a different game?",https://gamesdb-images.launchbox.gg/r2_edd0abd8-4865-42a5-a436-450778f24661.png
Pokemon Scarlet,2022-11-18,,72,RPG,"Embark on an open-world adventure across the vast Paldea region in this generation IX Pokemon experience. Choose from three distinct story paths - Victory Road's gym challenges, Path of Legends' titan battles, or Starfall Street's Team Star confrontations - and tackle them in any order. Catch, train, and battle with over 100 new Pokemon species while exploring diverse biomes from sun-drenched beaches to snowy mountain peaks. Team up with friends in four-player co-op, customize your character and picnic setup, and discover the mysteries of Terastallization, a new battle mechanic that transforms your Pokemon's type mid-combat for strategic advantages.",https://images.launchbox-app.com/f7f3a4dd-6381-47f5-aa31-bf9a11ef5edf.jpg
Pokkén Tournament DX,2017-09-22,,79,Fighting,"Battle as your favorite Pokémon in this dynamic fighting game built on arcade fighting mechanics. Choose from a diverse roster of Pokémon fighters including Pikachu, Charizard, Mewtwo, and Decidueye, then take them into intense one-on-one battles combining classic Pokémon moves with technical fighting game combos. Master the unique phase-shift system that alternates between close-range and long-range combat, execute powerful Burst Attacks, and strategize with support Pokémon to turn the tide of battle. Fight locally with friends or compete online in ranked matches to prove you're the ultimate Pokémon fighter.",https://images.launchbox-app.com/91888abc-18e9-4812-bd79-35e1358ec120.jpg
Portal Knights,2017-11-23,3.79,74,Role-Playing,"Craft your adventure. Forge your hero. Become the ultimate Portal Knight! Leave the familiar world behind and step into the fantastic unknown with Portal Knights, a cooperative 3D sandbox action-RPG! Level up your character and craft powerful gear to defeat your enemies in real-time tactical combat. Explore dozens of randomly-generated islands and restore peace to a world torn apart by The Fracture. Travel between randomly generated 3D sandbox worlds Tactical action combat RPG character classes including warrior, ranger and mage Epic boss battles Random Events Mine and gather resources from across the lands to craft your arsenal and supplies Build your home with dozens of materials and furnishings Join your friends in 4-person cooperative multiplayer and 2 player split screen.",https://i.postimg.cc/Wbd8szB5/b5b08983-e3a9-478c-bfcb-6918e55b5de1.jpg
Puyo Puyo Tetris,207-04-25,4.02,81,Puzzle,"Two puzzle game juggernauts collide as Tetris, one of the largest-selling and recognized brands in gaming history, and Puyo Puyo from SEGA have combined to create a fun-to-play, fast-paced, competitive party game like no other! Features: Adventure – Single-player mode offers ten unique acts, each with ten stages featuring different characters from the Puyo Puyo and Tetris universes.",https://i.postimg.cc/K8TL4Mv8/f404a658-75b6-4b3a-8d85-b08a63ed196e.jpg
Puyo Puyo Tetris 2,2020-12-08,,80,Puzzle,"Two puzzle legends return in the sequel featuring new modes and online features. Master Skill Battles where collected items create powerful attacks against opponents. Adventure mode follows a new storyline with colorful characters. Play solo or with friends across multiple game modes mixing Puyo and Tetris gameplay. Swap between puzzle styles mid-match in Swap mode or combine both in Fusion mode where Tetris blocks drop into Puyo chains. Customize your matches with handicaps and unlock characters, backgrounds, and music. Compete online with ranked leagues and tournaments.",https://images.launchbox-app.com/8d4a8e0a-22ae-49a5-ab36-57b54c6c9951.jpg
Rayman Legends: Definitive Edition,2013-09-03,4.01,84,Platformer,"Jump into a vibrant world of imaginative platforming mayhem where up to four players can team up locally to rescue the Incrediballs. Master precise running, jumping, and wall-climbing across stunning hand-drawn levels packed with rhythm-based musical stages, challenging boss fights, and creative enemy designs. Features exclusive Wii U GamePad integration for asymmetric cooperative play where one player controls Murfy to manipulate the environment while others navigate hazardous obstacles. Includes remastered Origins levels plus brand new worlds bursting with secrets, collectibles, and daily/weekly challenges.",https://i.postimg.cc/4d1LH0Pw/622563-front.jpg
Rocket League,2017-11-14,3.97,86,Sports,"Rocket League's gameplay is largely the same as that of its predecessor Supersonic Acrobatic Rocket-Powered Battle-Cars. Players control a rocket-powered car and use it to hit a ball that is much larger than the cars towards the other team's goal area to score goals, in a way that resembles a soccer game, with elements reminiscent of a demolition derby. Players' cars have the ability to jump to hit the ball while in mid-air. The players can also pick up a speed boost by passing their cars over marked spaces on the field, enabling them to quickly cross the field, use the added momentum to hit the ball, or ram into another player's car to destroy it; in the latter case, the destroyed car respawns moments later.",https://i.postimg.cc/xdjSdBKj/7e0b9e77-d7f4-4436-bb36-d8d8fee1e9f6.jpg
Romancing SaGa 2: Revenge of the Seven,2024-10-24,,79,RPG,"Command generations of emperors in this full 3D remake of the classic Japanese RPG. Inherit abilities across successive rulers as you defend the Varennes Empire from the immortal Seven Heroes. Master the unique Glimmer system to learn devastating techniques mid-battle, utilize Formation tactics to turn the tide, and explore a non-linear story where your choices shape the empire's fate. With modernized visuals, new story content, and the strategic depth of the original SaGa formula, reclaim your throne across centuries of warfare and intrigue.",https://images.launchbox-app.com/00ba1c6d-fcc4-404b-969e-8da38a08bd0c.png
Super Mario Odyssey,2017-10-27,4.5,97,"Action, Platform","Join Mario on a massive, globe-trotting 3D adventure and use his incredible new abilities to collect Moons so you can power up your airship, the Odyssey, and rescue Princess Peach from Bowser's wedding plans! This sandbox-style 3D Mario adventure—the first since 1996's beloved Super Mario 64 and 2002's Nintendo GameCube classic Super Mario Sunshine—is packed with secrets and surprises, and with Mario's new moves like cap throw, cap jump, and capture, you'll have fun and exciting gameplay experiences unlike anything you've enjoyed in a Mario game before. Get ready to be whisked away to strange and amazing places far from the Mushroom Kingdom!",https://i.postimg.cc/Y9pcPYyn/31521ed1-4b3e-4401-b048-f6be36c0cb20.jpg
Sam & Max Save the World Remastered,2020-12-02,,75,Adventure,"The Freelance Police are back in this remastered episodic adventure. Join Sam and Max as they solve bizarre cases across six episodes filled with humor and pop culture parodies. Point-and-click through surreal locations, solve inventory puzzles, and interrogate strange characters. Experience the cult classic with updated graphics, remastered audio, and quality-of-life improvements. From battling hypnotic toys to time-traveling presidents, no case is too weird for this dog and rabbit detective duo.",https://images.launchbox-app.com/48f4b246-24ad-4c57-b14d-bd9f710b5d9b.png
Scribblenauts Showdown,2018-03-06,3.32,47,Puzzle,"It’s Scribblenauts, party-style! Use your imagination and go head-to-head in the ultimate multiplayer showdown! Enjoy a party-style Scribblenauts experience, conjuring from over 35,000 objects from the vast Scribblenauts dictionary to outsmart your opponent in over 25 mini-games! • Play solo or with up to 4 of your friends in Showdown Mode and imagine your way to victory through card-based strategy and creative skill. • Face off against a friend or the CPU in Versus Mode. • Go nuts in the Sandbox - Create Anything in 8 different Sandbox levels and watch what happens, solo or with a friend. • Create your own Scribblenaut by unlocking hundreds of wacky costume pieces and vehicles.",https://i.postimg.cc/MT45hj62/8239c16a-2616-4708-9f50-8dc2c8bbb3a6.jpg
Sea of Stars,2023-08-29,,87,RPG,"Embark on a turn-based RPG adventure inspired by classic 16-bit era games. Play as Valere and Zale, Children of the Solstice with the power to eclipse enemies using Sun and Moon magic. Master timed button presses to boost attacks and reduce damage in dynamic combat that keeps you engaged every turn. Explore a gorgeous pixel-art world filled with secrets, swim and climb without limitations, and enjoy quality-of-life features like instant travel and adjustable difficulty. Featuring an original soundtrack by Yasunori Mitsuda. **Please clarify**: Did you mean to ask about the Nintendo Switch version, or is there a different game you're looking for on Wii U?",https://images.launchbox-app.com/ff9d8040-e9e6-4b93-9c1f-cc7290995712.jpg
Shantae: Half-Genie Hero Ultimate Edition,2018-05-08,3.78,84,Platform,"This all-inclusive version comes with all of the previously released DLC, Modes, and Costumes! Save the day as belly dancing half-genie Shantae! Conquer Sequin Land as the evil Risky Boots in 'Pirate Queen's Quest'! Swap between Sky, Bolo, and Rottytops in 'Friends to the End!' And finally, wall-jump as Ninja Shantae, soak up sun as Beach Shantae, serve justice as Officer Shantae! Also includes Tinkerbat Transformation, Blue Shantae & Classic Risky costumes!",https://i.postimg.cc/gk5pNMFN/AMSGA.jpg
Snipperclips Plus,2017-11-10,3.98,84,Puzzle,"Cut, snip, and solve your way through imaginative puzzle challenges in this charming cooperative game. Transform into different shapes by cutting each other apart, then use your new forms to interact with the environment in creative ways. Whether you're forming a basket to catch falling objects, creating a hook to pull switches, or becoming a paddle for chaotic sports matches, teamwork is essential. The Plus version expands the original with new worlds, activities, and stamp mode. Supports 1-4 players with party games, challenges, and the full story mode where communication and creativity are your best tools.",https://i.postimg.cc/V6nHR6Rf/7f90db9f-2746-499a-8ad9-2a9afd7b6de3.jpg
Sonic Forces,2017-11-07,,57,Platformer,"Join Sonic and a custom hero character in a high-speed battle to save the world from Dr. Eggman's ultimate conquest. Blaze through stunning environments as Classic Sonic, Modern Sonic, or your own unique Avatar equipped with powerful Wispons. Switch between three distinct playstyles - Classic's pure platforming, Modern's boost-driven speed, and Avatar's gadget-based action. Team up in Tag Team stages combining forces to overcome Eggman's army and the mysterious villain Infinite. Fast-paced 3D and 2D action awaits across over 30 challenging stages. Please clarify which platform you need data for.",https://images.launchbox-app.com/5a00a23b-98d2-436a-a6bf-5eedad40453c.jpg
Sonic Mania Plus,2017-08-15,,86,Platformer,"Race through reimagined classic zones and brand new stages as Sonic, Tails, and Knuckles in this love letter to the Genesis era. Sonic Mania brings pixel-perfect physics, smooth 60 FPS gameplay, and remixed soundtracks that capture the magic of 16-bit Sonic. Spin dash through Green Hill Zone, explore the time-twisting Metallic Madness, and discover entirely new levels like Studiopolis. With drop-in co-op, hidden secrets, bonus stages, and multiple playable characters each with unique abilities, this is classic 2D Sonic platforming at its absolute best. **Please clarify**: Do you want the Nintendo Switch data (as provided above), or were you looking for a different game that was actually released on Wii U?",https://images.launchbox-app.com/41fdf238-9a4a-4ab5-a98b-934ef75cb4bf.jpg
Sonic Origins,2022-06-23,,78,Platformer,"Experience the classic games that started it all in this definitive collection of four legendary Sonic titles. Play Sonic the Hedgehog, Sonic CD, Sonic the Hedgehog 2, and Sonic 3 & Knuckles in widescreen with enhanced visuals and additional gameplay modes. Switch between Classic and Anniversary modes, tackle new missions, unlock bonus content, and relive Sonic's golden era with quality-of-life improvements while preserving the original gameplay that made these adventures timeless. **However**, if you're actually looking for Wii U data, this game doesn't exist on that platform. Could you clarify which platform's database you're populating?",https://images.launchbox-app.com/4f6ae785-5c99-429f-a209-5bb17fe2ca19.jpg
Splatoon 2,2017-07-21,,83,Action,"Ink up the arena in this fast-paced 4v4 team shooter where squids and kids collide. Transform between humanoid Inkling and squid forms to blast colorful ink across stages, claiming territory while splatting opponents. Master an arsenal of weapons from rapid-fire shooters to long-range chargers, customize your gear for strategic advantages, and dive into turf-covering chaos. The addictive Turf War mode challenges teams to ink the most ground, while Salmon Run delivers intense co-op PvE action against waves of enemies. Fresh fashion, ranked battles, and regular content updates keep the ink flowing in Nintendo's vibrant competitive multiplayer phenomenon.",https://images.launchbox-app.com/0040de37-9909-4ebe-8dde-14a506f0d026.jpg
Star Ocean: The Second Story R,2023-11-02,,86,Action RPG,The beloved PS1 classic returns fully remade with modern graphics and voice acting. Join Claude and Rena as they explore a vast universe mixing science fiction and fantasy. Real-time action combat lets you control any party member while AI handles the others. Recruit from 80+ playable characters with branching story paths affecting who joins your team. Craft items using a deep skill system and discover Private Actions revealing character relationships. Multiple endings based on your choices create tremendous replay value in this space opera spanning planets and dimensions.,https://images.launchbox-app.com/9960a5fc-229a-4b61-b70b-a12a5a4f5e65.jpg
Stardew Valley,2017-10-05,,89,Simulation/RPG,"Inherit your grandfather's old farm and transform it into a thriving homestead. Clear overgrown fields, raise animals, grow crops, and become part of the local community in Pelican Town. Mine for ores, fish in rivers and oceans, forage for wild goods, or craft artisan products. Romance and marry one of twelve eligible townspeople while building relationships through gifts and quests. Explore mysterious caves, complete collections for the museum, and unlock secrets throughout the valley. Play solo or team up with friends in co-op multiplayer. With complete freedom to farm how you choose and endless activities across all four seasons, create the rural life you've always dreamed of.",https://images.launchbox-app.com/fbfe2000-2aaa-4443-b7a7-fb386b3edf45.png
SteamWorld Dig 2,2017-09-21,,88,Metroidvania,"Dig deep into a vibrant underground world as Dorothy searches for her missing friend Rusty. Mine resources, battle creatures, and uncover secrets in procedurally-generated caves. Upgrade your gear with new abilities like the hookshot and jet engine to reach new areas. Master platforming challenges in hand-crafted caverns filled with puzzles and dangerous enemies. Collect gems and minerals to purchase upgrades in town. The deeper you dig, the stranger and more dangerous it becomes. With tight controls, beautiful pixel art, and satisfying progression, this sequel refines the mining formula to perfection.",https://images.launchbox-app.com/8cf6b635-aac2-4f93-822e-b978b07acead.png
Street Fighter 30th Anniversary Collection,2018-05-29,,81,Fighting,"Celebrate three decades of hadokens with this comprehensive collection of 12 classic Street Fighter titles. Battle through arcade-perfect versions from the original Street Fighter to Street Fighter III: 3rd Strike. Experience the evolution of the series with Street Fighter Alpha and II Turbo variants. Compete online in four featured titles or train in arcade mode. View concept art, character bios, and a museum of series history. Master special moves and combos across different game engines. Relive the tournaments and rivalries that defined competitive fighting games.",https://images.launchbox-app.com/5c379832-fdbd-4553-a6b5-46a8c2b25654.png
Streets of Rage 4,2020-04-30,,80,Beat em up,"The legendary beat em up returns after 25 years with hand-drawn visuals and original combat. Fight through Wood Oak City as Axel, Blaze, and friends to take down the Y Syndicate. Master unique movesets, juggle enemies with combos, and trigger devastating special attacks. Team up with up to three friends locally or online. Unlock retro characters from previous games. Battle to an all-new soundtrack from legendary composers. Multiple difficulty modes and scoring systems offer depth for casual players and hardcore fans seeking S-ranks.",https://images.launchbox-app.com/6e1bc9b0-9f4b-46e1-aaf8-0941e5bc7f5c.jpg
Suikoden I&II HD Remaster: Gate Rune and Dunan Unification Wars,2023-03-06,,82,RPG,"Experience two legendary JRPGs remastered in one package. Lead a rebellion against a corrupt empire in Suikoden, recruiting 108 unique Stars of Destiny to your cause. Then continue the saga in Suikoden II, navigating war, betrayal, and the bonds of friendship. Build your headquarters, assemble massive armies, and engage in strategic battles alongside traditional turn-based combat. Enhanced visuals, quality-of-life improvements, and dual-language support breathe new life into these timeless tales of war, politics, and the power of unity. **Note:** There is no Wii U version of this game. If you need this data for a different platform or if there's been a mix-up with the platform name, please let me know.",https://images.launchbox-app.com/33bffe6d-7b9e-4a9f-8876-977acbe434a0.jpg
Super Bomberman R,2017-03-03,,62,Action/Puzzle,"Classic bomb-maze action returns with the Bomberman Brothers defending the universe from evil. Battle through 50 story mode stages solo or in co-op. Plant bombs to destroy soft blocks, defeat enemies, and trap opponents in explosive chain reactions. Master eight unique Bomberman brothers, each with special abilities. Compete with up to eight players locally or online in Battle Mode across multiple arenas and rule sets. Collect power-ups to increase bomb range, speed, and special abilities. Updated with new characters, stages, and gameplay refinements since launch.",https://images.launchbox-app.com/60f6d19c-4c95-4f8e-829d-e27415400cb6.png
Super Mario 3D All-Stars,2020-09-18,,83,Platformer,"Experience three legendary 3D platforming adventures in one nostalgic package. Jump into Super Mario 64's pioneering polygon worlds, splash through Super Mario Sunshine's tropical Isle Delfino with the versatile FLUDD water pack, and soar across Super Mario Galaxy's gravity-defying cosmic kingdoms. Each game preserves its original gameplay while running in HD resolution, letting you relive Mario's greatest dimensional leaps or discover these classics for the first time. Master precise jumps, collect Power Stars and Shine Sprites, and prove your platforming prowess across three generations of Mario magic. Note: The ""Eur"" suffix in your title likely indicates a European release, but the release date above is the general worldwide release date (the EU release was the same date: September 18, 2020).",https://images.launchbox-app.com/2cab028b-108a-48f3-8e91-6e96b69d52dd.jpg
Super Mario 3D World + Bowser's Fury,2021-02-12,,89,Platformer,"Pounce and climb through dozens of colorful 3D courses plus explore an open-world adventure in Bowser's Fury. Use cat power-ups to scratch, pounce, and climb your way to victory. Team up locally or online with up to three friends. In Bowser's Fury, face a rampaging Bowser in free-roaming gameplay. Explore Lake Lapcat, collect Cat Shines, and team up with Bowser Jr. to save his dad. Transform into Giga Cat Mario for massive boss battles across the islands in this double adventure.",https://images.launchbox-app.com/e2d2005b-788a-4999-b418-e3bd52db587a.jpg
Super Mario Bros. Wonder,2023-10-20,4.5,93,"Action, Platform","Find wonder in the next evolution of Mario fun. Classic Mario side-scrolling gameplay is turned on its head with the addition of Wonder Flowers. These game-changing items trigger spectacular moments you have to see to believe...Witness pipes coming alive, wreak havoc as a giant spiky ball, and see even more unexpected events called Wonder Effects.",https://i.postimg.cc/hj7tNBf6/115948-1.jpg
Super Mario Galaxy,2015-01-14,,97,Platformer,"Mario embarks on an intergalactic adventure across cosmic galaxies filled with planetoids and unique gravitational fields. Navigate spherical worlds, launch between planets using Launch Stars, and collect Power Stars while battling Bowser. Master gravity-defying platforming with the spin attack, transform using power-ups like the Bee Mushroom and Boo Mushroom, and explore imaginative space-themed worlds. Originally released for Wii in 2007, this beloved 3D platformer became available on Wii U eShop in 2015, preserving one of Mario's most creative adventures. Sources: - [Super Mario Galaxy - Wikipedia](https://en.wikipedia.org/wiki/Super_Mario_Galaxy) - [Super Mario Galaxy 2 for Wii U - Nint",https://images.launchbox-app.com/68ccf62e-067c-4a84-8354-5bcb67fdec85.jpg
Super Mario Galaxy 2,2025-10-02,,97,Platformer,"Return to the cosmos in Mario's gravity-defying adventure, enhanced for Switch. Traverse imaginative planets using unique gravitational mechanics. Yoshi joins the journey with special abilities. Power-up with Cloud Flower and Rock Mushroom transformations. Collect Power Stars across challenge-filled galaxies while Bowser threatens the universe. This enhanced release features 1080p resolution, improved UI, and all original content. The beloved Wii classic that refined 3D Mario platforming now playable portably with modern enhancements.",https://images.launchbox-app.com/4f647475-9ffd-4c7b-9411-2c6e5755ec04.jpg
Super Mario Maker 2,2019-06-28,,88,Platformer,"Create the Super Mario courses of your dreams or challenge yourself with courses made by players around the world. Build courses with tools and parts not found in traditional Mario games, from slopes to the new on/off switch. Play solo through 100+ built-in courses in Story Mode, or dive into Course World to experience endless player-created stages. New course parts include rising/falling water, the powerful Super Hammer, and the builder Mario power-up. Compete online in Versus Mode or team up in Co-op. Share your creations worldwide and watch as players from around the globe take on your courses.",https://images.launchbox-app.com/695722b8-5265-4e7e-b8d8-d450166f9c2c.jpg
Super Mario RPG,2023-11-17,,84,RPG,"The beloved SNES RPG returns completely reimagined with updated graphics and refined gameplay. Join Mario, Mallow, Geno, Bowser, and Princess Peach as they quest to repair Star Road and defeat the Smithy Gang. Battle enemies in turn-based combat enhanced with timed button presses for extra damage and defense. Explore the Mushroom Kingdom and beyond, solving puzzles and discovering secrets. The remade visuals bring characters and environments to vibrant 3D life while preserving the original's charming story and humor. New features include a soundtrack toggle and additional post-game content for longtime fans and newcomers alike.",https://images.launchbox-app.com/0be66a78-ae3b-4280-aa4e-8d6005373f15.jpg
Super Smash Bros. Ultimate,2018-12-07,,93,Fighting,"Gaming icons clash in the ultimate showdown featuring every fighter in series history plus dozens of newcomers. Battle across 103 stages, master over 80 characters from Nintendo history and beyond, and compete locally or online. World of Light adventure mode sends fighters on an epic journey to save the universe. New gameplay mechanics like directional air dodges and short hop attacks add competitive depth. Squad Strike lets you create teams for elimination matches. Stage Morph transforms battlefields mid-fight. Create custom rulesets, train amiibo fighters, or compose your own musical mashups from 900+ tracks.",https://images.launchbox-app.com/10b6c7ca-a587-47cb-b7ad-40a4ef710b24.png
Teenage Mutant Ninja Turtles: Shredder's Revenge,2022-06-16,,87,Beat 'em up,"Classic side-scrolling beat 'em up action returns as the Teenage Mutant Ninja Turtles battle through New York City to stop Shredder and Krang's latest scheme. Choose Leonardo, Donatello, Michelangelo, Raphael, April O'Neil, or Master Splinter, each with unique abilities and fighting styles. Bash through hordes of Foot Clan soldiers, Bebop, Rocksteady, and iconic villains across vibrant pixel-art levels inspired by the 1987 animated series. Features radical 6-player local and online co-op, satisfying combo system, and a totally tubular soundtrack that captures the spirit of classic TMNT arcade games. **Note:** If you're building a Wii U database and this entry appeared in your data, it's likely an error since this game never released on Wii U.",https://images.launchbox-app.com/c420ae38-d995-450f-a580-2752228142d8.jpg
Tales of Vesperia: Definitive Edition,2019-01-11,,81,RPG,"Step into a beautifully remastered JRPG adventure as Yuri Lowell, a former imperial knight seeking justice outside the law. This definitive edition features enhanced visuals, previously Japan-exclusive content including new playable characters Flynn and Patty, additional story scenarios, and refined mechanics. Master the flexible Linear Motion Battle System for real-time combat, build relationships with a diverse cast of companions, and explore a rich fantasy world where the line between heroism and vigilantism blurs. Experience over 50 hours of story-driven gameplay with full English and Japanese voice acting. **If you actually need Wii U data**, this entry should be marked as not applicable since the game doesn't exist on that platform. Which platform database are you actually populating?",https://images.launchbox-app.com/e202e101-0f83-4a7a-9549-f25cd32ae4d0.jpg
Tales of Xillia: Remastered,,,80,,"UNKNOWN_GAME **Question for clarification:** Are you perhaps referring to a different Tales game, or is this game confirmed to exist for Wii U? If you have verification this game was released for Wii U, I can help with the description based on the original Tales of Xillia gameplay.",https://images.launchbox-app.com/2df268e7-0346-4751-a4c8-dc8bc57a3e83.png
Teenage Mutant Ninja Turtles: Mutants Unleashed,2024-10-18,,66,Action,"Team up with Leonardo, Raphael, Donatello, and Michelangelo in this action-packed beat 'em up adventure through New York City. Battle waves of mutant enemies using each turtle's signature weapons and special abilities. Switch between all four turtles on the fly to unleash devastating combo attacks and take down massive bosses. Explore iconic TMNT locations, upgrade your heroes' skills, and work together to stop a dangerous new mutant threat. Features local co-op multiplayer so you and your friends can experience true turtle power together. **Please clarify:** Are you working on a Nintendo Switch database, or do you actually need Wii U-specific information for a different game?",https://images.launchbox-app.com/6d1b418e-d3db-45ce-88cf-f30e507b2b52.jpg
Teenage Mutant Ninja Turtles: Splintered Fate,2024-07-17,,73,Action,"Team up with Leonardo, Michelangelo, Donatello, and Raphael in this roguelike adventure through the Splatlands. Battle through procedurally generated levels filled with Foot Clan soldiers and mutant enemies, unlocking powerful upgrades and new abilities as you fight to rescue Splinter from the clutches of evil. Master each turtle's unique combat style, chain devastating combo attacks, and adapt your strategy with randomized power-ups. Every run offers fresh challenges and rewards in this fast-paced, replayable brawler that captures the heroes in a half-shell at their action-packed best. **Please clarify:** Are you actually building a Nintendo Switch database, or is there a different Wii U TMNT game you meant to ask about?",https://images.launchbox-app.com/01b0b389-18c7-42fd-85c3-edc557f52218.jpg
Tetris Effect: Connected,2021-10-08,,88,Puzzle,"Experience Tetris like never before in this mesmerizing audiovisual journey. Match blocks to the beat as stunning particle effects and evolving music react to every move you make. Journey through over 30 unique stages, each with distinct visuals and soundscapes. Connected mode adds cooperative and competitive multiplayer for up to three local players or online battles. Zone mechanic lets you stop time and clear multiple lines at once for spectacular combos. Whether seeking zen-like flow or intense competition, this is Tetris elevated to an art form. **If you actually need a different Wii U game**, please clarify which game you're looking for.",https://images.launchbox-app.com/5399dd23-f802-4ac2-af94-5d0a1416bdb0.png
Tetris Forever,2024-11-12,,85,Puzzle,"Celebrate over 40 years of Tetris history with this interactive documentary and game collection. Play over 15 classic Tetris versions spanning multiple eras, from the original 1988 release to rare variants you've never experienced. Dive into a rich timeline featuring video interviews with creator Alexey Pajitnov and key figures in Tetris history. Experience newly developed versions including Tetris Time Warp, which blends eras by warping between different rule sets mid-game. Whether you're a completionist hunting for achievements or a newcomer discovering why Tetris became a global phenomenon, this definitive collection offers endless puzzle action. **Please clarify: Do you want data for Nintendo Switch, or are you working on a different Wii U game?**",https://images.launchbox-app.com/a84b686f-18b2-4844-b053-df4db81969ef.jpg
The Binding of Isaac: Afterbirth+,2017-03-17,,85,Roguelike,"Descend into the twisted basement dungeons as Isaac, fighting through procedurally generated rooms filled with grotesque monsters using tears as weapons. This definitive edition combines the base game with Afterbirth and Afterbirth+ expansions, delivering over 500 hours of gameplay across multiple floors, secret areas, and alternate paths. Unlock hundreds of items that synergize in unexpected ways, transforming each run into a unique experience. Face off against challenging bosses, discover hidden secrets, and pursue countless endings. With daily challenges, local co-op, and brutal permadeath, every descent tests your skill and adaptability. However, if you need this marked as unavailable for Wii U, please let me know how you'd like to handle that case.",https://images.launchbox-app.com/9f434c7a-69a6-48c6-9e1e-4d3475a7ec62.jpg
The Elder Scrolls V: Skyrim,2017-11-17,,96,RPG,"Dragonborn, your fate calls. The Elder Scrolls V: Skyrim brings the epic fantasy to Switch with motion controls and amiibo support. Explore an massive open world as civil war divides the land and ancient dragons return. Forge your own path as warrior, mage, or thief while mastering dozens of skills and perks. Join guilds, complete hundreds of quests, battle dragons, and discover your destiny as Dragonborn. Shout with the power of the dragons using motion controls. Includes all official add-ons: Dawnguard, Hearthfire, and Dragonborn. With hundreds of hours of adventure, play anywhere on Switch.",https://images.launchbox-app.com/7aed0706-dd1c-49da-96d4-347212dd422b.jpg
The Legend of Zelda: Echoes of Wisdom,2024-09-26,4.01,85,"Action, Adventure","Step into Princess Zelda's first solo adventure as the true protagonist. When Link disappears into mysterious rifts, Zelda must save Hyrule using the Tri Rod's power. Create echoes by copying objects and enemies, then deploy them strategically to solve puzzles and battle foes. Summon beds to reach heights, conjure monsters as allies, or use water blocks as pathways. Explore top-down Hyrule filled with creative challenges rewarding experimentation. Bind to objects to move them, reverse bonds to cross gaps, and combine echoes in unexpected ways. Navigate the Still World within rifts to rescue citizens and uncover the truth behind the spreading darkness threatening the kingdom.",https://i.postimg.cc/5ynmPT4Q/d5dee728-73be-4c36-a7dc-4eaea0cf4b9d.png
The Legend of Zelda: Link's Awakening,2019-09-20,4.19,87,"Action, Adventure","Link has washed ashore on a mysterious island with strange and colorful inhabitants. To escape the island, Link must collect magical instruments across the land and awaken the Wind Fish. Explore a reimagined Koholint Island that’s been faithfully rebuilt in a brand-new art style that will entice fans and newcomers alike. Battle enemies as you conquer numerous dungeons and uncover the hidden secrets of the island. Encounter Super Mario enemies like Goombas, Piranha Plants, and more, and interact with unique locals who help Link on his adventure. As you clear dungeons throughout the main story, earn dungeon rooms (Chambers), then arrange them into custom layouts in the all-new Chamber Dungeon.",https://i.postimg.cc/BQCmhRG0/4452e539-721a-40b2-a15b-b5a5ab6d7a98.jpg
The Legend of Zelda: Skyward Sword HD,2021-06-16,,81,"Action, Adventure","The Legend of Zelda: Skyward Sword game soars onto Nintendo Switch! Take to the skies, draw your sword, and experience the earliest story in the Legend of Zelda series. Join Link in his high-flying quest to save Zelda, a childhood friend who must confront her destiny. Soar between floating islands and descend to the treacherous surface world in this updated HD version of the Legend of Zelda: Skyward Sword. Master realistic swordplay that matches your movements Swing your sword and angle your slashes to uncover and break through opponents' defenses using intuitive motion controls. Link will match the angle of each strike you make with the Joy-Con controller, creating immersive swordplay that relies on strategy and accuracy. Movements feel smoother and more immediate thanks to the Nintendo Switch system's increased processing power and HD graphics. Take advantage of the newly-added button only control scheme—perfect for playing in handheld mode or on the Nintendo Switch Lite system.",https://i.postimg.cc/SsT69DQm/fbba7db0-7b85-4a75-933f-43a7b9fc5de4.jpg
The Legend of Zelda: Tears of the Kingdom,12-05-2023,4.22,96,"Action, Adventure, Role-Playing","The Legend of Zelda: Tears of the Kingdom is a 2023 action-adventure game developed by Nintendo EPD and published by Nintendo for the Nintendo Switch. A sequel to The Legend of Zelda: Breath of the Wild, Tears of the Kingdom retains many aspects of its predecessor, including the open-world environment of Hyrule, which has been expanded to allow for more vertical exploration. Link, the protagonist of Tears of the Kingdom, is joined by Zelda and is opposed by a malevolent force that seeks to destroy Hyrule.",https://i.postimg.cc/Vstv72RH/20c45766-0bc0-410d-ab7c-58b6a4855f75.png
The Longest Five Minutes,2018-02-13,3.82,67,RPG,"Experience an RPG told in reverse as hero Flash Back awakens at the final boss battle with no memory of his journey. Relive fragmented memories of your adventure through flashback sequences triggered during the climactic fight. Each memory reveals part of your quest - from humble beginnings in a small village to gathering your party of heroes. The retro-styled turn-based combat and pixel art aesthetic pay homage to classic JRPGs while the innovative narrative structure keeps you guessing how each memory connects to the present battle. If you actually need Wii U data, this game doesn't exist on that platform. Would you like me to help with a different game, or did you mean to ask about Nintendo Switch data?",https://i.postimg.cc/kGB4R09d/635891-front.jpg
The Legend of Zelda: Breath of the Wild,2017-03-03,,97,Action-Adventure,"Explore a vast open world where you can go anywhere and tackle challenges in any order. Climb towers, scale mountains, and glide across Hyrule as Link awakens from a 100-year slumber. Hunt wildlife, cook meals, solve physics-based shrine puzzles, and battle enemies using weapons that break with use. Master the paraglider, manipulate metal objects with magnesis, freeze water with cryonis, and stop time with stasis. Discover over 120 shrines, tame wild horses, and uncover memories of the past while facing the corrupted Divine Beasts and Calamity Ganon in this revolutionary take on the Zelda formula.",https://images.launchbox-app.com/ebbbcb6a-208e-4fe5-ad5d-ee4576f13641.jpg
Triangle Strategy,2022-03-04,,83,Tactical RPG,"Command your forces in this epic tactical RPG where every decision shapes the fate of three nations locked in conflict. Position units on multi-tiered battlefields, exploit terrain and elevation, and execute devastating follow-up attacks. Between battles, gather information, strengthen convictions, and make choices that determine which characters join your cause and which of multiple story paths you'll follow. With branching narratives driven by your decisions, deep turn-based combat, and a morally complex tale of war and politics, your strategies both on and off the battlefield will decide the future of Norzelia.",https://images.launchbox-app.com/3ea47fc1-6700-4d43-aabd-2e3aaef9b0a7.png
Ultra Street Fighter II: The Final Challengers,2017-05-26,,66,Fighting,"The definitive version of the legendary fighting game returns with enhanced visuals and new gameplay modes. Choose from 19 warriors including classic characters and Evil Ryu and Violent Ken, then battle through arcade mode or test your skills against friends locally or online. Master devastating combos, parries, and super moves across iconic stages. New Buddy Battle mode lets two players team up against a single powerful opponent, while Way of the Hado offers a first-person perspective bonus mode. Whether you're a series veteran or new challenger, this enhanced edition delivers fast-paced fighting action. If you actually need data for a different Street Fighter game that **was** on Wii U, please clarify which title you're looking for.",https://images.launchbox-app.com/14df72d7-185a-483d-88ad-b10a3f27d634.png
We Were Here,2021-02-03,,63,Puzzle,"Team up with a friend in this asymmetric cooperative puzzle adventure where communication is your only tool for survival. Trapped in an abandoned castle, you and your partner are separated and must rely entirely on voice chat to describe what you see and solve environmental puzzles together. Each player experiences different rooms with unique clues that must be shared to progress. Explore the mysterious Castle Rock, uncover its dark secrets, and work together to escape. True cooperation is mandatory—you literally cannot succeed alone. If you're actually building a Wii U database and this game wasn't released on that platform, you may want to skip this entry or clarify which platform database you're working on.",
Xenoblade Chronicles 2,2017-12-01,,83,RPG,"Command a band of Drivers and their living weapon companions called Blades in this epic JRPG adventure. Join Rex and the aegis Pyra as they search for the ultimate paradise of Elysium atop the World Tree. Master real-time combat that blends positioning, driver arts, and blade combos to chain devastating attacks. Explore the massive bodies of ancient Titans that form the world's continents, each with distinct ecosystems and cultures. Customize your party with dozens of unique Blades, each offering different weapons, elements, and field skills that unlock new paths and secrets. However, if you're looking for the original **Xenoblade Chronicles X** which WAS released for Wii U, let me know and I can provide that data instead.",https://images.launchbox-app.com/08652ae7-93e9-4b2a-b300-fb41ffb43528.jpg
Xenoblade Chronicles Definitive Edition,2020-05-29,,89,RPG,"Discover the origins of Shulk as he wields the Monado to battle mechanical gods. This definitive edition features remastered visuals, updated UI, and quality-of-life improvements. Journey across the massive bodies of two fallen titans, Bionis and Mechonis. Master the real-time combat system with position-based attacks and vision of the future. Build affinity with party members and explore the detailed world. Includes the new epilogue story Future Connected featuring Shulk and Melia one year after the main game. Experience the complete epic that launched the acclaimed Xenoblade series.",https://images.launchbox-app.com/1733ff18-e49f-4f4a-9b6f-6bd8338ad4cb.jpg
Xenoblade Chronicles X Definitive Edition,,,87,,"UNKNOWN_GAME If you meant the original **Xenoblade Chronicles X** for Wii U, I can provide that information instead. Or if this is a recently announced title after my knowledge cutoff, please let me know and I can mark it appropriately.",https://images.launchbox-app.com/bfaf1f45-662e-4c6e-9158-f7912a4a8570.png
Yonder: The Cloud Catcher Chronicles,2017-05-17,,64,Adventure,"Explore a vibrant open world free from combat in this relaxing adventure. Traverse eight distinct biomes from tropical beaches to snowy mountains on the island of Gemea. Farm, fish, craft, cook, and brew while helping villagers with quests. Join guilds to master skills like tailoring and carpentry. Dispel the mysterious Murk by collecting Sprites and uncovering the island's secrets. Customize your character and build your own farm. With a dynamic day/night cycle and changing seasons, discover a stress-free world focused on exploration and creativity.",https://images.launchbox-app.com/74a9b83d-baf4-417d-b8da-b229539ab160.png
Yoshi's Crafted World,2019-03-28,3.67,79,Platform,"Jump into a new Yoshi adventure in a world made of everyday objects - like boxes and paper cups! As Yoshi, you’ll leap up high, gulp down enemies, and set out on a treasure hunt to find all the different collectibles. On the flip side, stages can be played backwards, providing new perspectives to explore and new ways to locate some of the more craftily hidden items! It all started when Kamek and Baby Bowser set out to steal a gem-set stone. Legend has it that this fabled artifact can grant the bearer their wildest dreams! But when the artifact’s gems are sent flying, it falls upon Yoshi and friends to find them. Luckily, saving the day can be cooperative and challenging. Pass a Joy-Con controller to a friend to team up as fellow Yoshis. Also, Mellow mode gives Yoshi wings for a breezier experience, which may come in handy! Finding all the flowers, coins, and Poochy Pups is no small feat! For extra protection, suit up in one of the handicraft costumes you can unlock in-game!",https://i.postimg.cc/nrxqtcth/6dd4d3fb-e98b-412f-8fb2-f1e2409f7b28.jpg
Ys IX: Monstrum Nox,2021-07-06,,80,Action RPG,"Explore the prison city of Balduq as cursed swordsman Adol Christin, who transforms into a Monstrum with supernatural abilities. Battle through real-time combat encounters, scale walls and buildings with acrobatic parkour movement, and uncover the dark mysteries lurking within the city's shadows. Team up with other Monstrum to investigate supernatural incidents, switch between characters mid-battle to unleash devastating combos, and upgrade your party's skills and equipment. Features the series' signature fast-paced action combat system with enhanced mobility options and a gripping story of outcasts fighting against sinister forces. **If this is truly for Wii U:** RELEASE_DATE: UNKNOWN GENRE: UNKNOWN DESCRIPTION: UNKNOWN_GAME Which platform are you actually tracking this game for?",https://images.launchbox-app.com/r2_713fcff0-59c4-4049-a0e8-d3b1e5426ee3.jpg
Ys Origin,2020-10-01,,82,Action RPG,"Descend into the depths of the Devil's Tower in this fast-paced action RPG prequel to the legendary Ys series. Choose from three playable characters, each with unique combat styles and magic abilities, as you uncover the ancient mysteries of Ys. Battle through hordes of monsters with fluid, skill-based combat, level up your powers, and face massive boss encounters. Experience the origin story that started it all, featuring beautiful sprite-based graphics, an epic soundtrack, and multiple paths through a tower filled with secrets, traps, and treasures. Please confirm which platform you actually need data for, and I'll provide the correct information.",https://images.launchbox-app.com/f2e9f85d-33eb-4ca6-b604-7d1737bb518b.png
Ys X: Nordics,2024-10-25,,80,Action RPG,Set sail across the Obelia Gulf as red-haired adventurer Adol partners with pirate Karja. Real-time action combat gains new depth with the Cross Action duo system linking both heroes for powerful combination attacks. Navigate between naval exploration and on-foot dungeon crawling. Customize your ship for sea battles and treasure hunting. The Mana Action system replaces traditional magic with special abilities. Discover the truth behind the conflict between seafaring clans and the immortal Griegr. Fast-paced combat meets nautical adventure in the newest entry of the long-running action RPG series.,https://images.launchbox-app.com/r2_4a5c3d72-669b-43c9-a57b-19e9c4203e7c.jpg
