title,released,gf_score,metascore,genre,description,cover_art_url
007 Legends,2012-12-11,3.33,,Action,"007 Legends is a first-person shooter video game featuring the character of British secret agent James Bond. It was developed by Eurocom and released by Activision on October 2012 for PlayStation 3 and Xbox 360, November 2012 for Microsoft Windows and December 2012 for Wii U. The game is available as physical optical disc media, as well as a digital release download via PlayStation Network and Xbox Live Marketplace on date of release. It was removed off all other digital stores without warning.",https://images.launchbox-app.com/e4eef476-2759-4d8b-8dd9-2938c7b6b42e.jpg
1001 Spikes,2014-06-03,3.9,,Platformer,"Prepare to die. A lot. This brutally challenging retro-style platformer demands pixel-perfect precision as you guide adventurer Aban Hawkins through ancient temples filled with deadly traps, spikes, and devious obstacles. Every level is a gauntlet of instant death, where timing and memorization are everything. With over 100 stages of punishing difficulty, unlockable characters each with unique abilities, and competitive multiplayer modes, 1001 Spikes rewards persistence with that sweet taste of victory after countless failures. The 8-bit aesthetic masks a modern design philosophy that respects your intelligence while testing your reflexes.",https://images.launchbox-app.com/61c5ff49-428b-4c48-a6de-9b638a12095b.png
140,2016-11-29,,,Rhythm Platformer,"140 is a mesmerizing rhythm-action platformer where music and gameplay merge into one synchronized experience. Guide a shape-shifting geometric character through minimalist abstract worlds that pulse, shift, and transform in perfect harmony with the electronic soundtrack. Every jump, dash, and movement must be precisely timed to the beat as platforms materialize, obstacles animate, and the environment breathes with the music. The game strips away all unnecessary elements to create a pure challenge of rhythm and reflexes across three increasingly intense levels. Each stage introduces new mechanics that test your ability to internalize the beat while navigating deadly hazards.",https://images.launchbox-app.com/809e7a03-bc43-4bf5-97b7-ba89e7a168f5.png
153 Hand Video Poker,2016-06-02,2.9,,Card / Casino,"Play 153 hands of video poker simultaneously in this unique casino simulation from Skunk Software. Each dealt hand triggers a corresponding piano chord based on its rank, creating an audiovisual poker experience. Choose your holds across all hands, then watch as the game analyzes each result in sequence. Features standard video poker gameplay including Jacks or Better rules, with the distinctive twist of managing over a hundred hands at once. The sheer scale transforms traditional video poker into a test of patience as you wait through extended analysis sequences to see your winnings across all active hands.",https://images.launchbox-app.com/103fd0de-16c2-43e8-a8a8-a4b71a1a0d19.png
360 Breakout,,3.69,,,,https://images.launchbox-app.com/7f74da53-5b2f-4c64-8a73-ba80a451e5a6.png
3Souls,,3.33,,,,https://images.launchbox-app.com/00d75148-dd1d-4369-8712-d05e8930e3a0.png
6-Hand Video Poker,,3.61,,,"Experience casino-style video poker on your Wii U with the ability to play six hands simultaneously. Start with a set amount of credits and place bets across all six hands at once. Choose which cards to hold or discard, then watch as your hands are compared against the pay table for payouts. Features unlimited play with a realistic pay structure and a Las Vegas-themed backdrop. Track your credit totals across sessions as you aim to build your virtual bankroll through strategic card play and lucky draws in this digital poker experience.",https://images.launchbox-app.com/92e6ae36-5d72-492e-827b-54b92aa19582.png
6180 the Moon,2017-09-07,4.15,,Platformer,"Defy gravity in this minimalist puzzle platformer where the moon has disappeared and the sun has gone dark. Play as the moon itself, navigating through a mysterious universe by inverting gravity and seamlessly wrapping between the top and bottom of the screen. Each of the 60+ levels presents intricate challenges that demand precise timing and creative thinking as you master the unique screen-wrapping mechanic. Accompanied by a hauntingly beautiful ambient soundtrack, guide the moon through ethereal environments in search of the sun.",https://images.launchbox-app.com/d90487e4-36c5-4af3-946b-331cb2667fd3.png
8Bit Hero,2016-05-12,4.13,,Action Adventure,"Team up with up to four friends in this retro hack-and-slash adventure that blends 2D pixelated characters with 3D environments. Battle through eight worlds and over 30 challenging levels across three difficulty modes—Casual, Arcade, or Hardcore. Explore a secret-filled world to discover hidden weapons, tools, and pixel pieces that extend your hit points. Customize your attacks with special equipment found throughout your journey and spend loot on upgrades. The unique visual style features cardboard-like characters in a pop-up book aesthetic, creating a distinctive retro arcade experience with local co-op gameplay. Sources: - [8Bit Hero Review (Wii U eShop) | Nintendo Life](https://www.n...",https://images.launchbox-app.com/1b8b53f9-d0c0-4dfc-bf2d-5b6dea5bbbee.png
99Moves,2014-02-13,3.64,,Puzzle,"99Moves is a unique puzzle game that challenges you to clear the board in exactly 99 moves or less. Each level presents a grid filled with colored blocks that you must eliminate by matching three or more of the same color. The twist? Every single move counts toward your strictly limited total of 99 moves across the entire game. Strategic planning is essential as you progress through increasingly complex puzzles, deciding when to make aggressive plays and when to conserve moves for later challenges. Chain reactions and careful positioning become critical as the difficulty ramps up. Can you master the perfect sequence of moves to conquer all levels before your move counter hits zero?",https://images.launchbox-app.com/2ef5f7ee-b42c-4061-a619-dc96ece71208.png
99Seconds,2015-05-28,4.0,,Puzzle,"Race against time in this fast-paced puzzle platformer where every second counts. You have just 99 seconds to navigate through increasingly challenging levels filled with obstacles, traps, and hazards. Collect stars to add precious time to your dwindling clock while avoiding deadly spikes, moving platforms, and other dangers. Master tight controls and precise timing as you dash, jump, and wall-slide through compact levels designed for speedrunning. Each completion unlocks new stages with devious layouts that demand quick reflexes and smart routing. With minimalist pixel art and addictive one-more-try gameplay, every fraction of a second matters in your quest to beat the clock.",https://images.launchbox-app.com/c9b207ef-9a2f-45bc-a851-9ab8d8696ccf.png
A Day at the Carnival,2017-07-06,,,Party / Mini-Game Collection,"Step into a desolate carnival wasteland where colorful tents house simple yet engaging mini-games designed for family fun. Play through six carnival classics including skeeball and dart throwing, each offering straightforward gameplay that anyone can enjoy. Rack up points across the various attractions to unlock the secret seventh mini-game and prove your carnival skills. Created by independent developer Thornbury Software with simplified graphics and accessible mechanics, this budget-friendly collection delivers quick carnival thrills.",https://images.launchbox-app.com/3946141e-a814-4876-bc3f-7c9d1591ec59.jpg
A World of Keflings,2013-12-26,3.6,,Strategy,"Build and expand a thriving kingdom with the help of tiny Keflings in this charming city-building adventure. As a giant among the pint-sized inhabitants, you'll gather resources, construct buildings, and shape entire cities across colorful fantasy worlds. Command your Kefling workers to harvest materials, transport supplies, and bring your architectural visions to life. Explore multiple kingdoms, each with unique themes and challenges. Customize your giant avatar and unlock special buildings as you progress. The game blends relaxing creativity with strategic planning, letting you build at your own pace while discovering new blueprints and expanding your influence across the land.",https://images.launchbox-app.com/1afaf17b-3d4d-4795-9d33-94bd727db3c2.jpg
A.C.E.,2017-03-16,3.25,,Arcade Action,"Aliens have infested cities across the world, and it's your job to clean them up in this brutally challenging arcade throwback. Inspired by 90s coin-op machines, ACE offers no menus, no options, and no easy mode—just pure, unforgiving action where one hit means game over. Battle through procedurally generated levels, rack up high scores, and compete against players worldwide on the online leaderboards. With its old-school difficulty and score-chasing gameplay, ACE delivers an authentic arcade experience that demands precision, quick reflexes, and nerves of steel. Can you survive the alien cleanup? Character count: 598 Sources: - [A.C.E.",https://images.launchbox-app.com/012c0115-56ca-4163-9770-16a479b37d14.png
Absolutely Unstoppable MineRun,2017-04-13,1.64,,Auto-run Platformer,"A challenging vertical auto-runner where an out-of-control Miner must escape rising lava. Navigate 16 vertical levels of escalating difficulty using precisely timed jumps and double jumps to reach the top. Features 3 objectives per level for added challenge. Supports 1-5 players with two multiplayer modes, including a unique ""Describe & Draw"" mode. Difficulty ranges from very easy to near-impossible, demanding memorization and timing over pure skill.",https://images.launchbox-app.com/d6a1587e-3ce7-4a45-af49-9dd4b8249911.png
Abyss,2014-05-01,3.36,,Action/Survival,"Guide Nep2no, a bio-mechanical deep-sea submarine, through the ocean depths in the year 3024 to harvest Gaia energy stones. Navigate 12 increasingly challenging missions while battling gravity's constant pull in this physics-based survival game. Collect energy sources while avoiding obstacles in the dark abyss. Features competitive two-player mode with asymmetric GamePad and TV play, plus unlockable Dark Mode with tougher challenges and time-attack Arcade Mode for skilled players. Sources: - [Abyss Review (Wii U eShop) | Nintendo Life](https://www.nintendolife.com/reviews/wiiu-eshop/abyss) - [Abyss | Nintendo Fandom](https://nintendo.fandom.com/wiki/Abyss) - [EnjoyUp Games Bringing Abyss to",
Act It Out!,,3.78,,,,https://images.launchbox-app.com/71048470-de61-402b-ab66-3fde6dd17857.png
Adventure Party - Cats and Caverns,2016-08-18,4.11,,Party RPG,"A unique tabletop-inspired party RPG where one player becomes the Storyteller using the GamePad to control the world, while up to four Adventurers explore dungeons filled with feline-themed creatures. Players collaborate through role-playing interactions as the Storyteller narrates their journey through caverns, presenting challenges and controlling NPCs. Features four story missions offering 10-15 hours of cooperative gameplay that blends digital gaming with pen-and-paper RPG mechanics, emphasizing creative storytelling and player interaction over traditional combat systems. Sources: - [Adventure Party: Cats and Caverns (2016) | Wii U eShop Game | Nintendo Life](https://www.nintendolife.co",
Adventure Time Explore the Dungeon Because I Don't Know!,2013-11-19,3.38,,Action RPG,"Join Finn and Jake in this dungeon-crawling adventure through the Secret Royal Dungeon beneath the Candy Kingdom. Princess Bubblegum has tasked you with exploring 100 floors of monster-filled mayhem to uncover why the creatures inside are acting so weird. Battle through procedurally-generated levels solo or team up with up to four friends in local co-op, choosing from beloved characters including Finn, Jake, Marceline, Cinnamon Bun, and others. Collect treasure, upgrade your heroes' abilities, and unleash special attacks as you descend deeper into the dungeon. Featuring the show's signature humor and art style, you'll encounter familiar faces and discover new secrets in the Land of Ooo.",https://images.launchbox-app.com/c7e5f2b1-4a41-4d28-bafd-80aaddcf546a.jpg
Adventure Time Finn and Jake Investigations,2015-10-20,3.42,,Adventure,"Join Finn and Jake in this adventure game that brings the Land of Ooo to life with an original story and the humor fans love. Investigate strange occurrences across five exciting cases, from mysterious disappearances to supernatural happenings. Use Finn's sword skills and Jake's shape-shifting abilities to solve puzzles, battle enemies, and interrogate colorful characters from the show. Explore 3D environments across familiar locations, collect clues, and piece together evidence. The game features full voice acting from the original cast and captures the show's distinctive art style and comedic tone. Perfect for Adventure Time fans and newcomers alike. Character count: 663",https://images.launchbox-app.com/6c6da87d-550b-40ed-bd24-1ef590a6c614.jpg
Adventures of Pip,2015-06-04,3.83,,Platformer,"Adventures of Pip is a side-scrolling action platformer where you literally evolve your character through three distinct pixel forms. Start as a single pixel, then transform into an 8-bit hero, and finally a detailed 16-bit warrior. Each form has unique abilities: the single pixel can float and fit through tiny gaps, 8-bit Pip delivers powerful punches, and 16-bit Pip wields a sword for combat and wall-jumping. You'll need to master evolving and devolving between forms to solve environmental puzzles, defeat enemies, and navigate cleverly designed levels. Battle through five worlds to rescue the kidnapped princess and restore the Pixel Kingdom from the evil Skeleton Queen.",https://images.launchbox-app.com/8ee29044-7bf5-437b-9b7e-91345ec5b6df.png
Aenigma Os,,3.33,,,,https://images.launchbox-app.com/18216623-e522-4faa-9856-522aed68c7b5.png
Affordable Space Adventures,2015-04-09,3.96,81,Action,"Affordable Space Adventures is a puzzle adventure game developed and published by NapNok Games in collaboration with Nifflas' Games. The game was released for the Wii U via the Nintendo eShop download service on April 9, 2015. The game's main gameplay feature is its unique use of the Wii U Gamepad to control a spaceship by using the controls shown on the touch-screen including two different engines and other controls. .",https://images.launchbox-app.com/fb24f2c3-d33f-4d1a-a414-175d8774f13d.png
Alice in Wonderland,2016-09-01,2.5,,Interactive Storybook,"An interactive visual novel adaptation of Lewis Carroll's classic tale. Choose chapters, select settings, and experience the timeless story of Alice's journey through Wonderland with narrated text, 2D character illustrations over photographic backgrounds, and occasional story choices. Designed to bring classic literature to life for young audiences who prefer visual storytelling over traditional reading. Features the complete original story across multiple chapters. Sources: - [Alice in Wonderland (Wii U eShop) Review - Seafoam Gaming](https://seafoamgaming.com/2016/10/08/alice-in-wonderland-wii-u-eshop-review/) - [Alice in Wonderland (2016) | Wii U eShop Game | Nintendo Life](https://www.n",
Alphadia Genesis,2014-10-30,4.15,,RPG,"Alphadia Genesis is a classic-style Japanese RPG that combines traditional turn-based combat with a deep narrative spanning two intertwined worlds. Play as Fray and his companions as they uncover the mystery behind dangerous energy clones threatening the kingdom. The game features a rich job system allowing characters to master multiple classes, strategic turn-based battles with combo attacks, and extensive character customization. Explore dungeons, solve puzzles, and engage in side quests across vibrant environments.",https://images.launchbox-app.com/52a35242-7dd9-4d0c-b0c3-64bc6d3a35f0.jpg
amiibo Tap,2015-04-30,3.05,,Demo Collection,"amiibo Tap transforms your amiibo figures into keys that unlock playable scenes from classic NES games. Each amiibo reveals a different retro Nintendo title, letting you experience iconic moments from games like Super Mario Bros., The Legend of Zelda, Metroid, and more. Tap an amiibo to the GamePad and discover which game you've unlocked, then play through a timed demo scene showcasing memorable levels and gameplay. With multiple NES classics available and different amiibo unlocking different titles, this free application offers a nostalgic journey through Nintendo's 8-bit heritage while adding new purpose to your amiibo collection.",https://images.launchbox-app.com/6865af2c-7d11-44b1-ae71-00a57f248a9a.jpg
Angry Birds Trilogy,2013-08-13,3.54,,Puzzle,"Launch into addictive physics-based mayhem with three complete Angry Birds adventures in one package. Sling your feathered arsenal across hundreds of levels from the original Angry Birds, Seasons, and Rio, using the Wii U GamePad's intuitive touchscreen controls or traditional inputs. Each bird brings unique abilities to demolish the egg-stealing pigs' increasingly elaborate fortifications. Master precision shots, discover hidden bonus content, and chase three-star perfection through diverse themed worlds ranging from tropical beaches to snowy wonderlands.",https://images.launchbox-app.com/ca8b4c7b-8aac-4386-ab19-84f80e26946f.jpg
Angry Birds: Star Wars,2013-10-29,3.69,,Puzzle,"Join an epic adventure with the Angry Birds in the legendary Star Wars universe, re-mastered for gaming systems! Use the Force, wield your Lightsaber, and blast away Pigtroopers on an intergalactic journey from the deserts of Tatooine to the depths of the Pig Star! Can you become a Jedi Master and restore freedom to the galaxy?",https://images.launchbox-app.com/2be1dc7d-31d9-4da5-a8f3-24442f89b669.jpg
Angry Bunnies - Colossal Carrot Crusade,,2.88,,,,
Angry Video Game Nerd Adventures,2013-10-06,3.77,,Platformer,"Angry Video Game Nerd Adventures is a brutally challenging retro platformer that throws you into the Nerd's pixelated nightmare. Battle through eight fiendishly difficult stages filled with death blocks, impossible jumps, and references to gaming's most notorious failures. Armed with your trusty Zapper and special weapons like the Super Scope and Power Glove, you'll face bosses inspired by terrible games while the Nerd's signature crude humor drives the experience. This is old-school difficulty cranked to eleven—expect to die hundreds of times as you navigate pixel-perfect jumps and memorize enemy patterns.",https://images.launchbox-app.com/9ca81508-4310-4d43-9260-2b8ab376f92e.jpg
Animal Crossing Plaza,2013-08-07,3.24,,Miscellaneous,"Animal Crossing is a social simulation video game series developed and published by Nintendo and was created by Katsuya Eguchi. In Animal Crossing, the player character is a human who lives in a village inhabited by anthropomorphic animals, carrying out various activities including fishing, bug catching, fossil hunting, etc. The series is notable for its open-ended gameplay and extensive use of the video game consoles' internal clock and calendar to simulate real passage of time.",https://images.launchbox-app.com/01c6544c-0237-4d86-9c71-8a94b729beeb.jpg
Animal Crossing: amiibo Festival,2015-11-13,2.92,46,Miscellaneous,"Animal Crossing: Amiibo Festival is a party video game developed by Nintendo and NDcube for the Wii U. The game is a spin-off of the Animal Crossing series, and was released worldwide in November 2015.",https://images.launchbox-app.com/eda6613e-e8fd-4329-899e-fae357b4cef6.jpg
Animal Gods,2017-04-06,1.5,,Action-Adventure,"Play as Thistle, an ancient hunter on a mission to destroy the curse plaguing fallen gods in Bronze Age Europe. This beautifully illustrated top-down adventure combines zen-like exploration with skill-based puzzling and precision platforming. Choose your path through the Gardens of Gwyn, Halls of Eynd, and Coast of Syn, wielding a Bronze Age sword against one-hit-kill challenges. Each dungeon offers unique weapons and upgrades as you battle to free the cursed Animal Gods through approximately 75% skill and 25% strategy-based gameplay. Sources: - [Animal Gods for Wii U - Nintendo Game Details](https://www.nintendo.com/games/detail/animal-gods-wii-u/) - [Animal Gods (2017) | Wii U eShop Game",https://images.launchbox-app.com/2ccffb99-77e2-46ec-98a3-40b393b2e0bc.jpg
Annihilation,2017-08-31,,,Arcade Shooter,"Defend your base in this top-down arcade shooter as endless waves of enemies spawn in random variations. Battle solo or team up with a friend in co-op mode to fight off the relentless onslaught. Face increasingly challenging waves as you protect your position and rack up points. Simple but intense gameplay designed for quick sessions, with randomized enemy patterns keeping each playthrough fresh. Sources: - [Annihilation (2017) | Wii U eShop Game | Nintendo Life](https://www.nintendolife.com/games/wiiu-eshop/annihilation) - [Annihilation | Wii U download software | Games | Nintendo UK](https://www.nintendo.com/en-gb/Games/Wii-U-download-software/Annihilation-1301791.html) - [Review: Annihil",https://images.launchbox-app.com/9d810842-e124-446e-84fa-24bd832abe54.png
Another World - Out of This World,2014-05-08,4.24,,Action,"You are Lester Knight Chaykin, a brilliant physicist whose experiment goes catastrophically wrong, teleporting you to a hostile alien world. Armed with nothing but your wits and eventually an energy pistol, you must survive deadly encounters with indigenous creatures and alien captors. This cinematic platformer pioneered rotoscoped animation and atmospheric storytelling without dialogue. Navigate treacherous environments through precision jumping, puzzle-solving, and strategic combat. Form an unlikely alliance with an alien prisoner as you fight to escape. Every screen presents a new lethal challenge requiring quick reflexes and careful observation.",
Aqua Moto Racing Utopia,2016-01-21,3.77,,Racing,"Aqua Moto Racing Utopia delivers high-speed jet ski racing action across stunning open-world environments. Pilot powerful watercraft through dynamic ocean waves, perform gravity-defying stunts, and master challenging courses in both single-player and multiplayer modes. The game features a robust career mode where you'll unlock new vehicles and customize your ride with performance upgrades. Race through tropical paradises, navigate treacherous weather conditions, and compete in various event types including circuit races, time trials, and freestyle competitions. The Wii U GamePad integration provides unique control options and real-time race data.",https://images.launchbox-app.com/1316340a-a06f-44a4-87b3-85cbbe201701.jpg
Archery,2016-09-29,,,Sports,"An archery tournament featuring multiple levels from easy indoor target ranges to challenging outdoor courses. Aim carefully and hit stationary and moving animal-shaped targets to earn points and advance through increasingly difficult stages. Designed with younger players in mind, this arcade-style archery simulator uses the Wii U GamePad or Wii Remote for aiming. Progress through sharp-shooter challenges by meeting point requirements in each level, testing your precision and timing across varied environments and target configurations. Sources: - [Archery by Thornbury Software - Nintendo Official Page](https://www.nintendo.com/games/detail/archery-by-thornbury-software-wii-u/) - [Archery by",https://images.launchbox-app.com/d265b9b0-4a2f-4da0-9e3c-5ada48b46bc1.jpg
Armikrog,2016-09-13,3.96,,Adventure,"Step into a handcrafted world of stop-motion clay animation in this unique point-and-click adventure from the creators of Earthworm Jim and The Neverhood. You are Tommynaut, a space explorer who crash-lands on a mysterious planet with your blind alien dog Beak-Beak. Together you must explore the fortress of Armikrog, solving environmental puzzles and uncovering the secrets of this strange world. Every frame is meticulously crafted in physical clay, creating a distinctive visual style unlike anything else. Navigate bizarre rooms, interact with peculiar creatures, and piece together the story through exploration and discovery in this homage to classic adventure games.",https://images.launchbox-app.com/cd2ddbf9-1668-42db-93d1-535b1257382a.png
Armillo,2014-09-03,3.88,,Platformer,"Roll into action as Armillo, a space armadillo on a mission to save his home planet from an alien invasion. This creative 3D platformer blends classic rolling gameplay with unique spherical level design. Navigate through vibrant planets by rolling, boosting, and bouncing across challenging obstacle courses. Collect orbs, rescue critters called cubes, and battle mechanical enemies in fast-paced environments. Switch between the colorful 3D worlds and retro-inspired 2D bonus stages for variety. Use special power-ups to freeze time, grow massive, or blast through enemies.",https://images.launchbox-app.com/c57f2bcc-2191-44c6-b5be-9c0bd5f61c84.png
Armored Acorns,2017-03-23,3.83,,Beat 'em up,"Four squirrels equipped with advanced robots must save their friends from an evil cat CEO in this retro-inspired beat 'em up. Play as Flapjack, Foxglove, Nitelite, and Pothole through caves, forests, and cities. Features 1-4 player local co-op with unique repair abilities to revive teammates. Control squirrels, robots, and vehicles while unleashing special Armored Mode super abilities. Comic-style cutscenes and quirky dialogue accompany the arcade-style brawling action. Use the Wii U GamePad to scan enemies for helpful hints. Sources: - [Co-Optimus - Armored ACORNs: Action Squirrel Squad](https://www.co-optimus.com/game/8382/nintendo-wii-u/armored-acorns-action-squirrel-squad.html) - [GameF",https://images.launchbox-app.com/f7d2d68a-05f5-4fd2-b420-2e4c2e2e2424.png
Arrow Time U,2014-09-18,,,Puzzle/Action,"Guide a neon blue arrow through 40 challenging levels to reach the portal exit. Navigate obstacles and solve puzzles using special abilities including a meter-limited slide power to phase through objects, time-slowing mechanics, and diagonal gliding movement. Race against the clock while managing limited health and power resources. Every 10th level features a boss battle. Developed by XenoHorizon for the Wii U eShop. Sources: - [Arrow Time U Review (Wii U eShop) | Nintendo Life](https://www.nintendolife.com/reviews/wiiu-eshop/arrow_time_u) - [Arrow Time U (2014) | Wii U eShop Game | Nintendo Life](https://www.nintendolife.com/games/wiiu-eshop/arrow_time_u) - [Arrow Time U (Wii U) Review - P",https://images.launchbox-app.com/fe9266e2-c5e3-4fcd-8e47-1f182c0e33a3.png
Art Academy Home Studio,2015-06-25,3.76,,Creative/Art,"Art Academy: Home Studio transforms your Wii U into a comprehensive digital art studio where you can create beautiful paintings and drawings using the GamePad as your canvas. Master various artistic techniques through guided lessons that teach everything from basic sketching and color theory to advanced painting methods, or dive straight into Free Paint mode to unleash your creativity without restrictions. Use the stylus to work with realistic tools including pencils, pastels, and oil paints that respond naturally to pressure and stroke direction. The lessons are taught by experienced instructors who provide step-by-step guidance suitable for beginners and experienced artists alike.",https://images.launchbox-app.com/795300bf-24d3-45cf-84f6-4842df37a49f.png
Art Academy: SketchPad,2013-08-09,3.77,70,Miscellaneous,"Art Academy, also known as Art Academy: Learn painting and drawing techniques with step-by-step training in the PAL regions and Artistic Taste Classroom DS in Japan, is an art training software for the Nintendo DS handheld game console. It was developed by Headstrong Games, and published by Nintendo. Art Academy was originally a two-part training application only available for download via the DSiWare service since 2009. It was later re-released in 2010 as a fully compiled, retail-able DS Game Card with added features, thus also making it available for original Nintendo DS and Nintendo DS Lite users.",https://images.launchbox-app.com/24a6e675-48fd-4cbe-b436-58e117a8a9b3.jpg
Art of Balance,2014-10-09,4.03,82,Puzzle,"Art of Balance is a physics-based puzzle video game developed and published by Shin'en Multimedia. The game was originally released on WiiWare in 2010, then ported to the Wii U's eShop in 2013, PlayStation 4 in 2016 and to Nintendo Switch in 2018. A version was also ported to the Nintendo 3DS's eShop in 2012, titled Art of Balance TOUCH!",https://images.launchbox-app.com/daea58ab-4467-4b5c-9f29-89e5416e1b3a.jpg
Ascent of Kings,2015-10-22,3.83,,Action Platformer,"Race to claim the throne in this side-scrolling adventure-platformer with retro 8-bit style. Play as the youngest of four siblings competing to become king. Explore dangerous passages filled with creatures and deadly traps, solve puzzles to access twelve elemental shrines, and unlock new abilities like extended swimming and climbing to reach previously inaccessible areas. Throw stones to defend yourself while navigating challenging platforming sections. Features responsive controls with Off-TV Play support on GamePad. Sources: - [Ascent of Kings Review (Wii U eShop) | Nintendo Life](https://www.nintendolife.com/reviews/wiiu-eshop/ascent_of_kings) - [Ascent of Kings for Wii U - Nintendo Game",https://images.launchbox-app.com/839d84a7-e2f9-41c3-82f2-0fd309e04ab3.jpg
Asdivine Hearts,2016-06-30,3.99,,RPG,"Embark on a grand fantasy adventure across the world of Asdivine in this classic-style JRPG. A century after a catastrophic event, deity Asdivine Light descends in cat form, enlisting a young man named Zack and his companions to prevent the world's destruction. Battle through turn-based encounters with a unique trust system that unlocks powerful combo attacks as relationships deepen. Craft weapons, customize skills, and develop your party through an extensive growth system. Explore diverse environments from bustling towns to perilous dungeons while unraveling a conspiracy threatening the realm.",https://images.launchbox-app.com/43f09f1d-7782-4680-9afe-daa535b42a9f.png
Assassin's Creed III,2012-11-18,3.69,85,Action Adventure,"Assassin's Creed III is a 2012 action-adventure video game developed by Ubisoft Montreal and published by Ubisoft for PlayStation 3, Xbox 360, Wii U, and Microsoft Windows. It is the fifth major installment in the Assassin's Creed series, and a direct sequel to 2011's Assassin's Creed: Revelations. The game was released worldwide for PlayStation 3 and Xbox 360, beginning in North America on October 30, 2012, with a Wii U and Microsoft Windows release in November 2012.",https://images.launchbox-app.com/7bce7856-4547-48e3-b3c4-7fa4c2abdf78.jpg
Assassin's Creed IV: Black Flag,2013-10-29,4.01,86,Action Adventure,"Assassin's Creed IV: Black Flag is an action-adventure video game developed by Ubisoft Montreal and published by Ubisoft. It is the sixth major instalment in the Assassin's Creed series. Its historical time frame precedes that of Assassin's Creed III (2012), though its modern-day sequences succeed III's own. Black Flag was first released for PlayStation 3, Xbox 360, and Wii U in October 2013 and a month later for PlayStation 4, Xbox One, and Microsoft Windows.",https://images.launchbox-app.com/af608676-75ec-4a8c-977e-e4cc1e6a3204.jpg
Asteroid Quarry,2015-07-09,3.8,,Action / Arcade Shooter,"Humanity has exhausted Earth's resources and turned to the cosmos for survival. Pilot an advanced light-speed craft to mine valuable ore from asteroid fields across the galaxy. Destroy asteroids to break them apart, then collect the precious fragments before they drift away into space. Defend yourself against pirate ships using the central space station's missile defenses. Meet mining quotas to progress through increasingly challenging asteroid configurations in this arcade-style shooter inspired by classic space games. Sources: - [Asteroid Quarry Review (Wii U eShop) | Nintendo Life](https://www.nintendolife.com/reviews/wiiu-eshop/asteroid_quarry) - [Asteroid Quarry for Wii U - GameFAQs](h",https://images.launchbox-app.com/77b14bc0-8adb-45d8-89ea-0e2ee598c665.png
Astral Breakers,,4.0,,,,https://images.launchbox-app.com/970ec6b1-1152-4169-8690-d6ac984df63a.png
Ava and Avior Save the Earth,,3.11,,,,https://images.launchbox-app.com/bca91c8e-3721-43c1-b694-4a72c3754757.png
Avoider,2016-01-07,3.11,,Arcade,Drag your triangle-shaped ship across the touchscreen to dodge incoming enemy spacecraft that spawn randomly from all sides. Your sluggish vessel requires careful path planning to avoid collisions as enemies swarm the screen. Survive as long as possible to rack up points in this simple but challenging arcade avoidance game. The minimalist visuals keep the focus on reflexes and quick decision-making as the screen fills with geometric threats. Sources: - [AVOIDER Review (Wii U eShop) | Nintendo Life](https://www.nintendolife.com/reviews/wiiu-eshop/avoider) - [RCMADIAX to Temporarily Remove AVOIDER From the Wii U eShop | Nintendo Life](https://www.nintendolife.com/news/2016/01/rcmadiax_to_temp,https://images.launchbox-app.com/8f80b644-2c45-4e74-936b-000a10a44c9f.png
Axiom Verge,2015-09-10,4.21,,Action,"Explore a vast, interconnected alien world filled with hidden secrets, deadly enemies, and powerful upgrades in this acclaimed metroidvania-style adventure. After a catastrophic event strands scientist Trace on a mysterious planet, you'll navigate labyrinthine corridors, battle bizarre biomechanical creatures, and uncover the truth behind an ancient civilization's collapse. Master a diverse arsenal of reality-bending weapons and tools, including the iconic Address Disruptor, which lets you glitch through enemies and barriers. Discover over 60 items and power-ups that unlock new abilities and areas, encouraging thorough exploration of the haunting, pixel-art environments.",https://images.launchbox-app.com/f5df3dc6-0ecb-4f43-9eac-0011698cc235.jpg
Azure Snake,2019-01-24,3.5,,Puzzle,"Guide a blue snake around a confined play area, collecting green orbs as they appear. Unlike traditional Snake games, your body creates visual obstruction rather than physical danger. The snake moves automatically forward while you control its direction using the D-Pad. Collect orbs strategically while navigating the increasingly cluttered screen. A minimalist take on the classic formula with simplified collision mechanics and budget-friendly eShop pricing. Sources: - [Azure Snake (Wii U) - The Game Hoard](https://thegamehoard.com/2019/12/04/azure-snake-wii-u/) - [Azure Snake Release Information for Wii U - GameFAQs](https://gamefaqs.gamespot.com/wii-u/255385-azure-snake/data) - [Azure Snak",https://images.launchbox-app.com/437931b0-e1f5-4457-8907-78dd71e68ec6.png
B3 Game Expo for Bees,,3.06,,,,https://images.launchbox-app.com/33eee629-305f-4182-90c5-dea52d56f0ae.png
Back to Bed,2015,2.82,,Puzzle,"Guide the sleepwalker Bob safely back to his bed in this surreal puzzle adventure inspired by the artwork of M.C. Escher and Salvador Dalí. Playing as Bob's subconscious guardian Subob, you must navigate impossible architecture and mind-bending perspectives across dreamlike levels. Place objects to redirect Bob's path, avoid dangers, and manipulate the laws of physics in a world where staircases twist into infinity and gravity bends to your will. With its striking art style, clever spatial puzzles, and whimsical atmosphere, each level presents a fresh challenge as you protect the oblivious Bob from perilous drops and nightmare creatures while shepherding him through his bizarre dreams.",https://images.launchbox-app.com/06022b94-b915-41fd-a36d-f3925287de19.png
Badland - Game of the Year Edition,2015-11-26,3.69,,Platformer,"Guide a fragile forest creature through a hauntingly beautiful side-scrolling world filled with deadly traps and mysterious obstacles. This atmospheric physics-based platformer challenges you to navigate increasingly complex levels where timing and momentum are everything. Manipulate your character's size, multiply into swarms of creatures, and use creative solutions to overcome imaginative hazards. The Game of the Year Edition includes over 100 single-player levels plus local multiplayer modes where up to four players cooperate or compete simultaneously.",
Baila Latino,2015-05-21,3.81,,Music/Rhythm,"Dance to 20 Latin hits with choreography created by professional dancers from the Carolyn Smith Dance Academy. Play solo or with up to four players simultaneously in this beach party-themed rhythm game. Follow on-screen dance instructions while lyrics display on the GamePad, allowing friends to sing along. Features local multiplayer modes where families can dance together to energetic Latin American music. Published by O2 Games exclusively for the Wii U eShop. Sources: - [Baila Latino for Wii U - GameFAQs](https://gamefaqs.gamespot.com/wii-u/162665-baila-latino) - [Baila Latino Review (Wii U eShop) | Nintendo Life](https://www.nintendolife.com/reviews/wiiu-eshop/baila_latino) - [Baila Latin",https://images.launchbox-app.com/99d5fbff-1fdf-4b6f-979a-1f8c6196a2cc.png
Ballpoint Universe Infinite,2015,3.67,,Action,"Pilot a paper plane through a hand-drawn universe where combat and creativity collide. This unique shoot-em-up blends side-scrolling action with imaginative art direction, all rendered in a distinctive pen-and-ink style. Battle through waves of enemies in your customizable fighter, then land on planets to explore on foot in platforming sequences. Collect scrap to upgrade your ship with new weapons and abilities, mixing and matching parts to create your ideal combat loadout. The game's distinctive aesthetic brings a sketchbook to life, with every element looking like it was drawn with ballpoint pen on paper.",https://images.launchbox-app.com/af8b313e-067c-4d3d-9d1c-cbf614246089.jpg
Barbie and Her Sisters - Puppy Rescue,2015-11-03,2.26,,Adventure,"Join Barbie and her sisters on a heartwarming adventure to rescue adorable puppies in need! Explore a colorful world as you search for lost puppies, care for them, and help them find loving homes. Complete fun mini-games and activities that test your reflexes and problem-solving skills while learning about pet care and responsibility. Customize your own puppy with accessories and outfits, then train them with various tricks and commands. Work together with Barbie's sisters—Skipper, Stacie, and Chelsea—each bringing unique abilities to help on your rescue missions. Discover hidden puppies throughout diverse environments, from sunny beaches to bustling city streets.",
Barbie Dreamhouse Party,2013-11-05,2.97,,Party,"Step into Barbie's fabulous Dreamhouse for the ultimate party experience. Join Barbie and her sisters Skipper, Stacie, and Chelsea as you explore six beautifully decorated rooms, each offering unique mini-games and activities. Bake cupcakes in the kitchen, design fashion in the closet, perform on stage, and care for adorable puppies. Play solo or with up to four players in exciting party mode competitions. Customize your experience by choosing your favorite activities and create the perfect party playlist. With motion controls bringing the Dreamhouse to life, every room is an adventure waiting to happen. Perfect for fans of Barbie and family-friendly multiplayer fun.",https://images.launchbox-app.com/bd56d34b-937c-412e-84f7-81ba2b2e1df0.png
Batman Arkham Origins Blackgate - Deluxe Edition,2014-04-01,3.95,,Action,"Experience Gotham's Dark Knight in this enhanced Metroidvania-style adventure set after the events of Arkham Origins. As Batman, infiltrate Blackgate Prison to quell a violent uprising led by some of Gotham's most dangerous villains including the Joker, Penguin, and Black Mask. Navigate through the sprawling prison complex using Detective Mode to analyze environments, solve environmental puzzles, and uncover hidden paths. Engage in tactical combat with the signature FreeFlow system, combining strikes, counters, and gadgets. This Deluxe Edition features enhanced HD visuals, a new map and hint system, and full controller support optimized for console play.",https://images.launchbox-app.com/58d204a3-8597-47f3-b8cb-a1251274cbdb.png
Batman: Arkham City - Armored Edition,2012-11-18,4.25,85,Action Adventure,"Batman: Arkham City is a 2011 action-adventure video game developed by Rocksteady Studios and published by Warner Bros. Interactive Entertainment. Based on the DC Comics superhero Batman, it is the sequel to the 2009 video game Batman: Arkham Asylum and the second instalment in the Batman: Arkham series. Written by veteran Batman writer Paul Dini with Paul Crocker and Sefton Hill, Arkham Citywas inspired by the long-running comic book mythos. In the game's main storyline, Batman is incarcerated in Arkham City, a super-prison enclosing the decaying urban slums of fictional Gotham City. He must uncover the secret behind a sinister scheme orchestrated by the facility's warden, Hugo Strange.",https://images.launchbox-app.com/8bb3db6b-95ed-4e85-8565-7c0438e252a4.jpg
Batman: Arkham Origins,2013-10-25,3.78,68,Action Adventure,"Batman: Arkham Origins is a 2013 action-adventure video game developed by WB Games Montréal and published by Warner Bros. Interactive Entertainment for Microsoft Windows and the PlayStation 3, Wii Uand Xbox 360 video game consoles. Based on the DC Comics superhero Batman, it is the successor to the 2011 video game Batman: Arkham City and is the third main installment in the Batman: Arkham series. It was released worldwide on October 25.",https://images.launchbox-app.com/b6b02687-66d3-401d-9067-ec9961270f58.jpg
Bayonetta,2014-10-24,4.27,86,Action Adventure,"Bayonetta is an action-adventure hack and slash video game developed by Platinum Games and published by Sega. The game was originally released for Xbox 360 and PlayStation 3 in Japan in October 2009, and in North America and Europe in January 2010. The game was later released on the Wii U alongside its sequel, Bayonetta 2, releasing in September 2014 in Japan and worldwide the following month. An enhanced port for Microsoft Windows was released in April 2017 with support for 4K visuals. The game was released on the Nintendo Switch in February 2018 worldwide, also alongside its sequel.",https://images.launchbox-app.com/3078e8d8-f853-4276-8739-ca779c33b3a9.jpg
Bayonetta 2,2016-02-19,4.47,91,Action Adventure,"Bayonetta 2 is an action-adventure hack and slash video game developed by Platinum Games and published by Nintendo for Wii U and Nintendo Switch. It is the sequel to the 2009 game Bayonetta, and was directed by Yusuke Hashimoto and produced by Atsushi Inabaand Nintendo's Hitoshi Yamagami, under supervision by series creator Hideki Kamiya.",https://images.launchbox-app.com/3ee51afa-d2f9-469b-82bc-947262d6f27c.jpg
Beatbuddy,2015-09-03,3.9,,Puzzle,"Dive into a mesmerizing underwater world where music shapes everything around you. As Beatbuddy, you'll swim through six beautifully hand-painted environments, each pulsing to its own original soundtrack. Interact with the living, breathing world by touching plants and creatures that generate sounds and beats, creating dynamic musical compositions as you play. Solve environmental puzzles by manipulating the rhythm and tempo of your surroundings, awakening sleeping creatures and activating mechanisms in time with the music.",https://images.launchbox-app.com/5a22ca69-ee5d-4311-9f74-b18352a22869.jpg
Ben 10 Omniverse,2013-11,3.69,,Action,"Transform into powerful alien forms and battle enemies across space and time in this action-packed adventure based on the hit Cartoon Network series. Play as both 11-year-old Ben and his older 16-year-old self, switching between timelines to solve puzzles and defeat villains. Access the Omnitrix to transform into fan-favorite aliens like Four Arms, Heatblast, and XLR8, each with unique abilities and combat styles. Team up with Rook Blonko to take on Malware and other dangerous foes threatening the universe. Master combo attacks, explore diverse environments, and unlock new alien forms as you progress through the story. Features both single-player campaign and local co-op multiplayer modes.",
Ben 10 Omniverse 2,2013-11-01,3.36,,Action,"Join Ben Tennyson in this action-packed adventure based on the popular Cartoon Network series. Transform into powerful aliens from the Omnitrix to battle Malware and his minions across diverse levels filled with platforming challenges and intense combat. Switch between multiple alien forms, each with unique abilities - use Four Arms for devastating melee attacks, XLR8 for lightning-fast speed sequences, or Gravattack to manipulate gravity and solve environmental puzzles. Fight through hordes of enemies in dynamic brawler-style combat, explore colorful 3D environments, and unlock new aliens as you progress through the story.",https://images.launchbox-app.com/73d0b919-2475-4b78-a9c9-440eb220fb67.png
Bigley's Revenge,2016-01-07,2.96,,First-Person Shooter,"A first-person shooter from the creators of Meme Run. Players defend a floating platform from waves of meme-based enemies including Bigley, Cucumber Dog, and Illuminati symbols approaching from all sides. Shoot down enemies before they reach you while managing limited ammunition that must be reloaded using currency earned from kills. Features a single game mode focused on surviving endless waves of internet meme characters in this controversial eShop title that was later removed from the store. Sources: - [Bigley's Revenge Review (Wii U eShop) | Nintendo Life](https://www.nintendolife.com/reviews/wiiu-eshop/bigleys_revenge) - [Bigley's Revenge (2016) | Wii U eShop Game | Nintendo Life](http",https://images.launchbox-app.com/16710e78-b8cf-403c-bf0c-bb20a93d73e1.png
Bird Mania Party,2013-02-14,3.88,,Action,"Guide Mojo the bird through increasingly challenging side-scrolling stages in this frantic avian adventure. Dodge obstacles, collect stars, and navigate treacherous environments as you race against the clock. With simple one-button controls, Bird Mania Party is easy to pick up but difficult to master. Compete for high scores across multiple game modes, including the intense survival-focused Mojo Mania and the combo-driven Star Mania. The colorful cartoon visuals and upbeat soundtrack create a cheerful atmosphere as you help Mojo overcome environmental hazards and tricky timing challenges. Perfect for quick gaming sessions or extended score-chasing marathons.",https://images.launchbox-app.com/e59fa5b6-9b0d-4f97-a0c4-09a0497ee990.jpg
Bit Dungeon+,2017,3.94,,Action RPG,"Dive into this fast-paced roguelike action RPG where death is just the beginning. Battle through randomly generated dungeons filled with demons and monsters, collecting souls to craft powerful weapons and armor. Every run is different as you slash, dodge, and fight your way through bite-sized dungeons designed for quick gameplay sessions. Die and your spouse must venture forth to resurrect you, continuing the cycle of dungeon crawling mayhem. With simple two-button controls, retro pixel art aesthetics, and addictive loot-driven progression, Bit Dungeon+ delivers intense hack-and-slash action perfect for both short bursts and extended play sessions.",https://images.launchbox-app.com/448abe56-dcc3-47c4-919f-e98e73a98b09.jpg
BIT.TRIP Presents... Runner2,2013-02-21,3.98,,Rhythm Platformer,"Commander Video returns in this rhythm-infused platforming sequel that expands the BIT.TRIP formula with stunning HD graphics and branching paths. Race through vibrant worlds where every jump, slide, and kick syncs perfectly to an infectious soundtrack spanning chiptune to orchestral arrangements. Choose from multiple characters including fan-favorite CommanderVideo and unlockable runners, each bringing unique flair to the action. Master increasingly complex levels filled with obstacles, collectibles, and multiple routes that reward both precision and exploration.",https://images.launchbox-app.com/8b7da0e9-4136-42f3-b8d2-895b2eed65e1.png
Blackjack,,3.25,,Card Game,"Test your luck and skill at the classic casino card game of blackjack, also known as 21. Face off against the dealer as you aim to build a hand that totals as close to 21 as possible without going bust. Make strategic decisions on whether to hit, stand, double down, or split pairs based on your cards and the dealer's visible card. Master basic strategy to maximize your odds, or push your luck with risky plays for bigger payouts. Track your winnings as you play hand after hand of this timeless gambling favorite, bringing the excitement of the casino floor directly to your Wii U GamePad. Please note that if you need information for a specific blackjack title (such as one published by a par...",
Blasting Agent Ultimate Edition,2016-08-18,4.0,,Action Platformer,"The Black Hand of Fate has built a secret base inside a volcano and assembled a massive army to conquer the world. As the Blasting Agent, infiltrate their stronghold across 6 expansive non-linear levels filled with enemies, secrets, and challenging bosses. Use jump-and-shoot gameplay to battle with guns or martial arts, discover upgrades to enhance weapon damage, speed, and health, and unlock a second playable character. Navigate optional paths and hidden areas in this retro-style action platformer that brings classic jump-and-shoot mechanics to the Wii U. Sources: - [Blasting Agent: Ultimate Edition Review (Wii U eShop) | Nintendo Life](https://www.nintendolife.com/reviews/wiiu-eshop/blast",https://images.launchbox-app.com/e0ee23e1-da07-4b52-a89c-b88b33a64764.png
Blek,2015,3.96,,Puzzle,"Draw a single line and watch it repeat across the screen in this award-winning minimalist puzzle game. Your goal is to collect colored circles while avoiding black holes using only the motion pattern you create. Each level presents a new spatial challenge where timing, curves, and angles matter. With over 60 hand-crafted puzzles, Blek offers an elegant test of creative problem-solving where simple mechanics yield surprisingly deep strategic possibilities. The game's clean aesthetic and meditative soundtrack create a relaxing yet mentally engaging experience.",https://images.launchbox-app.com/a5942b00-4a23-4d88-9efb-b9b2f5d32ac6.png
Bloc,2016-07-28,3.07,,Arcade Action,"Control up to four BLOCS simultaneously on the Wii U GamePad to keep the ball from escaping the screen in this fast-paced arcade game. Each BLOC moves independently using different GamePad inputs, creating a frantic multitasking challenge. Support for 1-4 players lets you share control with friends, with each player managing BLOCS on different sides of the screen. A modern twist on classic paddle games, BLOC tests your coordination and reflexes as you juggle multiple controls at once to prevent the ball from going offscreen. Sources: - [Bloc for Wii U - GameFAQs](https://gamefaqs.gamespot.com/wii-u/193630-bloc) - [BLOC Review (Wii U eShop) | Nintendo Life](https://www.nintendolife.com/revie",https://images.launchbox-app.com/203b2fcc-8f08-45ce-815c-82359fbfa550.jpg
Block Zombies!,,3.07,,,,https://images.launchbox-app.com/33e4c0c6-920b-4791-990f-ad13264bce49.png
Blockara,2017-07-13,3.57,,Puzzle,"Blockara is a fast-paced competitive puzzle game that combines color-matching mechanics with strategic positioning and special abilities. Face off against colorful characters in intense head-to-head battles where you slide rows and columns of blocks to create matches of three or more, launching attacks at your opponent while defending against their assaults. Each of the game's diverse roster of characters brings unique special moves and fighting styles to the board, adding depth to every match. Master the art of chaining combos, timing your blocks, and unleashing devastating character abilities to overwhelm your rivals.",https://images.launchbox-app.com/85d174a3-2b26-47e4-b2e4-9dec152fd1e1.png
Blocky Bot,,3.8,,,,https://images.launchbox-app.com/78c3d7de-31e2-4c35-9775-4cee42815eab.png
Blok Drop U,2013-11-21,2.9,,Puzzle,"Blok Drop U is a physics-based puzzle game where you strategically destroy blocks to guide colored spheres to their matching containers. Each level presents a tower of various block types that you must carefully demolish by touching them on the GamePad screen. The challenge lies in determining the correct sequence—remove the wrong blocks and your spheres might roll away or get stuck, forcing you to restart. With over 30 increasingly complex levels, the game demands careful planning and precise timing.",https://images.launchbox-app.com/cf853d97-f346-4849-8ac3-67eb9c9564f4.png
Blok Drop X Twisted Fusion,2014-12-18,3.21,,Puzzle,"A crossover puzzle game combining RCMADIAX's Blok Drop U with Leuvsion's Twisted Fusion. Guide the GoGo character to safety through 50 challenging levels by destroying blocks and enemies using physics-based mechanics. Strategic gameplay requires careful planning to crush enemies by dropping blocks in the correct sequence while clearing each gameboard. Features the fantasy world and art style of Twisted Fusion merged with the core block-dropping puzzle gameplay, creating a tough challenge even for experienced puzzle fans. Sources: - [BLOK DROP X TWISTED FUSION Review (Wii U eShop) | Nintendo Life](https://www.nintendolife.com/reviews/wiiu-eshop/blok_drop_x_twisted_fusion) - [BLOK DROP X TWIS",https://images.launchbox-app.com/6bc4911b-5147-49b5-83e1-9faa66ca791a.png
Bombing Bastards,2014,3.94,,Action,"Navigate explosive mazes in this fast-paced action puzzler that puts a modern spin on classic bomber gameplay. As one of the Bombing Bastards, strategically place bombs to blast through obstacles, trap opponents, and clear each arena-style level. Chain explosions for devastating combos while collecting power-ups that enhance your bomb range, blast radius, and movement speed. Face off against quirky AI enemies with unique behaviors, or challenge friends in chaotic local multiplayer battles. With vibrant cartoon visuals, numerous unlockable characters, and increasingly devious level layouts that demand quick thinking and tactical positioning, every match delivers explosive action.",https://images.launchbox-app.com/f09b57dc-e839-49e7-9797-388a0c0659a7.png
Box Up,,3.0,,,,https://images.launchbox-app.com/c9c36840-a3e4-4253-baba-238c88379b2b.png
Brave Tank Hero,,3.69,,,,https://images.launchbox-app.com/e23dad86-74e5-41a0-b201-8cdab7fad977.png
Breakout Defense 2,2017-11-23,,,Arcade,"Face off against a computer opponent across 20 challenging levels in this competitive twist on classic breakout gameplay. Defend your own blocks while simultaneously attacking your opponent's wall, creating a strategic back-and-forth battle. Master the paddle mechanics to outmaneuver the AI and claim victory in this fast-paced arcade experience. Features both single-player campaign and local multiplayer support for head-to-head matches with friends.",https://images.launchbox-app.com/8b819867-59df-4eec-a656-f53fe9788c0d.png
Breezeblox,2015-12-03,3.7,,Puzzle,"Stack and clear colored blocks in this vibrant physics-based puzzle game that challenges both your reflexes and strategic thinking. Drop blocks of matching colors to create groups and clear them before they pile too high. The twist? Blocks sway and shift with realistic physics, making every placement a calculated risk. Chain massive combos by planning ahead and timing your drops perfectly. Features multiple game modes including frantic arcade action and methodical puzzle challenges. Master the art of controlled chaos as you navigate increasingly complex block arrangements, utilize power-ups, and chase high scores across global leaderboards.",https://images.launchbox-app.com/f1cbe432-7e75-476a-a624-7c613973b020.png
Brick Breaker,2016-09-15,3.94,,Action/Arcade,"Battle through 100 increasingly challenging levels filled with explosive surprises in this classic brick-breaking game. Use your paddle to bounce balls and destroy brick walls while collecting power-ups like multi-ball, magnetic paddle, and fireball. Play solo or compete with up to 4 players in split-screen multiplayer modes including Versus, Rush, and Base Defense. Sharp reflexes and precision are essential to avoid traps and achieve victory across all levels. Sources: - [Review: Brick Breaker (Wii U eShop) - Pure Nintendo](https://purenintendo.com/review-brick-breaker-wii-u-eshop/) - [Brick Breaker (2016) - MobyGames](https://www.mobygames.com/game/86993/brick-breaker/) - [Brick Breaker |",https://images.launchbox-app.com/e3c14d97-6eb6-4333-8107-fa5564af53e9.png
Brick Race,,2.96,,,,https://images.launchbox-app.com/7cc4975d-6ced-4f2f-ac05-fd692cf655b7.png
BrickBlast U!,,2.86,,,,https://images.launchbox-app.com/7733ceda-245a-404d-9cbd-c2ae03b7ab6e.jpg
Bridge Constructor Playground,2015-12-17,4.2,,Puzzle,"Build bridges and watch them collapse in spectacular fashion—or better yet, watch them hold! Bridge Constructor Playground challenges you to engineer sturdy structures across 32 increasingly tricky scenarios. Using materials like wood, steel, cables, and concrete pillars, you'll need to construct bridges that can support cars, trucks, and even massive tank convoys. The playground setting adds whimsy to the physics-based puzzle solving, with colorful environments and a lighthearted tone. Experiment with different designs, test your creations under stress, and learn from your failures as vehicles plummet into ravines.",https://images.launchbox-app.com/8268777a-b963-4dbb-b616-7d0add23f687.png
Brunswick Pro Bowling,2014-01-14,3.25,,Sports,"Step up to the lanes in this authentic bowling simulation that brings the arcade experience home. Brunswick Pro Bowling delivers realistic physics and precise control as you aim for that perfect 300 game. Choose from multiple Brunswick-branded bowling balls, each with distinct characteristics, and master various lane conditions and oil patterns. Compete across numerous real-world bowling venues, fine-tuning your approach, release, and spin to knock down pins with satisfying accuracy. Whether you're practicing solo to perfect your technique, challenging friends in local multiplayer, or climbing the career mode ranks, every frame tests your skill and precision.",https://images.launchbox-app.com/8b494263-62c3-40bd-b121-0cb63aca73a2.jpg
Bubble Gum Popper,,3.94,,,,https://images.launchbox-app.com/4d5609d1-7a9d-468f-8323-787af324c83c.png
Buddy & Me Dream Edition,,4.06,,,,https://images.launchbox-app.com/6212be9a-6e4f-4519-acb7-de193dd4cc1d.png
Cabela's Big Game Hunter - Pro Hunts,2014-03-25,3.74,,Sports,"Step into the wilderness as a professional hunter in this immersive hunting simulation. Travel across North America pursuing trophy game animals including deer, elk, bears, and more in diverse environments from dense forests to open plains. The game features authentic hunting mechanics with realistic animal behavior and AI, requiring patience, strategy, and precision marksmanship. Choose your weapons from an arsenal of licensed firearms and gear, then track your prey using calls, scents, and stealth tactics. Complete challenging missions and objectives while building your reputation as an elite hunter.",
Cabela's Dangerous Hunts 2013,2012-11-18,3.42,,Action,"Face the world's most dangerous predators in this intense hunting experience that puts survival at the forefront. Armed with an arsenal of firearms and equipment, track deadly animals across diverse environments from African savannas to frozen tundras. The Maneater story mode challenges you to hunt aggressive apex predators that have turned the tables on humans. Use the Wii U GamePad for precision aiming and weapon management while navigating treacherous terrain. Features include pulse-pounding encounters with charging bears, stalking lions, and other lethal wildlife that fight back. Test your skills in various game modes that reward accuracy, stealth, and quick reflexes under pressure.",https://images.launchbox-app.com/746240d7-25dc-4acd-8581-05cef7bfd430.jpg
Cake Ninja 3,,3.5,,,,https://images.launchbox-app.com/c71cc79d-9f61-4598-bd29-7a70b537a27e.png
Call of Duty: Black Ops II,2012-11-18,3.92,81,Action,"Call of Duty: Black Ops II is a first-person shooter developed by Treyarch and published by Activision. It was released for Microsoft Windows, PlayStation 3, and the Xbox 360 on November 13, 2012, and for the Wii U on November 18 in North America and November 30 in PAL regions. Black Ops II is the ninth game in the Call of Duty franchise of video games, a sequel to the 2010 game Call of Duty: Black Ops and the first Call of Duty game for the Wii U. A corresponding game for the PlayStation Vita, Call of Duty: Black Ops: Declassified, was developed by nStigate Games and also released on November 13.",https://images.launchbox-app.com/f5036c56-194c-4e07-9898-c39346b16d4c.jpg
Call of Duty: Ghosts,2013-11-05,3.36,69,Action,"Call of Duty: Ghosts is a first-person shooter video game developed by Infinity Ward and published by Activision, it is the tenth major installment in the Call of Duty series and the sixth developed by Infinity Ward. It was released for Microsoft Windows, PlayStation 3, Xbox 360, and Wii U on November 5, 2013. The game was released with the launch of the PlayStation 4 and Xbox One.",https://images.launchbox-app.com/ab95ed20-979a-4acb-af49-2d439517990f.jpg
Call of Nightmare,,3.25,,,,https://images.launchbox-app.com/d443752d-705c-4d3f-9957-6a412d0ab8d5.png
Canvaleon,,3.85,,,,https://images.launchbox-app.com/79d5d6aa-9a50-4850-8fde-fd14319edfb1.png
Captain Toad: Treasure Tracker,2014-12-05,4.08,81,Action,Captain Toad: Treasure Tracker is an action puzzle video game developed and published by Nintendo for the Wii U. It is a spin-off of the Super Mario series which builds upon the isometric mini-games starring Captain Toad from Super Mario 3D World. The game was announced at Nintendo's Electronic Entertainment Expo 2014 Nintendo Direct presentation and released in 2014 and 2015.,https://images.launchbox-app.com/60193c48-2586-4a86-8204-0f93997d5a1e.jpg
Captain U,2021-12-09,3.75,,Platformer,"Play as Captain U on a mission to rescue the missing princess using the PowerPad, the universe's legendary weapon. This 2D platformer utilizes the Wii U GamePad's dual-screen capabilities, touch controls, and motion features across 9 levels. A love letter to the Wii U console and 1980s Nintendo nostalgia, this eShop title features retro-inspired gameplay and unique powers granted by the PowerPad. Navigate through platforming challenges in this tribute to classic gaming that launched as one of the final games released for the Wii U.",https://images.launchbox-app.com/192f7cf7-bff3-4efb-9cb5-687e8b934d03.jpg
Cars 3 Driven to Win,2017-06-13,4.03,,Racing,"Race as Lightning McQueen, Cruz Ramirez, and other beloved characters from the Cars universe in this high-octane racing game. Master multiple game modes including Race, Battle Race, Stunt Showcase, and Takedown as you prove you have what it takes to become a racing champion. Pull off incredible stunts, drifts, and tricks to boost your performance and gain the edge over competitors. Customize your skills and abilities by unlocking new characters and upgrades. Battle against friends in split-screen multiplayer or tackle solo challenges across diverse tracks inspired by the film.",https://images.launchbox-app.com/6153a8e7-a70c-43bf-8dc7-032cbfe1dfd2.jpg
CastleStorm,2013-12-26,4.1,,Strategy,"Unleash medieval mayhem in this addictive tower defense hybrid that blends real-time strategy, physics-based destruction, and action-packed combat. Command your army, launch devastating projectile attacks to obliterate enemy castles brick by brick, and deploy powerful heroes directly into battle. Master the ballista to fire everything from arrows to explosive sheep while managing troops, casting spells, and defending your fortress. The destructible environments create endless strategic possibilities as you topple towers and crush opponents under falling debris.",https://images.launchbox-app.com/14a5da89-b795-4248-9f17-f82813baab6f.png
Chariot,2014-11-06,3.64,,Platformer,"Guide a chariot carrying a king's remains through elaborate underground caverns in this unique physics-based platformer. Play solo or team up with a friend in local co-op to push, pull, and maneuver the chariot across treacherous terrain using ropes and momentum. Explore sprawling levels filled with environmental puzzles that demand clever use of the chariot's weight and physics. Collect loot to upgrade your abilities and customize the royal ride. The chariot's momentum-based movement creates constantly shifting challenges as you navigate platforms, activate switches, and overcome obstacles.",https://images.launchbox-app.com/4bddf5ad-864b-4de5-bc30-549822e48ee8.png
Chasing Aurora,2012-11-18,3.68,,Action,"Soar through stunning mountain vistas in this multiplayer aerial action game where precision flying meets competitive chaos. Take control of graceful birds navigating treacherous Alpine peaks in fast-paced challenges that blend racing, tag, and survival gameplay. Master momentum-based flight mechanics as you swoop, dive, and climb through procedurally shifting courses filled with deadly hazards. Compete locally with up to five players across multiple game modes, from frantic freeze tag battles to score-chasing solo runs. The minimalist art style and dynamic weather create a mesmerizing backdrop as you chase the mythical Aurora through increasingly perilous mountain ranges.",https://images.launchbox-app.com/8ea0b9f0-69c2-455b-ba73-c403557e84ff.png
Chasing Dead,2016-10-28,2.08,,Action,"Step into a nightmarish vision of Tokyo where the dead have risen and reality itself seems corrupted. As Jake, an elite AECID agent, you'll fight through hordes of zombies and supernatural horrors using an arsenal of weapons and special abilities. This first-person horror shooter blends intense gunplay with unsettling atmosphere as you uncover the dark conspiracy behind the outbreak. Explore interconnected environments, solve environmental puzzles, and survive encounters with grotesque enemies that defy explanation. With its mix of action-horror gameplay and dystopian setting, Chasing Dead delivers a uniquely bizarre and challenging experience that pushes the boundaries of survival horror.",https://images.launchbox-app.com/51ada8df-4bfe-45ec-9eb1-fc07ff2144dd.png
Chests O' Booty,,3.8,,,,https://images.launchbox-app.com/deabd653-6d01-41d3-869e-5aeb36cf9b59.png
Child of Light,2014-04-29,4.09,84,Role-Playing,"Child of Light is a platforming role-playing video game developed by Ubisoft Montreal and published by Ubisoft for Microsoft Windows, the PlayStation 3, PlayStation 4, Wii U, Xbox 360 and Xbox One in April 2014, and was released on PlayStation Vita in July 2014. The game was later released on Nintendo Switch on 11 October 2018; the announcement of this release also teased a sequel. It is powered by UbiArt Framework.",https://images.launchbox-app.com/7a407322-263c-440a-927a-24f114cd0baa.jpg
Chompy Chomp Chomp Party,2016-03-31,3.25,,Party,"Chase and chomp your way through frantic multiplayer mayhem for up to nine players. Control colorful Chompies across multiple game modes: hunt targets in Chase & Chomp, race to zones before being eaten in Zone Dash, or hold onto precious items in Keep the Thing. With support for GamePad, Wii Remotes, Pro Controllers, and Nunchuks, every controller counts. Fast-paced chaos where everyone chases someone and flees from someone else simultaneously. Perfect for local multiplayer sessions where survival depends on quick reflexes and strategic chomping. Sources: - [Frantic Wii U Party Game 'Chompy Chomp Chomp Party' Coming To Switch With New Content | Nintendo Life](https://www.nintendolife.com/ne",https://images.launchbox-app.com/7e59c342-ac16-4de2-9b59-c711e314aeea.png
Christmas Adventure of Rocket P.,,4.07,,,,
Chroma Blast,2016-07-14,3.33,,Action / Puzzle,A color-matching arcade shooter where you control a diamond-shaped ship composed of four colored segments. Defeat circular enemies by matching your shot color to theirs while navigating a rectangular battlefield. Cycle through colors strategically to eliminate targets in Normal Mode's objective-based challenges or test your endurance in instant-death Survival Mode. Features online leaderboards and colorblind-friendly options. Fast-paced action meets puzzle mechanics in this budget eShop title. Sources: - [Chroma Blast Review (Wii U eShop) | Nintendo Life](https://www.nintendolife.com/reviews/wiiu-eshop/chroma_blast) - [Chroma Blast](https://www.wizbytegames.com/Chroma_Blast.html) - [Chroma,https://images.launchbox-app.com/d982bd8f-f8b5-4bd6-9872-e1bfccc2fb44.png
Chronicles of Teddy,2016,4.0,,Action-Adventure,"Chronicles of Teddy (also known as Teddy Ganeau in some regions) is a Metroidvania-style action-adventure where you explore a mysterious, hand-drawn fantasy world. You play as a young girl who discovers a magical book that transports her to a dangerous realm filled with strange creatures and ancient secrets. The game features a unique language system where you must learn and use musical notes to communicate with inhabitants and solve environmental puzzles. Combat blends sword-based action with puzzle-solving as you unlock new abilities and traverse interconnected areas.",https://images.launchbox-app.com/e320a7ab-8852-49be-9d18-e31368052ff2.png
Chubbins,,3.68,,,,https://images.launchbox-app.com/a121217d-fcff-4e55-97c5-f2c9a42c860b.png
Citadale,2016-11-24,3.4,,Action Platformer,"Play as Sonja Dorleac, a warrior trained in combat by her immortal husband, as she infiltrates a dark fortress and battles through hordes of the undead. This retro-inspired action platformer pays homage to classic Castlevania with NES-style graphics and challenging gameplay. Navigate treacherous levels filled with enemies and obstacles, utilizing Wii U Pro Controller support and GamePad features that display level maps on either screen. Experience old-school difficulty with platforming action reminiscent of 8-bit classics as you fight your way through the cursed citadel. Sources: - [Citadale Review (Wii U eShop) | Nintendo Life](https://www.nintendolife.com/reviews/wiiu-eshop/citadale) - [C",https://images.launchbox-app.com/f426dccc-67b8-4bd1-a4f7-ce4029e5281e.jpg
Citadale - The Legends Trilogy,2017-05-04,2.5,,Action-Platformer,"Battle through three generations of demon slayers in this retro Castlevania-inspired adventure. Play as Sonja Dorleac in Gate of Souls, her son Gabriel in Curse of Darkness, and grandson Christopher in Legacy of Fate as you face vampires, zombies, and creatures of the night. Features classic NES-style graphics and platforming action across the complete trilogy, culminating in an epic confrontation with the Dark Lord. Master monster-slaying combat through branching storylines spanning the Dorleac family legacy. Sources: - [Citadale - The Legends Trilogy for Wii U - Nintendo Game Details](https://www.nintendo.com/games/detail/citadale-the-legends-trilogy-wii-u/) - [Citadale - The Legends Tril",https://images.launchbox-app.com/5e640ea8-24ee-4c6f-93c9-25bbfc2d1fd3.png
Citizens of Earth,2015-01-20,3.94,,RPG,"Step into the shoes of the newly-elected Vice President of the World in this quirky turn-based RPG that pays homage to classic titles like EarthBound. Your mission? Convince citizens to join your party and help save the world from a mysterious conspiracy. Recruit up to 40 playable characters, each with unique abilities - from conspiracy theorists to baristas to protesters. Battle enemies in strategic turn-based combat, delegate tasks to your citizens to uncover secrets, and explore a colorful world filled with humor and satire.",https://images.launchbox-app.com/6b5a5de1-ecba-4739-9f35-65e9f5243e02.png
Cloudberry Kingdom,2013-07-30,3.65,,Platformer,"Cloudberry Kingdom delivers pure platforming chaos with its revolutionary level generation system. Every stage is procedurally created to match your skill level, ensuring relentless challenge whether you're a newcomer or speedrunning veteran. Navigate through impossible gauntlets of spinning blades, moving platforms, fireballs, and deadly spikes as the difficulty escalates to seemingly superhuman levels. The game features multiple hero types with unique movement abilities, from double-jumping adventurers to jetpack-equipped daredevils. Story mode provides structured campaign progression, while Free Play mode generates endless custom challenges.",https://images.launchbox-app.com/9f1a8f5b-fab7-4491-85d3-7262fe452077.png
Coaster Crazy Deluxe,2013-11-21,3.67,,Strategy/Management,"Build gravity-defying roller coasters across 50+ unique locations spanning the globe and even the moon in this theme park management sim from the creators of RollerCoaster Tycoon 3. Use the GamePad's touchscreen and stylus to design custom coasters with seven different track types and themed trains. Guide the quirky Crazies through your creations while managing your cash-making coaster empire. Complete challenges in diverse environments, customize layouts with scenery pieces, and play entirely on the GamePad screen without needing the TV.",https://images.launchbox-app.com/afd9745c-b6d4-4a46-bfcd-83706917080a.png
Cocoto Magic Circus 2,2013-12-26,3.67,,Shooting Gallery,"A colorful shooting gallery game supporting up to 5 simultaneous players. Four players use Wii Remotes while a fifth uses the GamePad in this papercraft-styled party game. Aim precisely and shoot quickly across various circus-themed courses in three different game modes. Face waves of enemies while competing for high scores. The charming visual presentation features eye-catching effects and varied music tracks. Perfect for family-friendly multiplayer sessions, though enemy variety is somewhat limited across the different challenges. Sources: - [Cocoto Magic Circus 2 | Jeux Wii U | Jeux | Nintendo FR](https://www.nintendo.com/fr-fr/Jeux/Jeux-Wii-U/Cocoto-Magic-Circus-2-846183.html) - [Cocoto",https://images.launchbox-app.com/09824d86-d262-4231-a150-614679829287.jpg
Collateral Thinking,,2.61,,,,https://images.launchbox-app.com/01b7d847-88db-4230-9608-d276fa388e59.png
Color Cubes,,3.25,,,,https://images.launchbox-app.com/dbc963c7-eaf6-4d9d-a5e1-9f2c4ca30f3e.jpg
Color Symphony 2,,4.1,,,,https://images.launchbox-app.com/794a868f-f3a9-479f-b7a1-10ceadbc7438.jpg
Color Zen,2014-11-20,3.88,,Puzzle,"Color Zen is a meditative puzzle game that strips away traditional game elements like timers, points, and life systems to deliver pure relaxation and mental engagement. Each puzzle presents a canvas of colored shapes that you manipulate by dragging and matching colors together. When matching colors collide, they expand and merge, gradually filling the screen. Your goal is to match colors strategically until the entire puzzle matches the border color. The minimalist design, soothing soundtrack, and gradual difficulty progression create a zen-like experience that's both calming and mentally stimulating.",https://images.launchbox-app.com/0bf40111-7291-4914-b08a-4aaca2045217.jpg
Color Zen Kids,2015,3.65,,Puzzle,"A relaxing puzzle game designed specifically for younger players, Color Zen Kids removes time limits and pressure to create a stress-free experience. Solve color-matching puzzles by dragging and merging colored shapes until only one color fills the screen. The game features intuitive touch controls optimized for the Wii U GamePad, allowing players to simply tap and swipe their way through increasingly complex abstract puzzles. With vibrant, minimalist visuals and soothing ambient music, each level presents a gentle mental challenge that encourages spatial thinking and color recognition without frustration.",https://images.launchbox-app.com/63a9899a-818f-4ccf-89ca-771fe64d7bc8.png
CoquiTheGame,,,,,,
Cosmophony,2015-09-10,3.86,,Rhythm,"Navigate through a psychedelic audiovisual tunnel at breakneck speed in this challenging rhythm-based game. Control a small heart-shaped avatar as you dodge obstacles and fire at enemies, all synchronized to an intense electronic soundtrack. Each level combines precise timing with lightning-fast reflexes as you weave through a hypnotic neon landscape. The game features minimalist controls—move and shoot—but demands absolute precision as patterns become increasingly complex. With its stark visual style and pulse-pounding music, every attempt feels like hurtling through a fever dream where one mistake sends you back to the start. Master the rhythm, survive the chaos.",https://images.launchbox-app.com/9c4e8158-76e4-475d-8280-54eb4c6f0642.png
Costume Quest 2,2014-10-31,4.03,,RPG,"Return to the whimsical world of trick-or-treating and turn-based combat in this charming RPG sequel. When a diabolical dentist threatens to ruin Halloween across all of time, it's up to you and your friends to don creative costumes and save the day. Battle enemies using imaginative costume transformations—become a pterodactyl, a superhero, or a clown as you explore vibrant neighborhoods and time periods. Master strategic turn-based combat, collect candy for upgrades, and unlock new costumes with unique abilities.",https://images.launchbox-app.com/7730e424-e498-41f7-b91c-e68b12f403b5.png
Crab Cakes,,3.57,,,,https://images.launchbox-app.com/cac7c43e-3d7c-46b0-ac99-b18187f138d9.png
Crystorld,2020-03-12,5.0,,Puzzle Platformer,Navigate over 120 challenging stages as you retrieve crystals using precise jumps and dashes in this 3D puzzle platformer. Master both normal and hard difficulty modes that test your timing and spatial reasoning. Play solo or team up with up to three friends in local multiplayer to tackle the puzzles together. Simple controls meet increasingly complex stage designs that demand careful planning and execution to reach each crystal's location. Sources: - [Crystorld Release Information for Wii U - GameFAQs](https://gamefaqs.gamespot.com/wii-u/308772-crystorld/data) - [Crystorld for Wii U - GameFAQs](https://gamefaqs.gamespot.com/wii-u/308772-crystorld) - [Crystorld (2019) - MobyGames](https://w,https://images.launchbox-app.com/879c2a35-19a3-4103-9a30-0431437200ce.jpg
Cube Life - Island Survival,2015-06-04,3.3,,Survival,"Survive and thrive on a mysterious island made entirely of cubes in this voxel-based survival adventure. Gather resources, craft tools and weapons, and build shelters to protect yourself from dangerous creatures that emerge at night. Explore diverse biomes across the procedurally generated island, from lush forests to snowy peaks and underground cave systems. Hunt animals for food, farm crops, and manage your hunger and health as you adapt to island life. The creative building system lets you construct elaborate structures block by block, while the survival mode challenges you to stay alive against hostile mobs. Play solo or team up in local multiplayer to conquer the wilderness together.",
Cube Life Pixel Action Heroes,,4.1,,,,https://images.launchbox-app.com/c8863c7b-920f-4269-9bf8-a5d19cca52d3.jpg
Cubemen 2,2014,3.67,,Strategy,"Command an army of Cubemen in this tower defense strategy game that flips the genre on its head. Deploy various unit types across 3D battlefields, from defensive turrets to aggressive attackers, as you protect your base while assaulting enemy positions. Face off in multiplayer battles supporting up to six players, or tackle single-player challenges across multiple game modes including Skirmish, Territory Control, and Capture the Flag. The minimalist aesthetic and dynamic camera angles put you right in the action as you strategically position your cubic troops.",https://images.launchbox-app.com/fad49c20-caa3-4255-8f85-0b6444fb4db2.png
Cubeshift,,2.0,,,,https://images.launchbox-app.com/badf8657-8e39-4ce7-93cf-637ea66862f0.png
Cubit The Robot HD,2017-06-08,,,Platform,"Guide Cubit the robot through challenging platforming stages using only one button to jump. This hardcore difficulty platformer features music-driven gameplay, level-based progression with multiple paths, and three different endings. Choose from four game modes catering to all skill levels, including a two-player mode. Navigate obstacles and enemies while racing through detailed environments. Guest characters from other games make appearances throughout your journey. Originally released on 3DS in 2013, this HD version features enhanced visuals and improved backgrounds. Sources: - [Nintendo Life - Cubit the Hardcore Platformer Robot HD](https://www.nintendolife.com/games/wiiu-eshop/cubit_the",https://images.launchbox-app.com/4bf1e0d6-0c03-4ea4-9b74-27510045a9cf.jpg
Cutie Clash,,3.36,,,,https://images.launchbox-app.com/913b2df7-c883-40bb-a4ac-3f88694e2ae6.png
Cutie Pets Jump Rope,,3.58,,,,https://images.launchbox-app.com/14a65916-2c8c-4142-9357-40cdd8cc8b93.png
Daikon Set,,4.05,,,"A free collection of three retro-inspired mini-games celebrating early gaming history. Chroma Star is a color-matching fixed shooter where you defend barriers from diving enemies. Pink Mite has you guide a bubble-encased butterfly through obstacle courses collecting bubbles. The Queen blends Pong mechanics with color dodging as you keep a bouncing pellet from hitting the wrong side of your dual-colored paddle. Simple controls, charming lo-fi aesthetics, and quick arcade action capture the spirit of classic coin-op and early console gaming.",https://images.launchbox-app.com/4c78c15f-912e-4fec-a9ca-6947822188fc.jpg
Dare Up Adrenaline,2015-07-09,3.5,,Sports,"Strap on your wingsuit and dive through treacherous mountain terrain in this extreme flight simulator. Navigate narrow passages, dodge cliff faces, and weave through forests filled with obstacles across ten challenging levels. Complete objectives like flying through ring sequences and executing safe landings. Features local multiplayer where one player uses the GamePad while another flies with the Wii Remote, plus asymmetrical Adrenaline Mode with vehicles including helicopters and boats. Explore open environments using a hang glider powered by wind gusts. Sources: - [Dare Up Adrenaline Review (Wii U eShop) | Nintendo Life](https://www.nintendolife.com/reviews/wiiu-eshop/dare_up_adrenaline)",https://images.launchbox-app.com/1ae05402-0b4d-43af-b436-16205011d391.jpg
Darksiders II,2012-11-18,3.98,85,Action Adventure,"Darksiders II is an action role-playing hack and slash action-adventure video game developed by Vigil Games and published by THQ. It is the sequel to Darksiders and was released in August 2012 for Microsoft Windows, PlayStation 3, Xbox 360 and as a launch title for Wii U upon the console's Australian, European, and North American release in November 2012. The story follows the efforts of player character Death to clear the name of his brother, War, who stands accused of wiping out humanity.",https://images.launchbox-app.com/ceb18073-7b6d-4350-bf35-dcc09344a9ee.jpg
Darksiders Warmastered Edition,2017-05-23,4.07,,Action-Adventure,"Step into the armored boots of War, one of the Four Horsemen of the Apocalypse, in this remastered hack-and-slash epic. Caught in the crossfire between Heaven and Hell, you've been wrongly accused of prematurely triggering the End of Days. Wield devastating weapons and supernatural abilities as you tear through hordes of angels and demons alike in your quest for redemption. Explore a sprawling post-apocalyptic Earth filled with dungeons, puzzles, and massive boss battles that will test your combat prowess. Ride your fiery steed Ruin across desolate landscapes, collect legendary gear, and unlock powerful new abilities in this darker take on action-adventure gameplay.",https://images.launchbox-app.com/7ef04a8d-952e-4c74-8b62-09d7d11ae2c4.jpg
Darts Up,,3.48,,,,https://images.launchbox-app.com/05ee4600-1863-4564-9e63-d181c1228c4f.png
Defend Your Crypt,,4.18,,,,https://images.launchbox-app.com/3e255ade-c577-468f-94f6-b71baa85f194.png
Defense Dome,,3.57,,,,https://images.launchbox-app.com/7add0642-3884-40d5-ad28-135fe7623764.png
Demonic Karma Summoner,2016-10-27,1.04,,Platformer / Adventure,Summon animal demons using virtual blood in the mysterious Karmarealm. Dress your demonic creatures in kawaii outfits and guide them through challenging platforming sequences. Uncover the fate of the KarmaSlayer by collecting ancient scrolls scattered throughout the realm. Master passwords and spells to progress through this unique blend of occult summoning mechanics and adorable aesthetics. Navigate treacherous platforms while managing your summoned companions in this single-player eShop adventure that combines dark themes with charming visuals.,https://images.launchbox-app.com/af65fc3b-4cba-4881-bb0a-27c31853b4b9.jpg
Deus Ex: Human Revolution - Director's Cut,2013-10-22,4.12,88,Action Adventure,"Deus Ex: Human Revolution is an action role-playing video game developed by Eidos Montréal and published worldwide by Square Enixin August 2011 for Microsoft Windows, PlayStation 3 and Xbox 360: a version for OS X released the following year. It is the third game in the Deus Ex series, and a prequel to the original Deus Ex. The gameplay—combining first-person shooter, stealth and role-playing elements—features exploration and combat in environments connected to multiple city-based hubs, in addition to quests that grant experience and allow customization of the main character's abilities with items called Praxis Kits.",https://images.launchbox-app.com/5c0184e0-99b9-4999-ba32-e56e76b055e1.jpg
Devil's Third,2015-11-12,3.59,43,Action,"Devil's Third is an action-adventure hack and slash shooter video game developed by Valhalla Game Studios and published by Nintendo for the Wii U. The Wii U version was released in most regions in August 2015, and later in North America in December 2015. An online multiplayer-only version for Microsoft Windows, titled Devil's Third Online, was released in collaboration with Korean publisher Nexon in Japan in June 2016. The Windows version also supports voice-chat, which the Wii U version lacks. Despite receiving positive reviews in Japan, the Wii U version received negative reviews internationally upon release.",https://images.launchbox-app.com/56f8ff1c-1fde-4e74-a7cf-de43c637f6cb.jpg
Dinox,,3.5,,,,https://images.launchbox-app.com/9dab45dd-6ad7-44b0-83d6-9b71597eae64.jpg
Discovery,,3.88,,,,https://images.launchbox-app.com/06a9f946-4314-49aa-ac0b-8eb1390526a0.jpg
Disney DuckTales Remastered,2013-11-12,3.99,76,Action,"DuckTales: Remastered is a Metroidvania style platform video game developed by WayForward Technologies and published by Capcom. The game is a high-definition remake of DuckTales, a game released on the Nintendo Entertainment System in 1989. It was released for multiple gaming platforms, including the PlayStation 3, the Xbox 360, and the Wii U, over a three-month period between August and November 2013, and later expanded to iOS, Android, and Windows Phone in April 2015.",https://images.launchbox-app.com/fee239d7-c45a-4b46-90fd-e0ce0061ce48.jpg
Disney Epic Mickey 2,2012-11-18,3.23,,Platformer,"Join Mickey Mouse and Oswald the Lucky Rabbit in this cooperative platforming adventure through the Wasteland, a realm of forgotten Disney characters and attractions. Wield the Magic Paintbrush to paint in or thin out the environment, solving puzzles and shaping your path forward. Team up with Oswald, who uses his remote control to command electricity and reprogram enemies. Sing musical numbers that advance the story and influence the world around you. Choose between heroic or mischievous actions that affect how characters react and alter the outcome of your journey.",https://images.launchbox-app.com/4c3e112f-2e69-4b5c-9a54-6391cde2dd88.jpg
Disney Infinity,2013-08-18,3.59,71,Action Adventure,"Disney Infinity is an action-adventure sandbox video game developed by Avalanche Software and published by Disney Interactive Studios. It was announced on January 15, 2013. The game used collectible figurines that were then synchronized with the game, unlocking characters from Disney and Pixar properties that interact and go on adventures. The game was released for Xbox 360, PlayStation 3, Wii, Wii U, and Nintendo 3DS in August 2013. A PC version of Toy Box was also released on November 14, 2013. The game had a budget approaching $100 million.",https://images.launchbox-app.com/bfe1a539-159d-42f5-9d50-b8cab567a988.jpg
Disney Planes,2013-08-13,3.69,,Racing,"Take to the skies in this high-flying racing adventure inspired by Disney's animated film. Play as Dusty Crophopper, a crop duster with dreams of becoming a racing champion, and compete against skilled opponents from around the world. Soar through stunning environments including the Great Wall of China, the Himalayas, and Monument Valley as you master aerial maneuvers and strategic flight paths. Utilize power-ups and boosts to gain the edge over competitors while performing daring tricks and stunts. The game features multiple racing modes, unlockable characters from the film, and GamePad integration for enhanced controls and map viewing.",
Disney Planes 2 - Fire & Rescue,2014-11-04,3.18,,Racing,"Take to the skies as Dusty Crophopper joins the elite Piston Peak Air Attack team in this action-packed racing adventure based on Disney's animated film. Battle dangerous wildfires across diverse environments, from dense forests to rugged canyons, using water drops and fire retardant to save the day. Switch between multiple aircraft including helicopters and air tankers, each with unique handling and abilities. Complete rescue missions, navigate treacherous terrain, and work alongside beloved characters like Blade Ranger and the Smokejumpers. Features accessible controls for younger players while offering engaging challenges throughout the campaign.",
Dodge Club Party,,3.57,,,,https://images.launchbox-app.com/a989c609-05bd-4d11-9ebf-73487c12bc08.png
Dolphin Up,2013-11-18,3.08,,Arcade,"Dive into an underwater adventure where you guide a playful dolphin through vibrant ocean environments. Leap through hoops, collect stars, and perform acrobatic tricks in this charming arcade experience designed for the Wii U. Using the GamePad's motion controls or traditional buttons, you'll navigate colorful coral reefs and sunlit waters while mastering increasingly challenging obstacle courses. Perfect for quick gaming sessions, Dolphin Up offers accessible gameplay that's easy to pick up but surprisingly addictive. Compete for high scores as you execute perfect jumps and discover hidden paths through each aquatic stage.",https://images.launchbox-app.com/60cb30e9-bb9a-4013-afa6-f44b81d1efe0.png
Don't Crash,,2.86,,,,https://images.launchbox-app.com/0e5829d5-88b5-4a5b-990f-00b700743273.png
Don't Starve Giant Edition,2015-05-28,3.84,,Survival,"Enter an uncompromising wilderness survival experience where science meets the supernatural. As Wilson, a gentleman scientist trapped in a mysterious world, you must learn to exploit your environment and its inhabitants to escape and find your way home. Gather resources, craft tools, and build shelters to survive increasingly hostile nights filled with darkness and monsters. The Giant Edition includes the Reign of Giants expansion, adding new seasonal challenges, giant bosses, and additional playable characters—each with unique abilities and playstyles. Permadeath means every decision matters.",https://images.launchbox-app.com/c931ee9b-6b99-4d15-afe8-162dbf6dd872.png
Don't Touch Anything Red,,4.17,,,,https://images.launchbox-app.com/65b2cf71-175a-4d9e-b3f5-aa2c772ed51f.jpg
Donkey Kong Country: Tropical Freeze,2014-02-21,4.24,83,Action,"Donkey Kong Country: Tropical Freeze is a side-scrolling platformer video game developed by Retro Studios, with assistance from Monster Games, and published by Nintendo for the Wii U. The fifth instalment in the main Donkey Kong Country series, Donkey Kong Country: Tropical Freeze is the direct sequel to the 2010 Wii game, Donkey Kong Country Returns, and was released worldwide in February 2014. An enhanced port for the Nintendo Switch was released in May 2018.",https://images.launchbox-app.com/3be9d977-83f4-4b04-bad9-bc1b61af6696.jpg
Dot Arcade,2015-03-26,,,Arcade,"Dot Arcade delivers three retro-inspired mini-games on an 8x8 dot matrix grid. Navigate through Mr. Snake, dodging obstacles while your tail grows longer. Dance across dangerous floors in Dodge Club. Race down tracks while avoiding traffic in Rally Driver. Each game challenges you to chase high scores with simple one-button controls and minimalist visuals that evoke classic arcade cabinets. The stripped-down presentation and straightforward gameplay focus purely on quick reflexes and score competition across three bite-sized arcade experiences.",https://images.launchbox-app.com/a1c9f108-b06a-4df7-a7c3-f8a8de94c38d.png
Double Breakout II,,2.5,,,,https://images.launchbox-app.com/f91364b3-5c6a-4556-81db-87ad88a4be86.jpg
Dr. Luigi,2013-12-31,3.71,65,Puzzle,"Dr. Luigi is a puzzle video game for the Wii U console, developed by Nintendo and Arika. The game was released as an eShop game in North America on December 31, 2013 and in Europe and Japan on January 15, 2014. As the title suggests, Luigi is the protagonist instead of Mario. The game was released at the end of Nintendo's ""Year of Luigi"" promotion in 2013.",https://images.launchbox-app.com/8761357c-1c3a-453e-9227-ff24095d78a7.png
Dracula's Legacy,,3.44,,,,https://images.launchbox-app.com/4a974f21-284d-416a-9c96-694ab1fe3db5.jpg
Dragon Fantasy - The Black Tome of Ice,2014-10-30,4.15,,RPG,"The second chapter in the Dragon Fantasy saga blends classic JRPG gameplay with modern indie sensibilities and irreverent humor. Choose from four distinct heroes—each with unique abilities and storylines—as you explore a vast world map, delve into treacherous dungeons, and battle monsters in turn-based combat. The Black Tome of Ice expands on the original with enhanced graphics, deeper character progression, and interconnected storylines that weave together as you uncover an ancient evil threatening the realm. With its nostalgic 16-bit aesthetic, quirky dialogue, and surprisingly strategic combat system, this chapter delivers dozens of hours of adventure for retro RPG enthusiasts.",https://images.launchbox-app.com/6d26462d-0c2a-4b20-ac23-5be772789914.png
Dragon Fantasy - The Volumes of Westeria,2016-03-24,3.89,,RPG,"Dragon Fantasy: The Volumes of Westeria is a retro-inspired JRPG that combines classic 8-bit and 16-bit aesthetics with modern gameplay conveniences. Experience multiple chapters following different heroes across the realm of Westeria, each with their own unique storyline and gameplay style. Battle monsters in turn-based combat, explore dungeons filled with puzzles and treasures, and uncover a humorous narrative that lovingly parodies classic RPG tropes. The game features multiple visual styles that evolve as you progress, charming chiptune music, and a blend of nostalgia and accessibility.",https://images.launchbox-app.com/a7a6563c-96f9-477a-bb91-344a5bdaee1e.jpg
Dragon Skills,,3.9,,,,https://images.launchbox-app.com/20f6a7d7-1b71-4c5a-8758-4d9f3f5272a4.png
Draw 2 Survive,,3.7,,,,https://images.launchbox-app.com/963a2300-0aa8-40d4-bf56-3cd0305344c4.png
Draw a Stickman EPIC 2,2015,,,Puzzle,"Draw your way through an imaginative adventure where your creativity becomes your greatest weapon. In this charming puzzle-adventure sequel, you'll bring your stick figure hero to life and guide them through hand-drawn worlds filled with challenges, enemies, and mysteries. Sketch objects directly into the game world to solve puzzles—draw a sword to defeat monsters, create a key to unlock doors, or craft a cloud to reach new heights. Every level presents unique scenarios that demand both artistic thinking and problem-solving skills. Face off against the evil Zarp and his corrupted creations as you explore vibrant environments from lush forests to dark caverns.",https://images.launchbox-app.com/87801f72-b9c6-4d91-88a2-74d7020727b2.png
Dreamals,2016-03-10,3.45,,Puzzle Platformer,"Control three dreaming animals simultaneously as they navigate through 80 stages across dreamlike worlds. A raccoon moves left, a goat moves right, and a parrot jumps in place. When animals merge on contact, their abilities combine, creating new movement possibilities. Manage all three creatures at once while collecting keys to escape the dream realm. Features 4 distinct visual themes with increasingly complex multi-character puzzles that challenge coordination and spatial reasoning. Sources: - [Dreamals (Wii U) Review - Nintendo World Report](https://www.nintendoworldreport.com/review/42289/dreamals-wii-u-review) - [Dreamals Review (Wii U eShop) | Nintendo Life](https://www.nintendolife.co",https://images.launchbox-app.com/55766317-69b9-44b8-ad14-591b7b93f89c.png
Dreamals Dream Quest,,4.17,,,,https://images.launchbox-app.com/c9ce685f-d723-4d28-b25f-189b3135cfc2.png
Drop It Block Paradise!,,3.5,,,,https://images.launchbox-app.com/b88653c6-2fdf-4a01-bb3f-64c4e8b53988.jpg
Dual Core,2016-05-26,4.27,,Twin-Stick Shooter,"Battle through a derelict space station on Europa, one of Jupiter's moons, as two awakened AIs discover the facility overrun with aliens and rampaging machines. This twin-stick shooter features arcade-style action with light RPG elements through collectible upgrade points. Control your robot with dual-analog sticks while blasting through rooms filled with enemies. Supports up to 4-player local co-op in Story and Arcade modes, plus competitive Versus mode. Upgrade firepower, durability, or regeneration abilities using green crystals collected throughout your journey. Sources: - [Dual Core Review (Wii U eShop) | Nintendo Life](https://www.nintendolife.com/reviews/wiiu-eshop/dual_core) - [Co-O",https://images.launchbox-app.com/424dd669-38b5-4394-8704-b405e887b659.png
Dungeon Hearts DX,2016-11-10,4.3,,Puzzle,"Fuse strategy and pattern matching with fast-paced action in this unique puzzle-battle hybrid. Align magical runes flowing along the Fatestream to attack, defend, and conjure magic against waves of fantastic creatures. Control eight heroes and form parties of four to defeat the Dark One. Exclusively designed for Wii U with full touchscreen controls - play on TV or GamePad only. Battle through intense encounters where quick thinking and strategic rune matching determine survival. Developed by Wolfgame as an enhanced version with reworked interface and new game engine. Sources: - [Dungeon Hearts DX (2016) | Wii U eShop Game | Nintendo Life](https://www.nintendolife.com/games/wiiu-eshop/dungeo",https://images.launchbox-app.com/7027cffc-27df-4d8e-8b87-935020def0b8.png
Dungeons & Dragons: Chronicles of Mystara,2013-09-05,3.8,77,Miscellaneous,"Dungeons & Dragons: Chronicles of Mystara is a 2013 video game compilation by Capcom released as a digital download for the Wii U, PlayStation 3, Xbox 360 and Microsoft Windows (via Steam). It includes two arcade games based on the Dungeons & Dragons franchise: Dungeons & Dragons: Tower of Doom(1993) and Dungeons & Dragons: Shadow over Mystara (1996).",https://images.launchbox-app.com/ba8899d4-0950-47ee-89f6-930b35d40ff5.png
Earthlock Festival of Magic,2017-03-08,4.05,,RPG,"Embark on a turn-based adventure through a vibrant alien world where magic and technology intertwine. Assemble a party of unique heroes to uncover the mysteries of Umbra, a planet that stopped spinning thousands of years ago. Master a tactical combat system with combo attacks, harvest ingredients to craft powerful items, and build your own island sanctuary complete with farming and resource gathering. Explore diverse environments from sun-baked deserts to frozen wastelands, battle exotic creatures, and solve environmental puzzles. With hand-crafted visuals, strategic depth, and a rich fantasy world to discover, this indie RPG blends classic adventure with fresh gameplay mechanics.",https://images.launchbox-app.com/5a37de77-e1f4-44cc-8a6a-9e517c9f7318.jpg
Eba & Egg - A Hatch Trip,,1.5,,,,https://images.launchbox-app.com/7943833e-4b1d-44ba-bc85-a1673a9015f2.png
Ectoplaza,,3.64,,,,https://images.launchbox-app.com/78ea3da7-2d3d-467e-b1c6-eaf8605a32b1.png
Edge,2013-12-26,3.61,,Puzzle-Platformer,"Navigate a vibrant minimalist world as a reflective cube in this elegant puzzle-platformer. Roll, climb, and balance across geometric landscapes suspended in stark, colorful voids. Master precise movements to collect prisms scattered throughout increasingly complex stages while avoiding deadly drops into the abyss. The ingenious level design challenges your spatial reasoning and timing as you discover shortcuts, trigger switches, and exploit the cube's unique physics. With its distinctive visual style, pulse-pounding electronic soundtrack, and deviously clever puzzles that reward both careful planning and quick reflexes, Edge delivers a mesmerizing experience that's easy to learn but sati...",
Educational Pack,2016-06-23,3.25,,Educational,"A collection of educational mini-games designed for young children. Features seven activities including Building Blocks with realistic physics, Counting Sheep for learning numbers 1-100, Menu Math for addition practice, Ice Cream Colors for color identification, a simplified Piano for musical creativity, Shapes toolbox, and SK8 skateboarding that teaches math. Each activity combines learning fundamentals with interactive gameplay, offering variety for early childhood education through the GamePad.",https://images.launchbox-app.com/ad0daa04-7630-46f1-85f4-e8f3216f9df9.png
El Silla - Arcade Edition,,2.5,,,,
Electronic Super Joy,2014-11-20,3.95,,Platformer,"Electronic Super Joy is a brutally hard platformer set in a world of pulse-pounding electronic music. Guide a groove-loving hero through a surreal psychedelic landscape filled with lethal hazards, precise jumps, and punishing difficulty. Every death sends you back to the checkpoint, but the infectious soundtrack and tight controls keep you coming back for one more attempt. Master pixel-perfect platforming across challenging levels that demand split-second timing and unwavering focus. Features a unique visual style with vibrant neon colors, trippy backgrounds, and rhythmic gameplay that syncs with the electronic beats. Designed for players who crave old-school difficulty with modern flair.",https://images.launchbox-app.com/876ab8a5-1852-4d1d-aa0c-139be28fafa2.png
Electronic Super Joy Groove City,2014,4.17,,Platformer,"Electronic Super Joy Groove City is a rhythm-infused precision platformer that blends fast-paced action with an electronic soundtrack. Navigate through neon-drenched levels filled with deadly traps, dangerous enemies, and challenging obstacles that demand split-second timing and reflexes. Each death is instant, but respawns are immediate, encouraging you to learn patterns and master each section. The game's pulsing electronic music synchronizes with the gameplay, creating an immersive audiovisual experience. Features include punishing but fair difficulty, tight controls that reward precision, and a vibrant visual style with glowing environments.",https://images.launchbox-app.com/85d78309-dd50-40f8-a4e7-1541d2f13a8f.png
Elliot Quest,2017-05-04,3.88,,Action-Adventure,"Embark on a mysterious quest across the cursed island of Urele in this retro-inspired action-adventure. As Elliot, you're afflicted with an ancient curse that's slowly transforming you into a demon, and only by exploring dangerous dungeons and uncovering the island's secrets can you hope to find a cure. Battle enemies with your bow and arrows, solve environmental puzzles, and gain new abilities as you progress through a sprawling interconnected world. With its Zelda II-inspired gameplay combined with Metroidvania exploration, challenging boss battles, and multiple endings determined by your choices, Elliot Quest delivers a compelling blend of classic 8-bit aesthetics and modern game desig...",https://images.launchbox-app.com/a83cab34-670e-4071-b48f-41e2e7279d14.png
Emojikara,2016-04-07,4.2,,Puzzle,"Match emojis to two-word phrases in this puzzle game featuring hundreds of emoji symbols and over a hundred word challenges. Choose between two game modes: precision mode where you aim for five matches in as few tries as possible, or timed mode where you race to find as many matches as you can in ninety seconds. Select emoji pairs from a 3x5 grid to match phrases like ""Blood Moon"" or ""Liberty Bell."" Successfully matched symbols unlock an Emoji Sentence mode where you can create custom emoji strings to share on Miiverse. Sources: - [Emojikara: A Clever Emoji Match Game for Wii U - Nintendo Game Details](https://www.nintendo.com/games/detail/emojikara-a-clever-emoji-match-game-wii-u/) - [Emoj",https://images.launchbox-app.com/3e0fc3b9-8e20-4fad-b8a0-fb20a0094a31.jpg
Endless Golf,,3.64,,,,https://images.launchbox-app.com/674b8564-7373-4e9f-a695-93fe1d372a0c.png
Epic Dumpster Bear,2016-04-07,3.68,,Platformer,"Play as Dumpster Bear, a traumatized brown bear whose forest was destroyed by an evil corporation, forcing him to survive on trash. This precision platformer features over 70 challenging levels filled with tricky jumps, boss battles, and secret stages. Run and jump using momentum-based controls reminiscent of classic Sonic games, bouncing on enemies' heads to clear gaps. Unlock puzzle levels that utilize the Wii U GamePad's touch screen, plus over 35 Miiverse stamps. Supports Off-TV play and Wii U Pro Controller for classic platforming action. Sources: - [Epic Dumpster Bear Review (Wii U eShop) | Nintendo Life](https://www.nintendolife.com/reviews/wiiu-eshop/epic_dumpster_bear) - [Epic Dump",https://images.launchbox-app.com/ebcb7733-8918-4e90-8da2-9004cb099ac3.png
Escape from Flare Industries,,3.93,,,,https://images.launchbox-app.com/ddbd06ff-e074-4e33-abd7-215378a7a5e4.png
ESPN Sports Connection,2012-11-18,3.18,,Sports,"ESPN Sports Connection brings six different sports experiences to life using the Wii U GamePad's unique capabilities. Compete in soccer, tennis, baseball, golf, football, and kart racing, each designed to leverage motion controls and the GamePad's touchscreen. The soccer mode lets you draw plays on the touchscreen before executing them on the pitch, while tennis uses precise motion tracking for serves and volleys. Baseball features full batting and pitching mechanics, and golf utilizes the GamePad as your club for realistic swing detection. Football challenges you with passing plays and defensive strategies, and kart racing adds arcade-style competition.",https://images.launchbox-app.com/9d770f3e-4a2b-4734-a5dc-a1aae65a0ae1.jpg
EvoFish,,3.14,,,,https://images.launchbox-app.com/e5f8c0e6-10f3-42be-920b-56ecfd7d6a68.jpg
Exile's End,2017-10-12,3.61,,Action,"Explore a hostile alien world in this atmospheric sci-fi action-adventure that pays homage to classic 8-bit and 16-bit exploration games. You are Jameson, a reluctant hero searching for your missing comrades on a mysterious planet. Navigate treacherous underground caverns, battle deadly indigenous creatures, and uncover the dark secrets of an ancient civilization. With limited resources and challenging combat, every encounter demands careful strategy. The non-linear world rewards thorough exploration with valuable upgrades and weapons.",https://images.launchbox-app.com/13671948-7bc3-4723-8280-be13d104d88d.png
Explody Bomb,,3.46,,,,https://images.launchbox-app.com/e398a936-2355-4d47-ae67-86029c407453.jpg
Extreme Exorcism,2015-11-20,3.72,,Action,"Battle ghosts that learn from your every move in this supernatural arcade platformer. Each time you defeat a spirit, it returns as a ghost that mimics your exact actions from the previous round. The arena fills with deadly echoes of your past selves, creating increasingly chaotic combat as you face growing swarms of your own moves. Blast through possessed locations using an arsenal of over 20 weapons from shotguns to cat launchers. Master strategic movement and weapon choices across 10 eerie environments. Play solo or compete with up to 4 players in local multiplayer modes including deathmatch and last ghost standing challenges.",https://images.launchbox-app.com/d9670882-5452-4795-a153-4ccd25912b60.jpg
F1 Race Stars Powered Up Edition,2013,3.61,,Racing,"F1 Race Stars takes the world of Formula One and reimagines it as a vibrant, cartoon-style arcade racer packed with power-ups and personality. Race as your favorite F1 drivers on fantastical tracks inspired by real-world circuits, transformed with loops, jumps, and shortcuts. Grab power-ups like bubbles to shield yourself, safety cars to slow rivals, or boost pickups for explosive speed. The Powered Up Edition includes all DLC content, adding extra tracks, drivers, and championships. Master the slipstream mechanic for turbo boosts, navigate dynamic track changes, and battle through chaotic multiplayer races.",https://images.launchbox-app.com/41580980-4287-4fbc-822c-fb00b195056a.jpg
Factotum,2015-09-17,,,Puzzle,"Guide two robots through an intricate mechanical world in this clever puzzle-platformer. Control both bots simultaneously or switch between them to solve mind-bending challenges that require precise coordination and timing. Use one robot's abilities to create paths for the other, activate switches, and manipulate the environment. The ingenious dual-character mechanic demands creative thinking as you navigate through beautifully designed industrial landscapes filled with hazards, platforms, and contraptions. Each puzzle builds upon the last, introducing new mechanics that test your spatial reasoning and multitasking skills.",https://images.launchbox-app.com/a5717337-3032-4b09-ade9-a32d86d77cc7.png
Falling Skies The Game,2014-10-07,3.5,,Action,"Step into the war-torn world of the hit television series in this third-person action shooter. As part of the human resistance fighting against an alien invasion, you'll lead squads through dangerous missions to reclaim Earth from the Espheni forces. Command your team strategically, utilizing cover-based combat and tactical positioning to survive encounters with Skitters, Mechs, and other deadly alien threats. Switch between multiple squad members, each with unique abilities and weapons, to adapt to different combat scenarios. Complete story-driven missions that expand the Falling Skies universe, scavenging resources and weapons while defending civilian survivors.",
Family Party 30 Great Games Obstacle Arcade,2012-11-18,2.52,,Party,"Gather your family and friends for a collection of 30 exciting mini-games designed to get everyone moving and competing together. Navigate obstacle courses, test your reflexes in arcade-style challenges, and compete in various physical activities using the Wii U GamePad and Wii Remote controllers. From balancing acts to racing challenges, each game is designed for quick, accessible fun that players of all ages and skill levels can enjoy. The game emphasizes motion controls and multiplayer competition, making it perfect for family gatherings and parties. Jump, dodge, and outmaneuver your opponents across a variety of colorful, energetic challenges.",https://images.launchbox-app.com/c6749a99-005d-42e9-9d77-31a49fb5c228.jpg
Family Tennis SP,,3.68,,,,https://images.launchbox-app.com/412d37f5-2cae-45d3-a62b-6841d54702f8.jpg
Fast & Furious - Showdown,2013-05-21,3.21,,Action,"Buckle up for high-octane cooperative action in this Fast & Furious experience built for two players. Team up locally or online to execute daring heists, precision driving sequences, and explosive combat missions inspired by the blockbuster film franchise. Switch between driving and shooting roles on the fly as you drift through crowded city streets, leap between moving vehicles, and take down rival crews. Features competitive multiplayer modes alongside the story-driven campaign where split-second teamwork makes the difference between victory and a spectacular crash. Master each character's unique abilities and vehicle specialties across diverse international locations.",
FAST Racing NEO,2015-12-10,4.25,81,Racing,Fast Racing Neo (stylized as FAST Racing NEO) is a futuristic racing video game developed by Shin'en Multimedia and released for the Wii U in December 2015. It is often compared to Nintendo's F-Zero franchise.,https://images.launchbox-app.com/15d41e3c-a09d-4788-9c11-2cd39dc33045.jpg
Fat City,,3.33,,,,https://images.launchbox-app.com/f4b0e1eb-7078-4d95-8387-0ca88758ea3a.png
Fat Dragons,,3.75,,,,https://images.launchbox-app.com/fb5f93f7-5703-4a1b-bb0a-5a8b689e25f0.png
Fatal Frame: Maiden of Black Water,2015-10-22,3.96,67,Action Adventure,"Fatal Frame: Maiden of Black Water is a survival horror video game developed by Koei Tecmoand published by Nintendo for the Wii U. The fifth main entry in the Fatal Frameseries, it was released in Japan in September 2014 and worldwide in October 2015. As with previous games in the series, players navigate areas filled with hostile ghosts which must be fought by taking photographs using the Camera Obscura, which is directly controlled using the Wii U Gamepad. A post-endgame story featuring Ayane, a character from the company's Dead or Alive series, is also available featuring altered gameplay mechanics.",https://images.launchbox-app.com/a0829fcf-b8d4-4c63-9d53-8f59203c40ab.jpg
FIFA Soccer 13,2012-11-18,3.72,,Sports,"Experience the beautiful game with FIFA Soccer 13, bringing EA Sports' acclaimed soccer simulation to Wii U with revolutionary GamePad integration. Manage your squad, call plays, and execute precise passes using the touchscreen controller while the action unfolds on your TV. The game features the revolutionary Player Impact Engine for realistic physicality, Complete Dribbling for unprecedented ball control, and Tactical Free Kicks that give you total control over set pieces. Choose from over 500 licensed teams across more than 30 leagues, including the Premier League, La Liga, and Serie A.",https://images.launchbox-app.com/b2e08ea2-2c70-41dd-83f4-2985fe078fd8.jpg
Fifteen,,3.5,,,,https://images.launchbox-app.com/3d8b79eb-a21b-4c05-9395-65b442733e28.png
Fist of the North Star Ken's Rage 2,2013-02-07,3.64,,Action,"Step into the brutal post-apocalyptic world of Fist of the North Star in this Dynasty Warriors-style brawler. Play as Kenpachi and other legendary fighters from the beloved manga and anime series as you unleash devastating martial arts techniques against massive hordes of enemies. Experience two distinct gameplay modes: Legend Mode follows the original manga storyline with enhanced narrative depth, while Dream Mode lets you rewrite history with alternative scenarios and character interactions. Master the signature Hokuto Shinken fighting style, trigger explosive finishing moves, and watch enemies literally explode from your pressure point strikes.",https://images.launchbox-app.com/0e7596f9-d150-464d-a8fc-ecc804bf4243.jpg
Fit Music,,3.68,,,,https://images.launchbox-app.com/dd9b7426-cac4-426a-9cde-2c49099decf1.png
Flapp & Zegeta,,3.18,,,,https://images.launchbox-app.com/31eb4139-b9cd-41fe-b2e4-239079df1084.png
Flight of Light,,2.75,,,,https://images.launchbox-app.com/95db8c23-d9d3-430e-b136-7c69745a6eae.png
Flowerworks HD - Follie's Adventure,2013,3.61,,Puzzle,"Guide Follie the fairy through a vibrant garden adventure in this match-three puzzle game with a twist. Launch flower buds from your cannon to create matches of three or more, clearing the board while growing beautiful blooms. Utilize the Wii U GamePad's touchscreen and motion controls to aim precisely and unleash powerful special moves. Progress through increasingly challenging stages across multiple garden worlds, each bursting with colorful flora and creative obstacles. Master combo chains to earn higher scores and unlock new abilities. The HD visuals bring the whimsical garden to life with crisp detail and smooth animations, making every successful match a visual delight.",
Forest Escape,2018-08-02,,,Arcade,"Run for your life through a dangerous forest in this endless runner arcade game. Danger breathes down your neck, gaining speed with every moment as you dodge trees and obstacles in your desperate escape. Navigate through the perilous woodland environment while the threat behind you grows ever closer. Test your reflexes and see how far you can survive in this fast-paced escape challenge. Developed by RandomSpin for the Wii U eShop.",https://images.launchbox-app.com/37728180-d594-42ed-8405-bab4e5359e71.png
forma.8,2017-02-23,4.17,,Action-Adventure,"Guide a small exploration probe through a beautiful alien world filled with ancient mysteries and dangerous creatures. In this atmospheric Metroidvania, you crash-land on a distant planet and must navigate intricate cave systems, solve environmental puzzles, and acquire new abilities to access previously unreachable areas. The game features stunning hand-drawn visuals with a unique geometric art style, physics-based gameplay mechanics, and a haunting ambient soundtrack. Combat hostile lifeforms using your probe's limited arsenal while carefully managing energy reserves.",https://images.launchbox-app.com/ddc399a5-35ff-4f20-b913-bddbba464471.png
Frederic Ressurection of Music,2014,3.7,,Rhythm,"Step into the shoes of legendary composer Frederic Chopin, resurrected in modern times to reclaim his musical legacy. This unique rhythm game blends classical piano masterpieces with contemporary beats as you battle your way through musical duels across the globe. Tap, hold, and release notes in perfect timing to Chopin's reimagined compositions, now infused with rock, electronic, and jazz influences. Face off against quirky opponents who've corrupted classical music, from Vegas showgirls to fame-hungry pop stars. Master increasingly complex piano performances while uncovering a story that mixes humor with musical heritage.",
Free Balling,,2.6,,,,https://images.launchbox-app.com/e3d2c70b-a5ff-47bb-8327-05d18df283a4.png
Freedom Planet,2015-08-20,4.13,84,Action,"Freedom Planet is a 2D platform video game developed and published by GalaxyTrail, a studio set up by designer Stephen DiDuro. The player controls one of three anthropomorphic animal protagonists: the dragon Lilac, the wildcat Carol, or the basset hound Milla. Aided by the duck-like Torque, the player attempts to defeat Lord Brevon, who plans to conquer the galaxy. While the game focuses on fast-paced platforming, its levels are interspersed with slower action scenes.",https://images.launchbox-app.com/6b23a1a7-ec7a-4e11-a2d2-17c0f40193b9.jpg
FreezeME,2016-12-23,3.81,,Platformer,"FreezeME is a 3D collectathon platformer that pays homage to the classic Nintendo 64 era of gaming. Play as R, a young girl accompanied by her trusty companion M, a sentient camera with the unique ability to freeze enemies and objects in time. Explore colorful, open worlds filled with secrets, coins, and golden cubes to collect as you work to rescue R's best friend from the clutches of the villainous Fat the Cat. Use M's freezing powers strategically to solve environmental puzzles, create platforms, and stop enemies in their tracks.",https://images.launchbox-app.com/1cccff83-117b-4f15-8147-9cf07766395f.png
Frenchy Bird,,2.27,,,,https://images.launchbox-app.com/729b7081-9f88-47ee-b3f8-f6ee2071f866.png
FullBlast,2017-05-11,3.83,,Shoot 'em up,"FullBlast is a vertical-scrolling shoot 'em up that delivers classic arcade action with modern polish. Pilot your fighter through intense bullet-hell battles across multiple stages, each packed with enemy formations, environmental hazards, and massive boss encounters. Collect power-ups to upgrade your weapons and unleash devastating special attacks. The game features vibrant graphics, a pulse-pounding soundtrack, and responsive controls optimized for quick reflexes. With multiple difficulty settings and score-based gameplay, it challenges you to master intricate bullet patterns and discover optimal routes through each level.",https://images.launchbox-app.com/1c62303a-3624-4896-9a34-87a44fcb8f42.png
Funk of Titans,2015-01-09,3.4,,Platformer,"Jump, slide, and groove through a vibrant world of Greek mythology with a funky twist. As Perseus, champion of the Funk, battle the gods of Pop, Rap, and Rock in an endless running platformer that combines rhythm and reflexes. Dash through colorful environments, collect vinyl records, and unlock new gear to boost your abilities. Time your jumps and attacks to the beat as you face mythological creatures reimagined with musical flair. Master over 40 levels across three unique worlds, each with its own musical style and challenges. Compete for high scores and perfect runs while building your collection of weapons and costumes.",https://images.launchbox-app.com/4c7ba8f3-7eed-4695-a4fe-79d918710700.png
Funky Barn,2012-11-18,3.64,,Simulation,"Manage your own vibrant farm in this charming simulation where you'll raise animals, grow crops, and keep your barnyard running smoothly. Juggle the needs of chickens, cows, pigs, and sheep while dealing with unexpected challenges like pesky wolves and UFO invasions. Use the Wii U GamePad to interact directly with your farm, tapping to feed animals, collect resources, and build new facilities. Expand your operation by purchasing equipment like egg incubators and wool spinners to process goods and earn more coins. The quirky art style and upbeat soundtrack create a cheerful atmosphere as you balance productivity with the chaos of farm life.",https://images.launchbox-app.com/41328172-4581-4d12-8b54-2947d33367bf.jpg
Funky Physics,,4.1,,,,https://images.launchbox-app.com/036561c8-44fd-42fa-a0e0-098bfacec882.png
Futuridium EP Deluxe,2014-09-04,4.25,,Action,"Pilot a nimble spacecraft through a retro-futuristic gauntlet of geometric obstacles and enemy defenses in this fast-paced shoot 'em up. Your mission: destroy energy cubes scattered throughout massive capital ships, then escape before it's too late. Speed is essential as you weave through tight corridors, dodge deadly barriers, and engage hostile forces with precision shooting. The minimalist aesthetic combines stark wireframe visuals with pulsing electronic music, creating an intense arcade experience. Master the art of quick reflexes and spatial awareness across multiple challenging levels, each demanding perfect runs and strategic cube destruction sequences.",https://images.launchbox-app.com/a60b71b5-072c-4daf-9882-021d0dcc7995.png
Gaiabreaker,,3.0,,,,https://images.launchbox-app.com/329c920a-b098-42ea-b9e2-3bf9fe691d3b.png
Galaxy Blaster,,2.38,,,"Defend your base from waves of incoming alien ships in this arcade-style shooter. Control your paddle to move left or right across the screen, tapping to fire your blaster at approaching enemies. The challenge intensifies as alien vessels close in on your position. Miss too many targets and they'll breach your defenses, ending your run. Simple touch controls combine with classic arcade action for quick, accessible gameplay sessions. Battle through increasingly difficult waves to achieve high scores and test your reflexes against the alien invasion.",https://images.launchbox-app.com/cf732702-0f10-4a31-ad4f-9d7d4cfd1a85.png
Game & Wario,2013-06-23,3.42,61,Miscellaneous,"Game & Wario is a party video game in the WarioWare series developed by Nintendo for the Wii U, named after the series of electronic games known as Game & Watch. It is the eighth game in the WarioWare Series. The game revolves around 16 minigames played using the Wii U GamePad. The game was released in Japan on March 28, 2013, North America on June 23, 2013, Europe on June 28, 2013, and Australia on June 29, 2013.",https://images.launchbox-app.com/259714bc-a397-4737-b08a-15ca5e714a1e.jpg
Game Party Champions,2012-11-18,3.1,,Party,"Game Party Champions brings motion-controlled party gaming to Wii U with a collection of competitive mini-games designed for group play. Challenge friends and family across activities including table hockey, basketball, bocce ball, darts, table football, and ping pong. The GamePad integration adds unique asymmetric gameplay possibilities, allowing one player to use the controller differently than those with Wiimotes. Each game features accessible controls that welcome casual players while offering enough depth for competitive matches. Track your progress, earn trophies, and climb the leaderboards as you master each activity.",https://images.launchbox-app.com/32f7f942-d98b-4c2a-8669-c92d15366197.jpg
Games for Toddlers,2016-09-01,3.0,,Educational/Puzzle,"A collection of four simple mini-games designed for young children using the Wii U GamePad touchscreen. Includes A-Mazing, a top-down maze navigator with three difficulty sizes; Icy Block Stacker, an arctic-themed block-stacking game where you tap to drop penguin blocks; an egg collection game; and one additional activity. All games use touch controls and feature colorful, child-friendly visuals aimed at toddlers. Short play sessions make it suitable for young attention spans, though gameplay is simple and straightforward throughout the collection. Sources: - [Games For Toddlers Review (Wii U eShop) | Nintendo Life](https://www.nintendolife.com/reviews/wiiu-eshop/games_for_toddlers) - [Game",https://images.launchbox-app.com/6890d92a-b833-410e-9d1b-ee7405235b77.png
Gear Gauntlet,2016-09-15,4.25,,Action/Arcade,"Control a spinning cog racing through increasingly punishing gauntlets in this fast-paced 2D action arcade game. Boost, teleport, reverse and rotate to survive as the auto-scrolling screen relentlessly pursues you - fall behind and it's game over. Collect gear medallions and navigate through colored path blockers while avoiding barriers that damage your gear on higher difficulties. Features hand-drawn gritty artwork and a rock soundtrack with shredding guitars, creating an intense test of reflexes and patience across multiple difficulty modes. Sources: - [Gear Gauntlet Review (Wii U eShop) | Nintendo Life](https://www.nintendolife.com/reviews/wiiu-eshop/gear_gauntlet) - [Gear Gauntlet Arriv",https://images.launchbox-app.com/dcbd1877-80f6-49e7-b83d-9e59165a1282.png
Gemology,2015-10-01,3.64,,Puzzle,"A gravity-based puzzle game combining elements of Tetris and Bejeweled with unique mechanics. Features two distinct modes: Lapidiary challenges players to solve pre-designed puzzles by mining gem formations through strategic rock placement and row completion, while Annealiation offers arcade-style high-score gameplay where you tap, drag, and combine gems to create massive stones. Supports multiple GamePad configurations including Off-TV play and an Observer Mode for spectators.",https://images.launchbox-app.com/81cd3016-2219-4290-81f6-2a0c308320f1.png
Geom,2014-06-19,3.94,,Puzzle,"A budget puzzle game where players race against the clock to identify and tap geometric shapes on the GamePad touchscreen. Features three distinct game modes: grouping identical shapes together, finding specific shapes among distractors, and locating bonus shapes. Created by solo developer Pablo Millan, this fast-paced score-chaser challenges spatial recognition and quick reflexes across progressively difficult timed challenges. All gameplay uses touchscreen controls, with simple mechanics designed for quick pick-up-and-play sessions. Sources: - [GEOM Review (Wii U eShop) | Nintendo Life](https://www.nintendolife.com/reviews/wiiu-eshop/geom) - [GEOM (Wii U eShop)- Review – Seafoam Gaming](h",https://images.launchbox-app.com/c84bd585-2fed-4568-8be9-9ecd79b726c6.png
GetClose,,3.68,,,,https://images.launchbox-app.com/a00d0d1a-8022-434d-84ca-b37e2f9b1f6d.png
Ghost Blade HD,2017,3.55,,Shoot 'em up,"Ghost Blade HD brings classic bullet hell arcade action to the Wii U with stunning high-definition visuals and relentless intensity. Choose from three unique fighters, each with distinct weapons and shot patterns, as you battle through five challenging stages filled with massive bosses and intricate bullet patterns. Master the risk-reward scoring system by collecting ghosts in close combat while weaving through dense projectile curtains. Features multiple difficulty modes from beginner-friendly to hardcore danmaku expert levels, plus Score Attack and Caravan modes for competitive play.",https://images.launchbox-app.com/d87d83f5-9abe-4c26-a7f7-9ecc48c770e8.png
Giana Sisters - Twisted Dreams,2013-11-14,4.02,,Platformer,"Transform between two dream worlds in this beautiful platformer featuring punk rock Giana and her cute alter ego. Switch between personalities on the fly to navigate twisted dreamscapes filled with enemies, traps, and secrets. Each world transformation changes the environment, music, and Giana's abilities—cute Giana twirls gracefully through the air while punk Giana dashes powerfully through obstacles. Master both forms to conquer over 20 challenging levels packed with collectibles and hidden pathways. The dynamic soundtrack shifts seamlessly between gentle melodies and hard rock as you swap worlds, creating an immersive audio-visual experience that responds to your every move.",https://images.launchbox-app.com/35313c89-8a1e-4b2a-9c02-270f9488138f.jpg
Giana Sisters - Twisted Dreams Director's Cut,2013-11-13,3.88,,Platformer,"Transform between two worlds in this visually stunning platformer featuring the legendary Giana. Switch between cute Giana and her punk alter-ego at will, warping the dreamworld around you to reveal new paths and abilities. Each transformation changes not only Giana's appearance and powers but the entire environment and soundtrack. Navigate through twisted landscapes filled with challenging enemies and hazardous obstacles. Master precise platforming mechanics, collect crystals, and use each sister's unique abilities to overcome increasingly complex puzzles.",
Girls Like Robots,2013-12-05,4.0,,Puzzle,"Girls Like Robots is a charming logic puzzle game where you arrange dinner party seating to keep everyone happy. Place guests strategically across increasingly complex scenarios - girls prefer sitting next to robots, boys want to be near girls, robots clash with each other, and nobody wants to sit by nerds or pie. Each level presents a unique grid-based challenge requiring careful planning to maximize happiness scores. The game evolves from simple parties to weddings, beaches, and concerts, introducing new character types and special rules that dramatically shift your strategy.",https://images.launchbox-app.com/6a7d9381-6a15-4939-b2d3-9a36c9cfb40d.png
Grand Prix Rock 'N Racing,2015,3.33,,Racing,"Grand Prix Rock 'N Racing delivers fast-paced arcade racing action with a retro twist. Choose from a colorful roster of drivers and hit the track in overhead-view races that blend classic top-down racing gameplay with modern sensibilities. Master tight corners, dodge obstacles, and outmaneuver your rivals across diverse circuits filled with jumps, shortcuts, and hazards. The game features both single-player championships and multiplayer mayhem where up to four players can compete locally. With its vibrant pixel art style, energetic rock soundtrack, and accessible pick-up-and-play mechanics, it captures the spirit of old-school arcade racers while offering enough challenge to keep you comi...",https://images.launchbox-app.com/537cc9c8-c39f-44cd-9c9e-4cfe5b29fb29.png
GravBlocks+,,4.13,,,,https://images.launchbox-app.com/23359482-19ba-41b9-9521-7cf1079ce40f.jpg
Gravity Badgers,2014,3.9,,Puzzle,"Launch badgers through space in this physics-based puzzle adventure where gravity is your greatest tool and biggest obstacle. Guide your fearless badger astronauts across treacherous asteroid fields, navigating gravitational wells that pull you toward planets, moons, and deadly hazards. Time your jumps perfectly, slingshot around celestial bodies, and collect all the carrots while avoiding explosive mines and dangerous debris. With dozens of increasingly challenging levels, Gravity Badgers tests your spatial reasoning and timing as you master the art of zero-gravity navigation.",https://images.launchbox-app.com/782b7587-f4c4-446e-bed3-efc2bde9aca0.png
Gravity+,2016-11-03,3.94,,Puzzle,"Guide a small robot through a maze-like space station by manipulating gravity to reach the exit. Rotate environments in multiple directions to navigate over two dozen stages filled with enemies, laser beams, teleportation devices, and locked doors. Use the D-pad to shift gravity and overcome traps and hazards. Features online leaderboards, stamps, and Miiverse support. An optional level editor DLC lets you create your own custom challenges. Supports Pro Controller, Wii Remote, and Classic Controller. Sources: - [Gravity+ for Wii U Reviews - Metacritic](https://www.metacritic.com/game/wii-u/gravity+) - [Gravity+ | Wii U download software | Games | Nintendo UK](https://www.nintendo.com/en-gb/",https://images.launchbox-app.com/00ed5b4a-e264-485a-b9f3-104fea3d3c96.jpg
Grumpy Reaper,,3.83,,,,https://images.launchbox-app.com/c9ff2934-6758-4c5c-ab26-00c5ae10cfec.jpg
Guacamelee! Super Turbo Championship Edition,2014-07-02,4.1,90,Action,"Guacamelee! is a metroidvania action platforming video game developed and published by DrinkBox Studios. The game was released for PlayStation 3 and PlayStation Vita in April 2013, and was later ported to Microsoft Windows in August 2013, and to OS X and Linux in February 2014. An enhanced edition was released for Wii U, Windows, PlayStation 4, Xbox One, and Xbox 360 in July 2014, and later on the Nintendo Switch in October 2018. The game draws its inspiration from traditional Mexican culture and folklore.",https://images.launchbox-app.com/ccd0e68b-840d-47b7-bf86-bde3e7fa4de2.jpg
Guitar Hero Live,2015-10-20,3.76,,Music,"Guitar Hero returns with a revolutionary new guitar controller featuring two rows of three buttons, mimicking real guitar chord shapes and delivering the most authentic playing experience yet. Perform in first-person perspective as a live-action band member, facing real crowds that react dynamically to your performance—cheer when you nail solos, jeer when you stumble. The game features two distinct modes: GH Live lets you rock out in music festivals with full-motion video performances, while GHTV streams a constantly-updating catalog of playable music videos across multiple themed channels.",https://images.launchbox-app.com/6b9e0c18-4f57-401e-874b-a80e5d2ac3c2.png
Gunman Clive HD Collection,2015-12-17,3.97,,Platformer,"Gunman Clive HD Collection brings both beloved indie platformers to Wii U in stunning high definition. Take control of the titular gunslinger in a wild west adventure that blends precise run-and-gun action with creative platforming challenges. Battle through diverse environments from desert canyons to speeding trains, facing off against bandits, wildlife, and massive boss encounters. The game features multiple playable characters, each with unique abilities that dramatically change how you approach levels. Its distinctive visual style mimics sketched pencil artwork brought to life with subtle animation and sepia tones.",https://images.launchbox-app.com/91c6da75-2109-4139-8d25-08df752441f7.jpg
Hello Kitty Kruisers,2014-10-28,2.79,,Racing,"Race through colorful tracks with Hello Kitty and her Sanrio friends in this family-friendly kart racer. Choose from multiple beloved characters including My Melody, Badtz-Maru, and Keroppi, then compete in go-karts or speedboats across vibrant courses filled with shortcuts and power-ups. Collect items to gain advantages over opponents, customize your vehicle's appearance, and master different racing modes. The game features split-screen multiplayer for up to four players locally, making it perfect for family gaming sessions.",https://images.launchbox-app.com/dfec1952-8fb4-4ef0-a80c-d6f2253dc60b.jpg
Heptrix,,3.11,,,,https://images.launchbox-app.com/a53f2560-a82d-41bd-8f4d-dbeba94c1674.png
High Strangeness,2015-10-08,3.95,,Action-Adventure,"Switch between 8-bit and 16-bit worlds in this unique action-adventure that seamlessly blends retro aesthetics with mind-bending gameplay. As Boyd, a kidnapped boy with mysterious powers, explore a world where reality shifts between two graphical dimensions—each revealing different secrets, enemies, and pathways. Solve ingenious puzzles that require flipping between visual styles, battle creatures that exist in only one dimension, and uncover a conspiracy involving secret societies and interdimensional threats.",https://images.launchbox-app.com/50eeac67-289b-4413-a7ef-b6f20f04c299.png
Hive Jump,2017,3.5,,Action,"Descend into alien hive worlds as an elite JUMP Corps soldier in this intense run-and-gun platformer. Each procedurally generated mission throws you into hostile underground caverns crawling with deadly insectoid aliens. Blast through enemy swarms with an arsenal of upgradeable weapons, plant charges on alien backpacks to complete objectives, and extract before the hive overwhelms you. Die and you're permanent—roguelike permadeath means every run matters. Unlock new equipment and abilities between missions to push deeper into increasingly dangerous hive chambers. Fast-paced combat meets strategic resource management as you balance aggression with survival.",https://images.launchbox-app.com/1e45985e-a85b-4464-b6aa-1b99751d2758.png
Hold Your Fire,,3.1,,,,https://images.launchbox-app.com/5cae3f06-5cc3-48e5-8e4c-082f7f3b06e7.png
Horror Stories,,3.5,,,,https://images.launchbox-app.com/07b4de73-8da3-4d5d-b04a-f568fbea15b4.png
Hot Rod Racer,,2.92,,,,https://images.launchbox-app.com/3357815e-4437-4460-b4c5-b70581f53080.png
Hot Wheels - World's Best Driver,2013-11-12,2.68,,Racing,"Take control of iconic Hot Wheels vehicles in this family-friendly racing game that brings the classic toy cars to life on your Wii U. Race through imaginative tracks inspired by the legendary orange track sets, performing death-defying stunts, loops, and jumps. Compete in various racing modes across multiple vibrant environments, from city streets to fantastic fantasy worlds. The game features the distinctive arcade-style racing that Hot Wheels is known for, with power-ups, shortcuts, and boost mechanics. Utilize the Wii U GamePad for unique racing experiences and track challenges.",
How to Survive,2013-11-13,3.75,,Action,"Fight for survival on a mysterious archipelago infested with the undead in this challenging action game. Stranded on remote islands, you must scavenge for weapons, craft essential supplies, and build shelter while fending off relentless zombie hordes. Choose from multiple survivors, each with unique skills and abilities, as you explore dangerous terrain and uncover the secrets behind the outbreak. The game challenges you to master survival fundamentals through day-night cycles where darkness brings greater peril. Combine melee combat, ranged weapons, and environmental hazards to overcome the undead threat.",https://images.launchbox-app.com/9cf9b9d5-9928-49dd-ac1c-c22f3d9c05f9.jpg
How to Train Your Dragons 2,2014,3.38,,Action-Adventure,"Soar through the skies of Berk and beyond in this action-adventure based on the hit DreamWorks Animation film. Take control of Hiccup and Toothless as you explore vast open environments, engage in aerial combat, and build your bond with dragons. Battle against Drago's forces using fire blasts, tail whips, and devastating combo attacks. Switch between flying and ground-based gameplay as you complete missions, discover hidden collectibles, and unlock new dragon abilities. Face off against massive boss battles that test your reflexes and strategic thinking. Master the art of dragon riding with intuitive flight controls designed specifically for the Wii U GamePad.",https://images.launchbox-app.com/43a84919-01c6-46c6-bf93-049e1be03039.png
Human Resource Machine,2015-10-15,4.08,,Puzzle,"Human Resource Machine is a unique programming puzzle game where you program office workers to solve increasingly complex challenges. Using a visual programming language with simple drag-and-drop commands like INBOX, OUTBOX, COPY, and JUMP, you automate tasks for your workers in a darkly humorous corporate setting. Each puzzle requires you to write efficient ""programs"" to process data, teaching fundamental programming concepts like loops, conditionals, and memory management without any coding experience.",https://images.launchbox-app.com/6845ca62-68e4-4db5-b3ed-c3bb0e39453e.png
Humanitarian Helicopter,,2.6,,,,https://images.launchbox-app.com/9b4b5c55-c924-453f-bcdd-df41ed3b3ec4.png
Hurry Up! Bird Hunter,,2.67,,,,https://images.launchbox-app.com/e6307176-67c2-43ff-a155-de1a805ccffa.png
Hyrule Warriors,2014-09-26,4.21,76,Action,"Hyrule Warriors (known as Zelda Warriors in Japan) is a hack and slash action video game developed by Omega Force and Team Ninja for the Wii U video game console. Hyrule Warriors was released in Japan in August 2014, and internationally the following month. The game is a collaboration between Koei Tecmo and Nintendo, and is a crossover between Koei Tecmo's Dynasty Warriors and Nintendo's The Legend of Zelda. It is one of the best-selling games on the Wii U. An updated port Hyrule Warriors Legends, known as Zelda Warriors: Hyrule All-Stars in Japan, was released for the for the Nintendo 3DS in Japan in January 2016 and worldwide in March 2016.",https://images.launchbox-app.com/b383ba78-87c9-4a85-b608-cffee34d1dc8.jpg
I C Redd,,2.67,,,,https://images.launchbox-app.com/afda9c2b-30a8-47ea-a139-d9ab862810df.png
I've Got to Run!,,2.74,,,,https://images.launchbox-app.com/a989b58e-16b2-4eb5-8458-4fef5e03416f.png
Ice Cream Surfer,,4.0,,,,https://images.launchbox-app.com/49ad117f-6f06-4581-9c2b-3fdcc11d8dd7.png
Infinity Runner,2016,3.94,,Action,"Race through a massive spaceship at breakneck speed in this intense first-person action runner. As a prisoner with mysterious werewolf abilities, you must escape the clutches of a sinister corporation by sprinting, sliding, and leaping through futuristic corridors filled with deadly obstacles. The fate of humanity hangs in the balance as you alternate between human agility and lupine power to survive increasingly challenging sections. Master split-second timing to dodge security barriers, leap across perilous gaps, and transform into werewolf form to smash through obstacles.",https://images.launchbox-app.com/0fa98098-2235-4437-aaa3-cabb9352fd45.png
Injustice: Gods Among Us,2013-04-16,3.81,82,Action,"Injustice: Gods Among Us is a fighting video game based upon the fictional universe of DC Comics. The game was developed by NetherRealm Studios and published by Warner Bros. Interactive Entertainment for the PlayStation 3, Xbox 360, and Wii U. It was released in April 2013 in North America, Europe, and Australia, and June 2013 in Japan. An expanded version of the game, titled Injustice: Gods Among Us Ultimate Edition, was released in November 2013 for the PlayStation 3, PlayStation 4, PlayStation Vita, Xbox 360, and Microsoft Windows.",https://images.launchbox-app.com/0bb6d496-ce8c-44df-8408-fd474515019f.jpg
Insect Planet TD,,5.0,,,,https://images.launchbox-app.com/75b97a14-0f47-4e32-9cf3-08ed668a5c47.jpg
Inside My Radio,2015-09-17,3.88,,Rhythm Platformer,"Step inside a dying boombox and save its world through the power of music in this innovative rhythm-based platformer. Every jump, dash, and action must sync perfectly with the beat as you navigate through pulsing electronic landscapes. Play as three unique characters—Beat, Groove, and Astro—each with distinct abilities and musical styles ranging from electro to reggae to dubstep. Master precise timing to overcome rhythm-driven obstacles, defeat musical enemies, and restore harmony to the radio's inner world. The entire game pulses to an original electronic soundtrack, where platforming and music become one seamless experience.",https://images.launchbox-app.com/f842d47e-144b-4bcf-87a4-f7634fb7e2ca.png
Internal Invasion,2014-07-03,3.88,,Platformer,"Journey deep into an infected body to find and defeat the source of the virus in this gravity-based platformer. Launch character Ro'bert from cannon to cannon using touchscreen controls, racing against time as he can only survive outside these devices for seconds. Collect pills to gain control over his flight path and complete 50 challenging levels. Master the physics-based mechanics by using the fewest launches possible while beating par times for maximum scores. Sources: - [Internal Invasion Review (Wii U eShop) | Nintendo Life](https://www.nintendolife.com/reviews/wiiu-eshop/internal_invasion) - [Internal Invasion Release Information for Wii U - GameFAQs](https://gamefaqs.gamespot.com/wi",https://images.launchbox-app.com/e47b7ee3-aaa2-4117-9188-89958d639472.png
Invanoid,2016-06-30,1.96,,Arcade,"A hybrid arcade game that combines Space Invaders-style descending enemies with Arkanoid's ball-and-paddle mechanics. Control a block at the bottom of the screen to keep a ball bouncing while destroying invading foes. Features endless high score gameplay with colorful animations as you deflect the ball upward to eliminate waves of descending enemies. Developed by RCMADIAX for the Wii U eShop, this budget title merges two classic arcade formulas into a simple score-chasing experience that challenges players to maintain ball control while clearing enemy formations.",https://images.launchbox-app.com/4d6f70f9-3bac-4a35-b50e-7d5e3e945011.png
IQ Test,,3.07,,,,https://images.launchbox-app.com/e331ff3f-3700-4f74-81b2-366b46ebb370.jpg
Island Flight Simulator,2015-12-17,3.6,,Flight Simulation,"Transport freight across twelve exotic islands in this arcade-style flight sim featuring over a hundred missions. Pilot three different aircraft, each upgradable for enhanced speed, durability, and fuel capacity. Navigate between tropical destinations while choosing between legitimate cargo runs and riskier illegal contracts from questionable clients. Master your landings at three airfields and manage your personal hangar as you build your island aviation business through increasingly challenging delivery missions. Sources: - [Island Flight Simulator Release Information for Wii U - GameFAQs](https://gamefaqs.gamespot.com/wii-u/184437-island-flight-simulator/data) - [Island Flight Simulator",https://images.launchbox-app.com/c9a7345a-3777-454f-a072-7ad14aed9990.png
Ittle Dew,2013,3.77,,Puzzle,"Embark on a charming adventure as Ittle Dew, a spirited adventurer who crashlands on a mysterious island and needs money for a raft back home. This puzzle-adventure game puts your problem-solving skills to the test with clever dungeon designs that let you tackle challenges in any order. Armed with just three items—a stick, a fire sword, and an ice ring—you'll discover creative solutions to environmental puzzles and combat encounters. The hand-drawn art style brings personality to every screen, while the witty dialogue and self-aware humor poke fun at adventure game tropes. Speed through the main quest in under an hour or take your time exploring every secret room and optional challenge.",https://images.launchbox-app.com/e3d76b5f-c1d5-4793-b693-3e5d5317e47c.jpg
Jackpot 777,,2.58,,,,https://images.launchbox-app.com/a29e8813-4043-48ac-a16a-308a28048630.png
Jeopardy!,2012-11-18,3.54,,Trivia,"Test your knowledge in America's favorite quiz show, now on Wii U! Jeopardy! brings the authentic game show experience home with thousands of clues across dozens of categories. Compete solo or with friends and family in classic Jeopardy!, Double Jeopardy!, and Final Jeopardy! rounds. The GamePad serves as your personal signaling device, letting you buzz in and write answers just like the real contestants. Challenge yourself in single-player mode against AI opponents, or gather up to three players for local multiplayer showdowns. With official show presentation, familiar board layouts, and that iconic theme music, it's your chance to prove you have what it takes to be a champion.",https://images.launchbox-app.com/7647293e-b74c-44f4-9ba2-ce87c52817e3.jpg
Jett Tailfin,2014-08-07,3.13,,Racing,"Join Jett and his fish friends in underwater racing action through exotic locations like Atlantis, Ship Graveyard, and Pirates Island. Navigate obstacle-filled tracks while dodging sharks, jellyfish, and stingrays. Compete in fast-paced races across vibrant ocean environments, collecting power-ups and bonuses along the way. Features multiplayer mode supporting up to 8 players and includes mini-adventure challenges. Originally a mobile title, this Wii U version adds enhanced features and refinements to the arcade-style aquatic racing experience. Sources: - [Jett Tailfin Review (Wii U eShop) | Nintendo Life](https://www.nintendolife.com/reviews/wiiu-eshop/jett_tailfin) - [Jett Tailfin Release",https://images.launchbox-app.com/ae38c728-2718-4108-80a6-07397ef54a4c.jpg
Jewel Quest,2013,4.1,,Puzzle,"Match three or more jewels to turn the tiles beneath them gold in this addictive puzzle adventure. Journey across ancient ruins as you flip jewels, create explosive combos, and race against time to transform the entire board. The game combines classic match-3 mechanics with strategic tile-flipping gameplay that requires careful planning—you must turn every tile gold before time runs out. Features multiple game modes including Classic, Buried Treasure where you excavate hidden jewels, and Balance where you must manage falling jewels on a precarious scale. Explore exotic locations from Mayan temples to Egyptian pyramids while solving increasingly challenging puzzles.",https://images.launchbox-app.com/056995ef-70d3-48ae-83b0-ea712ffd386f.png
Joe's Diner,2016,3.85,,Horror,"Step into the night shift at Joe's Diner, where your job is simple: keep the two haunted animatronic characters, a cowboy and an Indian, from meeting each other. Working the graveyard shift in this cursed establishment, you must monitor security cameras and rush between rooms to prevent these supernatural beings from crossing paths. As the nights progress, the challenge intensifies - the animatronics move faster and more unpredictably, testing your reflexes and strategic thinking. One wrong move, one moment of hesitation, and catastrophic consequences unfold.",https://images.launchbox-app.com/c7eaf0d8-09fa-45db-a40c-cd6af0407c11.png
Jones on Fire,,3.25,,,,https://images.launchbox-app.com/48fbd9a1-3565-4a6e-a0e4-3eb8618f7471.png
Jotun Valhalla Edition,2016-09-08,4.07,,Action-Adventure,"Explore the vast world of Norse mythology as Thora, a Viking warrior who died an inglorious death and must prove herself to the gods to enter Valhalla. Journey through stunning hand-drawn landscapes, battling massive elemental jotun bosses in epic confrontations. Armed with your two-handed axe and divine powers bestowed by the gods, you'll face colossal enemies inspired by Norse legends. The Valhalla Edition includes Valhalla Mode, offering even more challenging boss battles. Experience beautiful art and atmospheric music as you traverse nine distinct realms, uncovering runes to increase your power and learning Thora's story through ethereal narration in Icelandic.",https://images.launchbox-app.com/617acac9-99fb-426a-bdb5-9da2cc386bb1.png
Journey of a Special Average Balloon,,2.59,,,,https://images.launchbox-app.com/199f53bc-1937-4305-92d0-5f6bb629df43.png
Jumpy Cat,,,,Action Platformer,"Don't be fooled by its innocent appearance—Jumpy Cat is one of the most brutally difficult games on Wii U. This deceptively simple platformer challenges players with punishing obstacles while calm music and quacking ducks play in the background. Navigate through treacherous levels as a cat that can only jump, testing your timing and precision to the limit. Originally planned for eShop release but pulled due to controversy over stolen pixel art assets, this notorious title from Ninja Pig Studios never saw official distribution. Sources: - [Jumpy Cat for Wii U - GameFAQs](https://gamefaqs.gamespot.com/wii-u/116663-jumpy-cat) - [Jumpy Cat Details - LaunchBox Games Database](https://gamesdb.lau",https://images.launchbox-app.com/a0481767-5af6-4d88-9806-353c97cf71bc.png
Just Dance 2014,2013-10-08,3.86,72,Action,"Just Dance 2014 is a dance video game developed by Ubisoft Paris, in collaboration with Ubisoft Milan, Ubisoft Reflections, Ubisoft Bucharest, Ubisoft Pune and Ubisoft Montpellier. The fifth main instalment in the Just Dance series (which as of February 2019 ranged from Just Dance of 2009 to Just Dance 2019), it was announced at Ubisoft's E3 2013 press event, and released for PlayStation 3, Xbox 360, Wii, and Wii Uon 9 October 2013, and for PlayStation 4 and Xbox One as launch titles on 15 November and 22 November 2013 respectively.",https://images.launchbox-app.com/17868732-1769-404e-b600-c94294dbe05e.jpg
Just Dance 4,2012-11-18,3.69,66,Action,"Just Dance 4 is a music video game developed by Ubisoft as the fourth main installment of the Just Dance series. Announced at E3 2012 by Flo Rida and Aisha Tyler, it was released on the Wii, the Wii U, the PlayStation 3 (for PlayStation Move), and the Xbox 360 (for Kinect) and was for Xbox 360, Wii, and PlayStation 3 and released in Europe and Australia on October 2, 2012 and on October 9, 2012 in North America, The Wii U version was released on November 18, 2012 in North America and was released on November 30, 2012 in Europe and Australia, alongside the system.",https://images.launchbox-app.com/27930b31-4078-479e-bed7-a90af1f2a334.jpg
Just Dance Disney Party 2,2015-10-23,3.73,,Music/Rhythm,"Dance along to beloved Disney songs in this family-friendly rhythm game that brings the magic of Disney to your living room. Featuring iconic tracks from Disney Channel shows, classic Disney films, and modern animated hits, Just Dance Disney Party 2 offers fun choreography designed for all skill levels. Use the Wii U GamePad or Wii Remote to follow on-screen dancers and rack up points with your moves. The game includes popular songs from Frozen, Teen Beach Movie, Violetta, and more Disney favorites. Perfect for parties and family gatherings, with multiplayer modes that let up to four players dance simultaneously, competing for the highest score or working together cooperatively.",
Keytari 8-Bit Music Maker,2015-07-09,3.56,,Music,"Transform your Wii U GamePad into a retro 8-bit synthesizer with KEYTARI. Touch the on-screen keys with your stylus to play classic chiptune sounds reminiscent of NES-era games. Choose from lead instruments like SineSquare, MultiPlex, and PolySaw, layer background beats and bass lines, and jam with the built-in drum kit. While it lacks recording or sharing features, KEYTARI serves as a straightforward digital instrument for creating nostalgic 8-bit melodies and experimenting with old-school gaming sounds on the fly. Sources: - [KEYTARI: 8-bit Music Maker Review (Wii U eShop) | Nintendo Life](https://www.nintendolife.com/reviews/wiiu-eshop/keytari_8-bit_music_maker) - [KEYTARI: 8-bit Music M",https://images.launchbox-app.com/4165b7d5-95b2-479b-87e5-2e19a3b959c2.jpg
Kick and Fennick,2015-07-23,4.25,,Platformer,"Join young Kick and his unlikely companion Fennick, a small but powerful gun, in this charming puzzle-platformer adventure. After crash-landing on a strange tower, Kick must use Fennick's recoil to propel himself through 45 handcrafted levels filled with clever physics-based challenges. Master the art of momentum-based movement as you blast, bounce, and fly through colorful environments, solving puzzles and collecting items to repair your rocket. The unique recoil-jumping mechanic transforms every shot into a strategic decision—conserve ammo or take risky shortcuts.",https://images.launchbox-app.com/2e871619-d214-48e1-ada5-da0c643e119a.png
KickBeat,2014,3.82,,Rhythm,"KickBeat delivers rhythm-action combat where martial arts meets music in an explosive fusion. Fight through waves of enemies by striking, blocking, and countering in perfect sync with a pulse-pounding soundtrack featuring licensed tracks and original compositions. Every beat is a potential attack or defense move, demanding precision timing and rhythmic mastery. Chain together combos, collect power-ups, and unleash special attacks as you battle across multiple difficulty levels. The game features two playable characters, each with their own fighting styles and story campaigns.",https://images.launchbox-app.com/6d8d4368-8fe0-41ff-ba05-6f5750842e3e.png
Kirby and the Rainbow Curse,2015-02-20,3.65,73,Action,"Kirby and the Rainbow Curse, known in the PAL regions as Kirby and the Rainbow Paintbrush, is a platforming video game in the Kirby series, developed by HAL Laboratory for Wii U. The title, which is a follow-up game of the 2005 Nintendo DS title Kirby: Canvas Curse, was released by Nintendo on January 22, 2015 in Japan, February 20, 2015 in North America, May 8, 2015 in Europe and May 9, 2015 in Australia. The game supports the Kirby, Meta Knight, and King Dedede Amiibo.",https://images.launchbox-app.com/4ad43a0d-5491-411f-99c4-bd35ecbacb1c.jpg
Knytt Underground,2013,3.83,,Platformer,"Explore a vast underground world in this atmospheric 2D platformer that combines precision movement with environmental storytelling. Play as Mi, a mute sprite who can climb walls and ceilings, navigating through hundreds of interconnected rooms filled with secrets and hidden passages. Switch between different character abilities to overcome obstacles and solve environmental puzzles. The game blends challenging platforming with philosophical themes, featuring a sprawling nonlinear map that rewards exploration and curiosity.",https://images.launchbox-app.com/2233f833-8b76-4f44-87ac-790a88b4a53b.png
Koi DX,,3.48,,,,https://images.launchbox-app.com/ce609fa4-3334-4588-a96d-77c4e99934bd.png
Kung Fu Fight!,2015-08-06,3.75,,Action / Endless Runner,"Battle through relentless old-school action in this retro-styled endless runner. Punch, jump, and dodge your way through varied environments on a quest for rescue and revenge. Face unique enemies across Story Mode or test your skills in the challenging Infinite Fortress mode. Simple three-button controls keep you focused on the fast-paced combat as you fight to save the girl and defeat the bad guys. Unlock comical achievements in the Trophy Case and tackle multiple difficulty modes for added replayability. Sources: - [Kung Fu FIGHT! Review (Wii U eShop) | Nintendo Life](https://www.nintendolife.com/reviews/wiiu-eshop/kung_fu_fight) - [Kung Fu FIGHT! for Wii U - Nintendo Game Details](https:",https://images.launchbox-app.com/95f9d793-9771-49c9-98a0-c2a46647e8e4.png
Kung Fu Panda Showdown of Legendary Legends,2015-11-03,3.0,,Fighting,"Enter the arena in this fast-paced fighting game featuring beloved characters from the Kung Fu Panda universe. Battle as Po, Tigress, Shifu, and other legendary warriors across dynamic 3D arenas filled with interactive hazards and destructible environments. Master each character's unique kung fu fighting style, from Po's powerful belly-based attacks to Tigress's lightning-quick strikes. Compete in tournament mode, team battles, or free-for-all brawls supporting up to four players simultaneously. Unleash devastating special moves and combo attacks while dodging environmental dangers like rolling boulders and crumbling platforms.",https://images.launchbox-app.com/592a91b1-b1c1-417d-872d-63915d8c86c2.png
Kung Fu Rabbit,2013,3.35,,Platformer,"Master the art of precision platforming as a martial arts rabbit on a quest to rescue your enslaved disciples from the evil monster king. This challenging puzzle-platformer demands perfect timing and skillful jumps through over 150 levels of deadly traps, spikes, and obstacles. One hit means instant death, so you'll need lightning-fast reflexes and clever use of wall-jumps and slide moves to survive. Collect carrots to unlock bonus stages and challenge yourself to achieve perfect completion across four distinct worlds.",https://images.launchbox-app.com/dd91691b-08b3-4568-a7d8-b1bd184497b5.jpg
Land It Rocket,,3.69,,,,https://images.launchbox-app.com/276dd484-0802-4400-9dd6-670ec282d082.png
Laser Blaster,,3.6,,,,https://images.launchbox-app.com/781e9763-97fe-4e1a-ade2-13f742b357c9.png
Last Soldier,2018-11-15,3.5,,Action Shooter,"Your mission failed. You're the sole survivor trapped in a secret spider-infested facility. Fight for survival in this top-down shooter where massive arachnids swarm endlessly. Click to shoot enemies, scavenge resources, and every 60 seconds seek refuge at the campfire to rest and purchase supplies from the mini store. Face infinite levels of increasingly dangerous spider hordes as you battle to stay alive in this desperate survival experience. Can you endure against the relentless eight-legged terror? Sources: - [Last Soldier (2018) | Wii U eShop Game | Nintendo Life](https://www.nintendolife.com/games/wiiu-eshop/last_soldier) - [Last Soldier (2017) - MobyGames](https://www.mobygames.com/g",https://images.launchbox-app.com/08714d26-9389-478b-885c-652f564f5e59.png
Legend of Kay Anniversary,2015-07-28,3.52,,Action-Adventure,"Legend of Kay Anniversary brings the beloved action-adventure classic to life with stunning remastered visuals and enhanced gameplay. Take control of Kay, a courageous young cat warrior who must save his homeland from the invading forces of the Gorillas and Rats. Master fluid martial arts combat as you execute devastating combos and unleash special moves against diverse enemies. Explore a vibrant fantasy world inspired by Asian mythology, filled with challenging platforming sequences, clever puzzles, and epic boss battles. Wield an arsenal of weapons including swords, hammers, and claws, each with unique fighting styles.",https://images.launchbox-app.com/bd6489e1-251e-4992-a234-d8c041d9ed36.jpg
LEGO Batman 2: DC Super Heroes,2013-05-21,3.96,77,Action Adventure,"Lego Batman 2: DC Super Heroes is a Lego-themed action-adventure video game developed by Traveller's Tales, for the PlayStation 3, PlayStation Vita, Nintendo 3DS, Wii U, Wii, Nintendo DS, Xbox 360, Microsoft Windows, Mac OS X, and iOS.The game is a standalone sequel to Lego Batman: The Video game and the second Lego Batman video game. Numerous DC characters within the Batman continuity and outside it are playable characters. Lego Batman 2: DC Super Heroes also featured dialogue and an open world to explore, the first in the Traveller's Tales' Lego series to do so. The game was released in North America on 19 June 2012.",https://images.launchbox-app.com/096da1ad-e62b-4f82-8834-c78a9f4455d7.jpg
LEGO Batman 3: Beyond Gotham,2014-11-11,3.98,,Action Adventure,"Lego Batman 3: Beyond Gotham is a Lego-themed action-adventure video game developed by Traveller's Tales and published by Warner Bros. Interactive Entertainment in November 2014 for multiple platforms. It is the third instalment in the Lego Batman video game series and a sequel to Lego Batman: The Video Game and Lego Batman 2: DC Super Heroes. A port was released to mobile phones, excluding the numeral in the title.",https://images.launchbox-app.com/e13799c8-db4a-4c40-8395-1805cdb152c1.png
LEGO City Undercover,2013-03-18,4.18,80,Action Adventure,"Lego City Undercover is an action-adventure video game developed by TT Fusion for the Wii U. The game was released on 18 March 2013 in North America, in Europe and Australia on 28 March 2013 and in Japan on 25 July 2013. A prequel, Lego City Undercover: The Chase Begins was developed for the Nintendo 3DS. Unlike previous Lego titles developed by Traveller's Tales, which have been based on various licenses, the game is based on the Lego City brand and is the first Lego game to be published by Nintendo. It was also the first Lego game to be first released on the Wii U and Nintendo Switch.",https://images.launchbox-app.com/686ccec4-4e23-4c83-930c-c2e6f18fcb3a.jpg
LEGO Dimensions,2015-09-27,3.96,62,Action Adventure,"Lego Dimensions is a Lego-themed action-adventure video game developed by Traveller's Tales and published by Warner Bros. Interactive Entertainment, for the PlayStation 4, PlayStation 3, Wii U, Xbox One and Xbox 360. It follows the toys-to-life format, in that the player has Lego figures and a toy pad that can be played within the game itself where it features characters and environments from over 30 different franchises. The Starter Pack, containing the game, the USB toy pad, and three minifigures, was released in September 2015, and has been expanded with additional level packs and characters.",https://images.launchbox-app.com/268d0f03-bdde-424a-b542-9b0c4e9e3167.png
LEGO Jurassic World,2015-06-12,3.94,71,Action Adventure,"Lego Jurassic World is a Lego-themed action-adventure video game developed by TT Fusion and published by Warner Bros. Interactive Entertainment, which was released for Microsoft Windows, Nintendo 3DS, OS X, PlayStation 3, PlayStation 4, PlayStation Vita, Wii U, Xbox 360, and Xbox One. It adapts the plots of the first four films in the Jurassic Park franchise, and is part of a series of Lego-themed video games. The game was released on 12 June 2015 to coincide with the theatrical release of Jurassic World. Lego Jurassic World was later released for Android and iOS on 31 March 2016.",https://images.launchbox-app.com/916f6b57-a0cb-43e5-9a3e-67c6f4bdaecc.jpg
LEGO Marvel Super Heroes,2013-10-22,3.85,82,Action Adventure,"Lego Marvel Super Heroes is a Lego-themed action-adventure video game developed by Traveller's Tales and published by Warner Bros. Interactive Entertainment for the PlayStation 3, Xbox 360, Wii U, PlayStation 4, Xbox One and Microsoft Windows, and published by Feral Interactive for OS X. The game features gameplay similar to other Lego titles, such as Lego Star Wars: The Complete Saga and Lego Batman 2: DC Super Heroes, alternating between various action-adventure sequences and puzzle solving scenarios. The handheld version of the game by TT Fusion was released under the title Lego Marvel Super Heroes: Universe in Peril for iOS, Android, Nintendo DS, Nintendo 3DS and PlayStation Vita.",https://images.launchbox-app.com/f10faa11-38af-448f-bc3f-0c7bad74772b.jpg
Lego Marvel's Avengers,2016-01-26,4.0,,Action-Adventure,"Relive the epic moments from Marvel's Avengers films in blocky LEGO form. Battle through scenes from The Avengers and Age of Ultron, plus bonus content from other MCU films. Switch between iconic heroes like Iron Man, Captain America, Thor, Hulk, Black Widow, and Hawkeye, each with unique abilities and combat styles. Smash through LEGO environments, solve puzzles using character-specific powers, and unleash devastating team-up moves. Explore open-world Manhattan and other locations between missions, unlocking over 200 playable Marvel characters.",https://images.launchbox-app.com/1c135cf1-8546-44eb-9471-37a2ca96eec9.jpg
Lego Star Wars - The Force Awakens,2016-06-28,3.97,,Action-Adventure,"Relive the epic story of The Force Awakens in this action-packed LEGO adventure that spans far beyond the film. Battle through all the major moments from the movie while also exploring untold stories that take place between Return of the Jedi and The Force Awakens. Master intense blaster battles with enhanced shooting mechanics, pilot iconic Star Wars vehicles including the Millennium Falcon, and switch between multiple characters to solve puzzles and overcome obstacles. Build and rebuild LEGO structures in creative ways, unleash devastating multi-builds, and experience the humor and charm that only LEGO games can deliver.",https://images.launchbox-app.com/f5946955-2594-4f71-b5cb-7b81020f143c.jpg
Lego The Hobbit,2014-04-11,3.85,,Action-Adventure,"Embark on an epic brick-built journey through Middle-earth in this family-friendly adventure that brings the first two Hobbit films to life. Play as Bilbo Baggins and the Company of Dwarves as you explore iconic locations from the Shire to the Lonely Mountain, solving puzzles and battling orcs using signature Lego humor and gameplay. Master unique dwarf abilities - use Bombur as a trampoline, deploy Bifur's axe, or utilize Ori's slingshot to overcome obstacles. Craft powerful items and weapons at the forge, collect treasure, and unlock characters from across Middle-earth.",
Letter Quest - Grimm's Journey Remastered,2016-05-05,4.29,,Puzzle,"Letter Quest: Grimm's Journey Remastered challenges you to spell your way to victory in this addictive word-based RPG. Guide Grimm, a grim reaper with a vocabulary problem, through monster-filled levels by creating words from a jumbled grid of letters. The longer and more complex your words, the more damage you deal to enemies. Upgrade your abilities, equip special items, and unlock powerful letter tiles as you progress through the story mode and tackle challenging side quests. With plague tiles that corrupt your letters, timed challenges, and strategic boss battles, every encounter tests both your spelling skills and tactical thinking.",
Level 22 - Gary's Misadventures,,4.07,,,,
Life of Pixel,2016,4.07,,Platformer,"Embark on a nostalgic journey through the complete history of video game systems in this charming platformer. Play as Pixel, a tiny hero exploring authentic recreations of classic platforms from the earliest consoles to modern systems. Each world faithfully recreates the graphical style, color palettes, and technical limitations of systems like the ZX Spectrum, Commodore 64, NES, Game Boy, and many more. Navigate through challenging levels that capture the essence of each era while uncovering the evolution of gaming itself.",https://images.launchbox-app.com/b2b12246-ee1d-4111-ba22-c7fb9c200ca2.png
Little Inferno,2012-11-18,3.84,79,Puzzle,"Little Inferno is a puzzle video game developed by American independent game developer Tomorrow Corporation. The game was released for the Wii U on November 18, 2012 in North America and November 30, 2012 in Europe and Australasia. Microsoft Windows, iOS, OS X, Linux and Android versions followed throughout 2013. A Nintendo Switch version was released on March 16, 2017 in North America, and on March 23, 2017 in Europe and Australasia.",https://images.launchbox-app.com/11459717-cfac-493d-9b4e-3d0e5b27a42c.png
Lone Survivor - The Director's Cut,2013-09-19,3.83,,Survival Horror,"Navigate a nightmarish post-apocalyptic world in this psychological survival horror adventure. You wake up alone in a decaying apartment complex where darkness harbors unspeakable terrors. Scavenge for supplies, solve environmental puzzles, and choose when to hide or confront the grotesque creatures that stalk the corridors. Every decision matters—conserve ammunition, manage your sanity, and uncover the mystery of what happened to humanity. The Director's Cut enhances the original with expanded content, new dream sequences, additional endings, and enhanced survival mechanics.",https://images.launchbox-app.com/f7bdadd9-98c6-4310-be61-46af80bd9fe7.png
Lost Reavers,2016-04-28,3.48,46,Role-Playing,"Lost Reavers was a free-to-play multiplayer online game developed and published by Bandai Namco for the Wii U. The game was distributed via Nintendo eShop, and took advantage of the Nintendo Network. A public beta test was being held in Japan from 3 September until 13 September, followed by the title's commercial release on 2 December 2015. The game also released internationally on 28 April 2016. As of 31 May 2019, the game’s servers have been shut down.",https://images.launchbox-app.com/bda1a0c6-a6a8-483a-b245-a6ffb0a06e4e.png
Lovely Planet,2016-07-21,4.05,,First-Person Shooter,"Experience the most adorable apocalypse ever in this minimalist first-person shooter where speed and precision reign supreme. Navigate vibrant, abstract landscapes filled with pastel colors and geometric shapes as you race through bite-sized levels, eliminating cute enemies and dodging projectiles with lightning-fast reflexes. Each stage demands perfect execution—miss a single target or touch a bullet and you're back at the start. The seemingly simple visuals hide brutally challenging gameplay that requires mastering momentum, arc trajectories, and split-second timing.",https://images.launchbox-app.com/71c69961-fe62-4a50-b2be-9bffca834a03.png
Lucadian Chronicles,,3.9,,,,https://images.launchbox-app.com/e4086cf8-6205-47a7-9f1a-1b6e013ed63c.png
Lucentek - Activate,,3.17,,,,https://images.launchbox-app.com/8678f2bd-2877-4612-885f-aa3efa363554.png
Lucentek - Beyond,2017-02-02,4.5,,RPG,"A sci-fi RPG set on planet Mosoideae, under threat of invasion from the Valkuren. Explore environments in first-person, uncovering hidden objects and quests to strengthen your party. Features a time-based battle system with over 15 spells and abilities. Navigate this digital-only eShop adventure as you fight to defend your world using reverse-engineered alien technology. Single-player experience blending exploration, combat, and strategic character progression in a 3D science fiction setting. Sources: - [Lucentek Beyond (2017) | Wii U eShop Game | Nintendo Life](https://www.nintendolife.com/games/wiiu-eshop/lucentek_beyond) - [Lucentek: Beyond (2017) - MobyGames](https://www.mobygames.com/g",https://images.launchbox-app.com/8678f2bd-2877-4612-885f-aa3efa363554.png
Luv Me Buddies Wonderland,,3.46,,,,https://images.launchbox-app.com/0a3fa404-cdcb-4a98-bc5a-8e2a86b13bc3.png
Madden NFL 13,2012-11-18,3.44,,Sports,"Experience the intensity of professional football with Madden NFL 13 on Wii U. This iteration brings the gridiron to Nintendo's console with enhanced GamePad integration, allowing you to call plays, make pre-snap adjustments, and manage your team directly from the controller's touchscreen. The Connected Careers mode combines Franchise and Superstar modes into a unified experience where you can play as a coach or player across multiple seasons. Infinity Engine physics delivers realistic player collisions and momentum-based tackles that make every hit feel authentic.",https://images.launchbox-app.com/009fb0af-378b-4c9c-b8c8-8293e24003c9.jpg
Mahjong,2016-09-22,3.59,,Puzzle,"Rediscover the traditional Chinese tile-matching game with 70 challenging levels of varying difficulty. Clear the board by finding matching pairs of tiles while avoiding becoming blocked. Features multiple graphic styles for customization, brand new puzzle layouts, and classic Mahjong solitaire gameplay. Test your strategic thinking as you work through increasingly complex arrangements to clear each level.",
Mahjong Deluxe 3,2017-03-21,,,Puzzle,"Match pairs of identical tiles to clear the board in this classic Mahjong solitaire experience. Features 640 puzzle layouts across 8 themed worlds, playable in both 2D and 3D perspectives. Random tile placement ensures each layout offers fresh replayability. Developed by award-winning EnsenaSoft, this entry in the popular series combines relaxing music and strategic tile-matching gameplay suitable for all ages and skill levels. Intuitive controls make it easy to pick up while offering depth for puzzle enthusiasts. Sources: - [Mahjong Deluxe 3 Released On Wii U - Family Friendly Gaming](https://familyfriendlygaming.com/News/Updates/2017/Mahjong%20Deluxe%203%20Released%20On%20Wii%20U.html) -",https://images.launchbox-app.com/9e1bf05f-373f-42ec-a54e-36c498836563.jpg
Mario & Sonic at the Rio 2016 Olympic Games,2016-06-24,3.39,65,Sports,"Mario & Sonic at the Rio 2016 Olympic Games is a crossover sports and party game in the Mario & Sonic at the Olympic Games series, released for the Nintendo 3DS in February 2016 in Japan, March 2016 in North America, and in April 2016 for Europe and Australia, and for the Wii U worldwide in June 2016. The game is officially licensed by the International Olympic Committee, as have the other games in the series. It was developed by Sega, with assistance from Arzest and Spike Chunsoft, and published by Nintendo.",https://images.launchbox-app.com/775a63bc-277c-464a-a2ea-bf3d710dee7e.jpg
Mario & Sonic at the Sochi 2014 Olympic Winter Games,2013-11-15,3.25,55,Sports,"Mario & Sonic at the Sochi 2014 Olympic Winter Games is a crossover sports/party video game for the Wii U, the first for the console. It was unveiled on May 17, 2013, is the fourth game in the Mario & Sonic series, and is the official video game for the 2014 Winter Olympics being held in Sochi. It was released on November 8, 2013 in Europe, November 9, 2013 in Australia,November 15, 2013 in North America, and December 5, 2013 in Japan.",https://images.launchbox-app.com/9674a03f-0f39-473e-8833-34141adc1e80.jpg
Mario Kart 8,2014-05-30,4.37,88,Racing,"Mario Kart 8 is a kart racing video game and the eighth major instalment in the Mario Kart series, developed and published by Nintendo for their Wii U home video game console. The game was announced at E3 2013 and released worldwide in May 2014. Like in other games in the series, in Mario Kart 8, players control characters from the Mario franchise and participate in kart racing on various race tracks, using a variety of items to hinder opponents or gain advantages in the race. While incorporating game mechanics originally featured in earlier Mario Kart games, Mario Kart 8 introduces anti-gravity sections that allow players to drive on walls or ceilings, in addition to allowing them to bum...",https://images.launchbox-app.com/aa3e988d-eaf5-46eb-8054-c32b16ba753b.jpg
Mario Party 10,2015-03-20,3.2,66,Miscellaneous,"Mario Party 10 is a party video game developed by NDcube and published by Nintendo for the Wii U. The tenth main installment in the Mario Party series, it was released worldwide in March 2015. It is the first game in the series since Mario Party 4 to have Donkey Kong as a playable character for every aspect of the game.",https://images.launchbox-app.com/6eb0effc-6c7d-4e56-99a6-28bb2680d962.jpg
Mario Tennis: Ultra Smash,2015-11-20,3.23,58,Sports,"Mario Tennis: Ultra Smash is a video game in the Mario Tennis series developed by Camelot Software Planning and published by Nintendo for the Wii U, released internationally in November 2015, and released in Japan in January 2016. The game received mixed to negative reviews from critics due to its lack of content.",https://images.launchbox-app.com/be2148f0-d771-466b-b509-656a2beaed3d.jpg
Mario vs. Donkey Kong - Tipping Stars,2015-03-05,3.86,,Puzzle,"Guide Mini toys to safety in this inventive puzzle-platformer that challenges you to create pathways using a variety of construction pieces. Place girders, springs, conveyor belts, and warp pipes to navigate increasingly complex levels filled with obstacles and enemies. The game features over 80 challenging stages across multiple worlds, plus a robust level editor that lets you design and share your own creations with players worldwide. Earn stars based on your performance, then use them to tip other creators whose levels you enjoy—the community-driven aspect adds endless replayability.",https://images.launchbox-app.com/44a02bd3-1e37-4204-96fa-8bb696ee2ea6.jpg
Marvel Avengers - Battle for Earth,2012-12-04,3.06,,Fighting,"Harness the power of Kinect motion controls to become Earth's Mightiest Heroes in this motion-based fighting game. Battle through an original story inspired by the Secret Invasion comic storyline as the Skrull Empire launches an all-out assault on Earth. Choose from 20 Marvel superheroes including Iron Man, Hulk, Captain America, and Thor, each with unique combat moves executed through full-body gestures. Fight solo or team up with a friend in cooperative mode, unleashing devastating super moves and iconic abilities.",
Masked Forces,2018-05-31,2.25,,First-Person Shooter,"Test your shooting skills in this action-packed first-person tactical shooter. Eliminate enemies by any means necessary across single-player campaigns and online multiplayer modes. Visit the armor and weapon shop to unlock and upgrade your arsenal with various weapons and protective gear. With straightforward FPS mechanics, engage in intense combat scenarios designed to challenge your reflexes and strategic thinking. Face off against opponents in multiple game modes as you prove your combat prowess. Sources: - [Masked Forces (2018) | Wii U eShop Game | Nintendo Life](https://www.nintendolife.com/games/wiiu-eshop/masked_forces) - [Masked Forces Release Information for Wii U - GameFAQs](https",https://images.launchbox-app.com/de799bbb-de3e-4581-bf76-d794b83b8f0a.jpg
Mass Effect 3: Special Edition,2012-11-13,4.09,85,Role-Playing,"Mass Effect 3 is an action role-playing video game developed by BioWare and published by Electronic Arts. The final instalment of the Mass Effect trilogy, it was first released in March 2012 for Microsoft Windows, Xbox 360, and PlayStation 3. A Wii U version of the game, entitled Mass Effect 3: Special Edition, was later released in November 2012. Mass Effect 3 is set within the Milky Way Galaxy in 2186, where civilization is invaded by a highly advanced machine race of synthetic-organic starships known as Reapers. It concludes the story of Commander Shepard, an elite human soldier who is tasked with forging alliances between species for the war.",https://images.launchbox-app.com/5ececbf6-4814-4fea-99d1-ba75bb93a637.jpg
Master Reboot,2013-11-21,3.64,,Adventure,"Enter a haunting digital afterlife in this atmospheric first-person psychological adventure. You awaken in the Soul Cloud, a massive server where human memories are stored after death, but something has gone terribly wrong. Navigate through surreal, distorted environments reconstructed from fragmented memories as you piece together your identity and uncover the dark truth behind this virtual heaven. Solve environmental puzzles, avoid nightmarish threats, and explore everything from childhood homes to eerie hospitals.",https://images.launchbox-app.com/94e9f657-8c2d-4b2b-af27-eb5c7650a888.png
Maze,2015-01-08,1.5,,Puzzle,"Navigate first-person labyrinths as a young hero from Mazadon searching for the Oracle. Collect coins, dodge enemies and traps, and solve puzzles across 24 single-player stages. Features arcade and local multiplayer modes where two players compete to solve mazes and collect coins. Developed by TreeFall Studios, this budget puzzle adventure challenges players to find exits while gathering all 10 coins scattered throughout each maze. Sources: - [Maze (2015) | Wii U eShop Game | Nintendo Life](https://www.nintendolife.com/games/wiiu-eshop/maze?page=2) - [Maze Review (Wii U eShop) | Nintendo Life](https://www.nintendolife.com/reviews/wiiu-eshop/maze) - [Maze (Wii U) Review | Nintendo World Repo",https://images.launchbox-app.com/0735ba61-e433-4ad4-89da-9bb80b7a117c.png
Maze Break,,2.0,,,,https://images.launchbox-app.com/475073d6-db6a-4b1d-9e1d-afb97ed986d8.jpg
Meme Run,2014-12-18,2.03,,Action,"Meme Run is an endless running video game created by American indie developer Ninja Pig Studios (Jordan Schuetz and his brother) for the Wii U console's eShop service. The game features extensive use of Internet memes; for example, the player character is a stick figure with a trollface for a head, and the levels are made up of Lenny faces. The game was designed to appeal to both hardcore and casual audiences, but has been widely criticized both before and after its release for its perceived low quality.",https://images.launchbox-app.com/8bb0c353-b5ee-4078-b55f-03c3419801ed.jpg
Midnight,2015-01-22,3.75,,Puzzle,"Guide a square-shaped fairy through 28 physics-based golf puzzle levels using the GamePad to launch Midnight toward the goal. Avoid deadly spikes, circular saws, and hazardous obstacles while earning 3-star ratings by completing each stage in the fewest moves possible. Features minimalist silhouette art style with lush environments and a soothing piano soundtrack. Developed by Vilmos Gyokeres and published by Petite Games as a Wii U eShop exclusive, this challenging puzzler tests precision and planning across increasingly difficult levels. Sources: - [Midnight (Wii U) Review - Nintendo World Report](http://www.nintendoworldreport.com/review/39629/midnight-wii-u-review) - [Midnight Review (W",https://images.launchbox-app.com/d2e46358-f991-4d11-b87d-2397bb142649.jpg
Midnight 2,,3.95,,,,https://images.launchbox-app.com/6c98cf9f-eb55-4b81-b8b9-5d77d0491953.jpg
Midtown Crazy Race,,3.78,,,,https://images.launchbox-app.com/9997b49d-80cb-4607-90d1-f9f232a0ecc2.png
Mighty No. 9,2016-06-21,2.96,48,Action,"Mighty No. 9 is a 2016 action platform video game developed by Concept, in conjunction with Inti Creates, and published by Deep Silver. The game was crowdfunded through Kickstarter and incorporated heavy input from the public. Mighty No. 9 closely resembles the early Mega Man series in both gameplay and character design, which project lead Keiji Inafune worked on, and is considered its spiritual successor.",https://images.launchbox-app.com/c69dd70a-6bcf-49ab-bb6b-0b9cd4280aee.jpg
Mighty Switch Force! 2,2013-06-13,3.93,,Puzzle-Platformer,"Take control of cybernetic peacekeeper Patricia Wagon in this vibrant puzzle-platformer that turns firefighting into a high-speed brain teaser. Armed with your trusty Pellet Gun, you'll blast blocks to create paths, reveal secrets, and rescue adorable Hooligan Sisters from burning buildings across sixteen challenging stages. Switch between foreground and background layers to manipulate the environment, extinguish flames, and master increasingly complex spatial puzzles. Race against par times in a test of both wits and reflexes as you navigate colorful, pixel-perfect levels filled with devious obstacles and creative challenges.",https://images.launchbox-app.com/e70c5ce3-3735-4670-ac66-7ade060d791e.jpg
Mighty Switch Force! Hyper Drive Edition,2012-11-18,3.79,80,Action,"Mighty Switch Force! is a puzzle platformer developed by WayForward Technologies for Nintendo 3DS. It is the third game in WayForward's Mightyseries, following Mighty Flip Champs! and Mighty Milky Way. The game was released on the Nintendo eShop on December 22, 2011. An update to the game, including five new levels, was released on May 24, 2012. A high-definition version, Mighty Switch Force! Hyper Drive Edition, was released for the Wii U in 2012, featuring re-drawn graphics and other new features. A Steam version of the game was also released in June 2015. A sequel, Mighty Switch Force! 2, was released in June 2013.",https://images.launchbox-app.com/1742d47e-9831-45d3-b4c7-77d5b3ea1178.jpg
Miko,,3.36,,,,https://images.launchbox-app.com/3b8df5b0-65d0-40e6-bcce-69a251bddaa3.jpg
Minecraft - Story Mode,2015-10-27,4.15,,Adventure,"Step into a narrative-driven adventure set in the blocky world of Minecraft, where your choices shape the story. Play as Jesse and embark on a perilous journey across the Overworld, through the Nether, to the End, and beyond. When the world is threatened by the legendary Wither Storm, you must team up with old friends and new allies to save it. Make critical decisions that affect the story, engage in action-packed sequences, and solve environmental puzzles. Featuring Telltale's signature choice-based gameplay combined with Minecraft's iconic visual style, this episodic adventure offers a fresh take on the beloved crafting universe with its own heroes, villains, and original storyline.",
Minecraft: Wii U Edition,2016-06-17,4.03,77,Action Adventure,"Minecraft is a sandbox video game created by Swedish game developer Markus Persson and released by Mojang in 2011. The game allows players to build with a variety of different blocks in a 3D procedurally generated world, requiring creativity from players. Other activities in the game include exploration, resource gathering, crafting, and combat. Multiple game modes that change gameplay are available, including—but not limited to—a survival mode, in which players must acquire resources to build the world and maintain health, and a creative mode, where players have unlimited resources to build with.",https://images.launchbox-app.com/d9702836-3ea8-4535-9288-f5739d4cab5b.png
Mini-Games Madness Vol #1,,3.2,,,,
Mini-Mario & Friends: amiibo Challenge,2016-03-25,3.48,,Puzzle,"Mini Mario & Friends: Amiibo Challenge is a puzzle video game developed and published by Nintendo for the Wii U and Nintendo 3DS. The game is free to download on the Nintendo eShop, but requires Nintendo's Amiibo lineup in order to play. It was released in Japan in January 2016, and worldwide in April of that year.",https://images.launchbox-app.com/a8951608-99bc-4c4f-96d4-40c7a2b2d111.jpg
Molly Maggot,,2.43,,,,https://images.launchbox-app.com/312557bc-f0f1-4af1-a238-6ad63abce8d9.jpg
Momonga Pinball Adventures,2015,3.63,,Puzzle,"Guide Momonga, a brave flying squirrel, through a whimsical pinball adventure to save his village from evil owls. This unique physics-based puzzler transforms classic pinball mechanics into an epic journey across beautifully hand-painted worlds. Flip, bounce, and soar through nine distinct areas filled with challenging obstacles, cunning enemies, and hidden secrets. Master precise ball control to navigate treacherous paths, solve environmental puzzles, and defeat bosses in this charming fusion of pinball action and adventure storytelling.",https://images.launchbox-app.com/6b709dcd-eb86-4c35-9bc3-fcf8a167e42c.jpg
Mon Premier Karaoké,2014-09-18,3.58,,Music/Karaoke,"Mon Premier Karaoké is a karaoke game designed for children aged 3 to 6, featuring popular French nursery rhymes and children's songs. Players can sing solo using the GamePad's built-in microphone or enjoy duet mode with friends and family using an external Wii U microphone. The game presents colorful HD animations alongside the lyrics, supports off-TV play entirely on the GamePad, and allows players to capture performance photos during their singing sessions. A straightforward, child-friendly karaoke experience for young French-speaking audiences. Sources: - [Mon Premier Karaoké | Wii U download software | Games | Nintendo UK](https://www.nintendo.com/en-gb/Games/Wii-U-download-software/Mo",https://images.launchbox-app.com/b68d8454-1702-407c-adac-51791c533ab1.png
Monkey Pirates,,3.94,,,,https://images.launchbox-app.com/e0bd4e52-8beb-40b4-a1e8-288d9792a80f.jpg
Monster High 13 Wishes,2013-10-29,3.58,,Adventure,"Step into the supernatural world of Monster High in this adventure based on the popular animated movie. Play as various iconic characters from Monster High as you navigate through the story of the 13 Wishes. Explore the halls of Monster High, interact with your favorite ghoulfriends, and uncover the mystery behind a powerful lantern that grants wishes. Engage in mini-games, collect items, and make choices that influence the story. With colorful graphics faithful to the animated series and gameplay designed for fans of the franchise, experience the charm and humor of Monster High in an interactive adventure that brings the movie's storyline to life.",https://images.launchbox-app.com/cab30de6-3bd4-4566-939b-09839d5889b2.png
Monster High New Ghoul in School,2015-11-03,2.68,,Adventure,"Join the world of Monster High as a new student navigating the halls of this famous monster school. Create your own unique ghoul character and explore the Monster High universe through engaging minigames and social interactions. Customize your character's appearance with fashionable outfits and accessories, then participate in various activities throughout the school. Complete quests, solve puzzles, and interact with beloved characters from the Monster High franchise including Draculaura, Frankie Stein, and Clawdeen Wolf. Attend classes, decorate your locker, and make friends as you experience life as a monster student.",https://images.launchbox-app.com/3cb9ed3e-43e6-4bfb-8532-2abc194e938f.jpg
Monster Hunter 3 Ultimate,2013-03-19,4.36,82,Role-Playing,"Monster Hunter 3 Ultimate is a game for the Nintendo 3DS and Wii U. The game is similar to Monster Hunter Portable 3rd. The 3DS version was released on December 10, 2011 in Japan as Monster Hunter Tri G and features local wireless play. In Japan, Famitsu announced that Monster Hunter Tri G was confirmed as an expanded Monster Hunter Tri. It is the first game to support the Circle Pad Pro add-on. The game was also released in two bundles, one containing the special edition 3DS and the other one containing the add-on. It was also released on Wii U, which features revised HD graphics, full online, local multiplayer, and the ability to import the game progress to the player's Nintendo 3DS.",https://images.launchbox-app.com/4e2e7a18-2b62-427d-a789-9d6079343806.jpg
Monster Hunter 3 Ultimate Packet Relay for Nintendo 3DS,2013-12-17,3.76,,Utility,"This free utility application bridges online play between Monster Hunter 3 Ultimate on Wii U and Nintendo 3DS. By running this app on your Wii U while connected to the internet, you enable local multiplayer sessions on the 3DS version to connect online, effectively creating an internet relay for portable hunters. The app provides a simple interface showing connection status and active relays. Essential for 3DS owners wanting to hunt online with friends, it transforms your Wii U into a network gateway.",
Mop - Operation Clean Up,,,,,,
Mortar Melon,,3.32,,,,https://images.launchbox-app.com/7fd8bffc-e25f-45af-9098-5be14a95539b.png
Mountain Peak Battle Mess,,,,,Battle atop a mountain high in the clouds as a lone warrior struggling to survive endless waves of enemies. This challenging action RPG features permadeath mechanics that force you to start over with each defeat. Gain experience from fallen foes to upgrade your warrior's stats and abilities. The arcade-style gameplay combines platform elements with direct combat in a fantasy setting where survival depends on quick reflexes and strategic character progression. Test your endurance in this demanding roguelike experience.,https://images.launchbox-app.com/28fa426e-0d54-4b73-b9c3-d66919eefdc6.jpg
Mr. Pumpkin Adventure,2016-10-20,3.71,,Point-and-Click Puzzle,"Guide Mr. Pumpkin through a surreal vegetable kingdom to recover his lost memories and uncover an evil plot. This point-and-click puzzle adventure features over 50 hand-drawn scenes across 8 chapters, each filled with challenging logic puzzles and hidden mini-games. Use special tools found in each screen to solve intricate puzzles and unlock doors. With multiple endings based on your choices and a secret chapter for completionists, this brain-teasing journey offers hours of quirky puzzle-solving in a whimsical world where vegetables rule. Sources: - [Mr. Pumpkin Adventure Review (Wii U eShop) | Nintendo Life](https://www.nintendolife.com/reviews/wiiu-eshop/mr_pumpkin_adventure) - [Mr.",https://images.launchbox-app.com/a455a015-a42c-43fd-9251-e13768cf7f91.jpg
Mutant Alien Moles of the Dead,2017-03-30,,,Arcade,"Stop an underground alien invasion in this fast-paced arcade reflex game. Whack mutant alien moles as they pop up through holes, using your hammer to defend Earth from extraterrestrial conquest. Beyond classic whack-a-mole mechanics, engage in rock-paper-scissors battles and utilize power-ups to overcome increasingly challenging waves. Developed by Pixel Bones Studio and published by EnjoyUp Games, this title offers arcade action that tests reflexes for players of all ages. Battle the invaders before they conquer the planet from below. Sources: - [Mutant Alien Moles of the Dead | Wii U download software | Games | Nintendo UK](https://www.nintendo.com/en-gb/Games/Wii-U-download-software/Muta",https://images.launchbox-app.com/dc9c470c-4561-4031-880f-2586a9506534.png
Mutant Mudds Deluxe,2013-08-22,3.76,,Platformer,"Blast through a pixel-perfect platforming adventure across land, air, and sea in this enhanced version of the retro-inspired action game. Play as Max as he uses his water-powered jetpack and trusty cannon to navigate treacherous 2D environments filled with deadly spikes, floating platforms, and menacing mutant creatures. Leap between foreground and background layers to discover hidden paths and collectibles in this unique dimensional mechanic. Master precise jumps and combat timing across 80 challenging levels spanning multiple worlds. Unlock new playable characters including Max's granny and explore bonus levels designed exclusively for this deluxe edition.",https://images.launchbox-app.com/288e18a7-b4d7-4724-8ed6-f3e96a24eb65.png
Mutant Mudds Super Challenge,2016-03-17,3.75,,Platformer,"Push your platforming skills to the absolute limit in this brutally difficult sequel designed for hardcore players. Building on the retro-inspired gameplay of the original Mutant Mudds, this extreme challenge features 40 brand-new levels packed with precision jumps, pixel-perfect timing, and devious enemy placements. Armed with your trusty water cannon and jetpack, blast through mutant enemies across multiple dimensional planes, shifting between foreground and background layers to navigate treacherous terrain. Every level demands mastery of momentum, careful resource management, and nerves of steel.",https://images.launchbox-app.com/9dea06dd-5d68-4fc5-a01b-b2edd9f6d726.jpg
My Farm,,4.0,,,,https://images.launchbox-app.com/bfa6aa5d-794f-4a82-8c17-6b40065590a8.jpg
My First Songs,,3.68,,,,https://images.launchbox-app.com/939a7ae9-1875-4fb3-abd3-a2565bf61751.jpg
My Jurassic Farm,2014-06-26,3.88,,Simulation,"Start with an empty field, $100, and a single compsognathus dinosaur. Build your own Jurassic farm by raising and breeding 10 different species of dinosaurs. Feed each species their specific diet, administer proper medicine, and maintain their happiness while keeping the farm clean. Sell dinosaur eggs to earn money and expand your prehistoric ranch. Balance resource management with animal care to create a thriving dinosaur sanctuary. Features simple gameplay mechanics suitable for younger players who dream of managing their own dino park. Sources: - [My Jurassic Farm for Wii U - GameFAQs](https://gamefaqs.gamespot.com/wii-u/812556-my-jurassic-farm) - [PN Review: My Jurassic Farm (Wii U eSho",https://images.launchbox-app.com/0caadc00-e78c-411d-974b-6cedc77b8b4f.jpg
My Style Studio Notebook,2015-03-12,3.71,,Art/Creative,"Create paintings, sketches, notes, and flipbook animations using the Wii U GamePad's touchscreen. Features five painting tools, brush and smudge capabilities, 30 stamps, two erasers, and customizable covers. Mix photos into your artwork or craft frame-by-frame animations. This budget-priced art application offers basic drawing and editing tools for casual creative expression, though it lacks advanced features like proper zoom controls and adjustable brush sizes found in more robust art programs. Sources: - [My Style Studio: Notebook for Wii U - Nintendo Game Details](https://www.nintendo.com/games/detail/my-style-studio-notebook-wii-u/) - [My Style Studio: Notebook (2015) | Wii U eShop Game",https://images.launchbox-app.com/95752ee5-5222-4fab-9d86-3a9abb1ec887.png
MyArcticFarm,,4.0,,,,
MyExoticFarm,,3.82,,,,
Nano Assault Neo,2012-11-18,3.83,71,Action,"Nano Assault Neo is a twin-stick shoot 'em up video game developed by Shin'en Multimedia and released on the Nintendo eShop for the Wii U. It was a launch title for the system on 18 November 2012 in North America, and in PAL regions on 30 November 2012. It was later released in Japan on 27 February 2013, courtesy of Arc System Works. It is the sequel to the 2011 Nintendo 3DS game Nano Assault.",https://images.launchbox-app.com/63aeb401-4378-4348-9a9c-de38325d8bda.jpg
NBA 2K13,2012-11-18,3.83,,Sports,"Step onto the hardwood with NBA 2K13, the critically acclaimed basketball simulation that delivers unparalleled authenticity and depth. Experience the thrill of professional basketball with stunning player likenesses, signature animations, and realistic physics that capture every crossover, dunk, and buzzer-beater. Take control of your favorite NBA teams and legends in multiple game modes including MyCareer, where you build a player from rookie to hall of famer, and Association mode for complete franchise management. The Wii U GamePad enhances gameplay with intuitive play-calling and on-the-fly coaching adjustments.",https://images.launchbox-app.com/e17526b0-81d4-4688-bd70-cc0a71d24647.jpg
Near Earth Objects,,4.17,,,,https://images.launchbox-app.com/4b3dae33-83cf-4f9f-b50e-121b4f12347e.png
Need for Speed: Most Wanted U,2013-03-19,4.04,86,Racing,"Need for Speed: Most Wanted is an open world racing game developed by Criterion Games and published by Electronic Arts. Most Wanted is the nineteenth title in the Need for Speed series and was released worldwide for Microsoft Windows, PlayStation 3, Xbox 360, PlayStation Vita, iOS and Android, beginning in North America in 2012, with a Wii U version following in 2013 under the title Need for Speed: Most Wanted U.The game picked up on the Most Wanted intellectual property, as opposed to the Hot Pursuit reboot that Criterion Games developed previously.",https://images.launchbox-app.com/76d07013-d01d-469b-a5b7-1f7dca8acc68.jpg
Neon Battle,,4.0,,,,https://images.launchbox-app.com/7ba2722f-0409-454f-b171-9734ab1dba10.png
NES Remix,2013-12-18,3.77,71,Miscellaneous,"NES Remix is a compilation video game series for Wii U, developed by Nintendo and indieszero. The first game was simultaneously announced and released on December 18, 2013 on the Nintendo eShop following a Nintendo Direct presentation. A second game, NES Remix 2, was released on April 25, 2014. A retail edition consisting of both games, titled NES Remix Pack, was released on April 24, 2014 in Japan and December 5, 2014 in North America. Another title, Ultimate NES Remix for Nintendo 3DS, was released on November 7, 2014 in Europe, November 8, 2014 in Australia, December 5, 2014 in North America and August 27, 2015 in Japan.",https://images.launchbox-app.com/13bc1d84-0dd7-4a26-9f42-d9b4cc51a21a.jpg
NES Remix 2,2014-04-25,3.97,73,Miscellaneous,"NES Remix is a compilation video game series for Wii U, developed by Nintendo and indieszero. The first game was simultaneously announced and released on December 18, 2013 on the Nintendo eShop following a Nintendo Direct presentation. A second game, NES Remix 2, was released on April 25, 2014. A retail edition consisting of both games, titled NES Remix Pack, was released on April 24, 2014 in Japan and December 5, 2014 in North America. Another title, Ultimate NES Remix for Nintendo 3DS, was released on November 7, 2014 in Europe, November 8, 2014 in Australia, December 5, 2014 in North America and August 27, 2015 in Japan.",https://images.launchbox-app.com/d8862888-464f-4eb2-88db-7806e5d5f0cc.jpg
NES Remix Pack,2014-12-05,3.96,,Miscellaneous,"NES Remix is a compilation video game series for Wii U, developed by Nintendo and indieszero. The first game was simultaneously announced and released on December 18, 2013 on the Nintendo eShop following a Nintendo Direct presentation. A second game, NES Remix 2, was released on April 25, 2014. A retail edition consisting of both games, titled NES Remix Pack, was released on April 24, 2014 in Japan and December 5, 2014 in North America. Another title, Ultimate NES Remix for Nintendo 3DS, was released on November 7, 2014 in Europe, November 8, 2014 in Australia, December 5, 2014 in North America and August 27, 2015 in Japan.",https://images.launchbox-app.com/1591d593-33e9-4656-84a1-d71f9f59050d.jpg
Never Alone (Kisima Ingitchuna),2015-06-25,3.83,,Puzzle-Platformer,"Experience an unforgettable journey through the frozen Arctic in this atmospheric puzzle-platformer based on Iñupiaq stories passed down through generations. Play as Nuna, a young Iñupiaq girl, and her loyal arctic fox companion as you traverse beautiful yet treacherous tundra, solve environmental puzzles, and encounter mythical characters from Native Alaskan folklore. Switch between both characters or play cooperatively with a friend to utilize their unique abilities—Nuna's physical prowess and the fox's agile movements and spirit-sight. Brave blizzards, leap across ice floes, and overcome obstacles while uncovering the source of an eternal blizzard threatening your village.",https://images.launchbox-app.com/8cb73db3-8c06-4d49-9fea-367f4b03718b.jpg
New Super Luigi U,2013-08-25,3.93,77,Action,"New Super Luigi U (stylized as New Super Luigi Bros. U) is a 2D side-scrolling platform video game in the New Super Mario Bros. series developed by Nintendo for the Wii U. It is the fourth of five games focusing on Luigi (the others being Mario Is Missing, Luigi's Mansion, Luigi's Mansion: Dark Moon and Luigi's Mansion 3), released in two different versions first being the downloadable content(DLC) package for the main game New Super Mario Bros. U on the Nintendo eShop released in June 2013, and a standalone retail version released in Japan, Europe, and Australia in July 2013, with a release in North America the following month.",https://images.launchbox-app.com/d6b9d5da-6ff0-4171-ab8c-9157639afb9d.jpg
New Super Mario Bros. U,2012-11-18,3.97,84,Action,"New Super Mario Bros. U is a 2D side-scrolling platform video game developed and published in 2012 by Nintendo for the Wii U. It is the fourth title in the New Super Mario Bros. series. An additional campaign for the Year of Luigi, New Super Luigi U, was released as downloadable content in June 2013. A standalone retail version was released the following month. The game received positive reviews, and is one of the best-selling games on the Wii U.",https://images.launchbox-app.com/b3ed33bd-3fca-4064-b129-824f826977d1.jpg
New Super Mario Bros. U + New Super Luigi U,2013-11-01,3.97,,Action,"In the Nintendo Direct from September 14, 2018, Nintendo unveiled an enhanced port from New Super Mario Bros. U and New Super Luigi U exclusively for the Nintendo Switch titled New Super Mario Bros. U Deluxe. The game contains New Super Mario Bros. U and New Super Luigi U and runs in 1080p and 60 frames per second while the original Wii U version runs in 720p and 60 frames per second. The game also contains two new characters called Nabbit and Toadette. It was released on January 11, 2019. A power-up called ""Super Crown"" is a power up for Toadette, which causes her to transform into a character that resembles Princess Peach, Peachette.",https://images.launchbox-app.com/6bbc385b-99a3-44a5-9aa0-2c66a5ced1a9.jpg
Nihilumbra,2015-05-21,3.89,,Puzzle-Platformer,"Guide Born, a shapeless entity that has escaped from the Void, through a beautifully haunting world where nothing wants you to exist. Use powerful colors as abilities to overcome environmental puzzles and relentless enemies. Paint the world with blue to create ice, brown to bounce, green for friction - each color fundamentally changes how you interact with the environment. Master creative combinations to solve increasingly devious challenges across diverse hand-painted landscapes. Narrated with melancholic wisdom, Nihilumbra blends contemplative storytelling with inventive puzzle-platforming.",https://images.launchbox-app.com/a6036228-a950-4bee-9fd5-862cbf6f60bf.jpg
Ninja Gaiden 3: Razor's Edge,2012-11-18,3.68,69,Action Adventure,"Ninja Gaiden 3: Razor's Edge is a 2012 action-adventure video game developed by Team Ninja and originally published by Nintendo for the Wii U in 2012 and subsequently released by Tecmo Koei for the PlayStation 3 and Xbox 360 in 2013. It is an enhanced port of Ninja Gaiden 3 that includes all downloadable content from the original title, as well as additional enhancements made to improve the game. The game can be considered an equivalent to the Ninja Gaiden Sigmagames, as it enhances the original title.",https://images.launchbox-app.com/94eb6292-d7a5-491e-9d77-f5fc6281bdbf.png
Ninja Pizza Girl,2016,4.0,,Platformer,"Run, jump, and deliver pizzas through a vibrant cyberpunk cityscape in this fast-paced platformer with a heart. Play as Gemma, a sixteen-year-old pizza delivery girl who uses parkour moves to navigate rooftops and alleyways while facing off against a rival pizza company and their bullying tactics. The game combines momentum-based platforming with a unique mental health system where negativity from enemies and the environment affects your performance. String together acrobatic moves, maintain your speed, and shake off the haters to make your deliveries on time.",https://images.launchbox-app.com/41823359-7a86-48fb-895b-d1bc0df477f0.png
Ninja Strike Dangerous Dash,2015-10-15,3.81,,Action / Endless Runner,"Choose from five different ninjas, each with unique abilities, in this high-speed side-scrolling endless runner. Dash through dangerous levels while jumping over or slashing enemies to keep your momentum. Collect coins dropped by defeated foes to level up your ninjas and unlock new characters. Master three distinct ninja ways: run and jump to avoid danger, or slash through obstacles in your path. With fast-paced action and multiple playable characters, test your reflexes as you strive for the highest score in this arcade-style challenge. Sources: - [Ninja Strike: Dangerous Dash for Wii U - Nintendo Game Details](https://www.nintendo.com/games/detail/ninja-strike-dangerous-dash-wii-u/) - [Ni",https://images.launchbox-app.com/d06a0f31-371f-4738-b4ee-aa5026c6502f.png
Nintendo Land,2012-11-18,3.73,77,Miscellaneous,"Step into a virtual theme park celebrating Nintendo's greatest franchises in this party game collection designed to showcase the Wii U GamePad. Play 12 attractions inspired by Zelda, Metroid, Mario, Donkey Kong, and more, each utilizing the GamePad's unique features. Compete in solo challenges or team up with friends in asymmetric multiplayer where the GamePad player has a different role than TV players. Navigate Metroid Blast's spaceship battles, tackle The Legend of Zelda: Battle Quest's cooperative sword fighting, or master Luigi's Ghost Mansion's hide-and-seek thrills. Every attraction demonstrates creative uses of the dual-screen gameplay.",https://images.launchbox-app.com/730f42b2-de72-4535-88c0-976d7babdaeb.jpg
Noitu Love Devolution,,3.75,,,,https://images.launchbox-app.com/9a92c103-927a-4a65-aa68-84753de50258.png
Nova-111,2015-09-01,3.61,,Puzzle,"Navigate a vibrant sci-fi universe where real-time action collides with turn-based strategy in this unique hybrid adventure. Pilot the Nova-111 research vessel through mysterious alien planets, solving intricate environmental puzzles while battling strange creatures that move in both turn-based and real-time patterns. Master the innovative dual-time mechanic—enemies and hazards operate on different temporal rules, creating mind-bending tactical challenges. Explore procedurally-generated worlds filled with scientific anomalies, rescue stranded scientists, and collect DNA samples from bizarre alien lifeforms.",https://images.launchbox-app.com/d4feadc3-696a-4020-8826-60ed5edb9b8e.png
Now I Know My Abcs,,3.11,,,,https://images.launchbox-app.com/b9e4fb53-0129-42ae-bc2f-b1f1048b2249.png
Octocopter Super Sub Squid Escape,,3.68,,,,https://images.launchbox-app.com/9eeee3c3-a041-4fa6-a277-67b05ad60140.png
Octodad Dadliest Catch,2014-07-03,4.15,,Action,"Step into the tentacles of Octodad, a dapper octopus masquerading as a human father and husband. Navigate everyday tasks like mowing the lawn, buying groceries, and attending family outings while desperately concealing your cephalopod identity from suspicious humans. The physics-based controls create hilarious chaos as you struggle to coordinate your floppy tentacles to perform simple actions without raising suspicion. Wedding anniversaries become obstacle courses, aquarium visits turn into high-stakes stealth missions, and cooking dinner becomes an exercise in controlled destruction.",https://images.launchbox-app.com/561b67c7-7ca2-4440-b3c0-db6c1d5626df.png
Oddworld - New 'N' Tasty,2016-09-27,3.93,,Platformer,"Return to Rupture Farms in this stunning remake of the original Oddworld: Abe's Oddysee. Guide Abe, a Mudokon slave worker, through treacherous industrial facilities as he attempts to escape captivity and rescue his fellow workers from being processed into food products. This cinematic platformer combines precise movement, environmental puzzles, and a unique ""GameSpeak"" system that lets you command other Mudokons with voice commands. Sneak past deadly Sligs, possess enemies to use their abilities against them, and solve intricate puzzles across beautifully reimagined environments. Your choices matter—save all 299 Mudokons for the good ending or leave them behind.",
Ohayou! Beginner's Japanese,,3.09,,,,https://images.launchbox-app.com/0dd60b87-e7f0-4ed1-b221-bc0716ef717c.png
OlliOlli,2015-03-05,3.76,,Sports,"Master the art of skateboarding in this brutally addictive 2D side-scrolling action game. Grind through 50 devious levels across five distinct worlds, each demanding pixel-perfect precision and split-second timing. Chain together tricks, grinds, and manuals to build massive combos while racing against the clock. The simple two-button control scheme is deceptively deep—landing tricks requires you to time your release perfectly, turning every rail and gap into a test of skill. Compete in daily challenges called the Daily Grind, chase high scores in the punishing RAD mode, and perfect your runs in Spots mode.",https://images.launchbox-app.com/1ff70912-9f5e-48e8-aad1-6b9a4f6254c5.png
Olympia Rising,2016-06-09,4.0,,Action Platformer,"Battle your way out of the Underworld as Iola, a warrior cast into Hades' domain. This vertical platformer challenges you to slash through enemies and build aerial combos while climbing upward through six twisted environments. Collect Obolus coins from defeated foes to pay Charon the Ferryman and pass through the gates of the Underworld. Face fierce bosses including giant crabs and bone-crunching cyclops. Simple to pick up but difficult to master, with fast-paced combat and fluid movement that rewards skilled players seeking the most efficient paths to Mount Olympus. Sources: - [Olympia Rising (Wii U eShop) Review – Seafoam Gaming](https://seafoamgaming.com/2016/07/18/olympia-rising-wii-u-e",https://images.launchbox-app.com/6ddb73da-0dae-4753-89b1-4a96c8a528e6.png
One Piece: Unlimited World Red,2014-07-08,3.98,66,Action,"One Piece: Unlimited World Red is an action-adventure video game based on the famous One Piece manga and anime. This is the thirty-sixth video game based on the series, and the fifth title in the Unlimited sub-series. It was released for the Nintendo 3DS in Japan on November 21, 2013 and released for additional platforms and in more regions the following year. On March 12, 2014, the game was confirmed to be releasing in North America, Europe, and Japan in 2014 on Wii U, PlayStation 3 and PlayStation Vita. The Wii U version does not have a physical retail release in North America and Australia.",https://images.launchbox-app.com/b44b08b7-8aa1-40e1-8932-b4c0a5369aa5.jpg
Orbit,2017-04-20,,,Puzzle / Arcade,"Guard your base against incoming enemy ships in this minimalist defense game. Control an orbiting arrow around a central orb and tap the screen to create protective barriers that destroy approaching threats. Enemy ships fly in from random directions, and you must time your shield deployment perfectly to stop them. Miss too many attacks and it's game over. Stylus-controlled gameplay challenges you to rack up high scores through quick reflexes and precise timing in this budget eShop title from RCMADIAX. Sources: - [ORBIT (2017) | Wii U eShop Game | Nintendo Life](https://www.nintendolife.com/games/wiiu-eshop/orbit) - [ORBIT | Wii U download software | Games | Nintendo UK](https://www.nintendo",
Outside the Realm,2016-02-11,2.75,,Puzzle,Control Amos the Astronaut through 30 space-themed puzzle levels using the Wii U GamePad. Tap to send Amos bouncing through space as he collects crystals for an alien merchant. Use the D-Pad to control direction while dodging enemies and navigating obstacles to reach the ship safely. Master timing and trajectory in this budget-priced eShop puzzle game from TreeFall Studios that can be completed in about 30 minutes.,https://images.launchbox-app.com/d975c291-b525-431e-9bf8-4121f89641af.png
Overworld Defender Remix,,4.0,,,,https://images.launchbox-app.com/83561fb7-5834-4de8-9df9-796fc90fa791.png
Pac-Man and the Ghostly Adventures,2013-10-29,3.37,,Platformer,"Jump into the vibrant world of Pac-Man and the Ghostly Adventures in this colorful 3D platformer. Play as Pac-Man with the ability to transform into different forms, each granting unique powers to overcome obstacles and defeat ghosts. Chomp through the Netherworld, navigate diverse environments from haunted castles to futuristic cities, and take on challenging boss battles. Use power-ups like Fire Pac, Ice Pac, and Chameleon Pac to solve puzzles and battle the mischievous ghosts threatening PacWorld. The game features accessible platforming action with variety in level design and abilities, making it an enjoyable adventure for fans of character-driven platformers and newcomers alike.",https://images.launchbox-app.com/2ca0e467-e59a-48c7-a517-56b320feca61.jpg
Pac-Man and the Ghostly Adventures 2,2014-10-14,3.7,,Platformer,"Join Pac-Man in his second 3D platforming adventure as he battles the sinister Betrayus and his ghostly forces threatening Pac-World. Jump, chomp, and power-up your way through colorful environments filled with challenging obstacles and puzzles. Transform into different forms with unique abilities - freeze enemies as Ice Pac, bounce higher as Rubber Pac, or shrink down to access secret areas. Switch between Pac-Man and his friends Cylindria and Spiral, each offering distinct gameplay mechanics and special skills. Battle through multiple worlds with improved platforming controls, creative level designs, and exciting boss encounters that test your reflexes and timing.",https://images.launchbox-app.com/8ef7de57-d152-401c-b725-37233e504dcd.jpg
Pad of Time,,3.0,,,,https://images.launchbox-app.com/7c5d9f57-829a-4bd0-aa67-0b1f240dfcdb.jpg
Panda Love,,3.07,,,,https://images.launchbox-app.com/708f103a-1b6a-4b60-bfd9-b09c664af280.png
Paparazzi,2015-02-12,3.57,,Party,"An asymmetric two-player competitive game where one player controls a celebrity fleeing to their limo while the other plays as a paparazzi photographer hunting for the perfect shot. The celebrity hides behind buildings and crowds across six auto-scrolling levels including movie studios, nightclubs, and high-class balls. The photographer uses the Wii Remote or GamePad to snap photos for money, while the celebrity wins by dodging the camera lens. Features seven playable characters from mulleted movie stars to bears on tricycles in this frantic game of cat-and-mouse. Sources: - [Paparazzi Review (Wii U eShop) | Nintendo Life](https://www.nintendolife.com/reviews/wiiu-eshop/paparazzi) - [Papara",https://images.launchbox-app.com/9a0af75d-c174-4733-866d-da29ab9052da.png
Paper Mario: Color Splash,2016-10-07,3.65,76,Role-Playing,"Paper Mario: Color Splash is a 2016 action-adventure role-playing video game developed by Intelligent Systems and published by Nintendo for the Wii U. It is the fifth game in the Paper Mario series, the sequel to Paper Mario: Sticker Star, and the final Wii U game developed by Intelligent Systems. The story follows the protagonist, Mario, on his quest to retrieve the Big Paint Stars and rescue Princess Peach from Bowser.",https://images.launchbox-app.com/d65d4e5d-28cc-4251-810f-d03a8243cf29.jpg
Paper Monsters Recut,2013,3.65,,Platformer,"Paper Monsters Recut is a charming 2.5D platformer set in a handcrafted papercraft world. Guide your cardboard hero through vibrant environments filled with creative enemies and challenging obstacles. Run, jump, and bounce your way through multiple worlds, each featuring unique visual themes and gameplay mechanics. Collect buttons scattered throughout levels to unlock bonus content, and discover hidden areas that reward thorough exploration. The game features tight controls, colorful graphics that bring the paper aesthetic to life, and a variety of enemy types that keep gameplay fresh. Perfect for platforming fans seeking a whimsical adventure with personality.",https://images.launchbox-app.com/ad180305-12ac-45bb-b04f-caf1d825cb10.png
Paranautical Activity,2016,4.07,,First-Person Shooter,"Dive into a fast-paced roguelike first-person shooter where voxel-styled chaos meets frantic arcade action. Battle through procedurally generated levels filled with grotesque enemies in this adrenaline-fueled dungeon crawler. Each run offers randomized rooms, power-ups, and weapons that keep every playthrough fresh and unpredictable. Choose from multiple characters with unique abilities and face off against challenging bosses that test your reflexes and strategic thinking. Permanent death means every decision matters—one mistake could end your run. Collect power-ups to become an unstoppable force, but stay alert as enemy patterns grow more complex.",https://images.launchbox-app.com/5bab8e07-fbc0-475c-9fa5-54de69cd56c1.png
Peg Solitaire,2016-02-04,,,Puzzle,"This digital adaptation of the classic peg solitaire board game challenges players to clear pegs from various playing fields by jumping over them. Start with a board full of pegs and one empty space, then hop pegs over adjacent pieces to eliminate them, aiming to leave as few pegs as possible. Using the GamePad's touchscreen and stylus, select and move pegs across different puzzle configurations that test your strategic thinking. Simple presentation focuses attention on the pure puzzle-solving experience in this timeless brain teaser.",https://images.launchbox-app.com/f4ac97b5-beb0-4f17-8c59-bb97478c1745.png
Penguins of Madagascar,2014-11-25,3.37,,Action,"Join Skipper, Kowalski, Rico, and Private in this action-packed adventure based on the DreamWorks film. Play as all four penguins as you battle the villainous Dr. Octavius Brine across exotic locations from Venice to Shanghai. Use each penguin's unique abilities - Skipper's leadership and combat skills, Kowalski's inventions, Rico's explosive surprises, and Private's stealth maneuvers - to solve puzzles and defeat enemies. Switch between characters on the fly to overcome obstacles and take down Brine's octopus army. Features cooperative gameplay, special moves, and gadgets inspired by the movie.",https://images.launchbox-app.com/31671715-640a-4314-8905-99a2af235145.jpg
Pentapuzzle,,4.14,,,,https://images.launchbox-app.com/59a9a17e-1048-4069-b6f3-744d97ed8b9c.png
Percy's Predicament,,2.96,,,,https://images.launchbox-app.com/a47689dc-7644-47c8-82cd-adaf70b52628.png
Perpetual Blast,,3.13,,,,https://images.launchbox-app.com/92fb13f5-05f0-434a-bebb-83b738b7a1b7.png
Petite Zombies,2018-10-11,,,Action,"Protect your territory from invading petite zombies in this stylus-driven action game. Use the Wii U GamePad to strategically defend against waves of undead attackers. Simple controls and touch-based gameplay make it accessible while providing quick arcade-style challenges. Originally released as a digital-only title on the Wii U eShop, this RandomSpin-developed game delivers fast-paced defensive action designed specifically for the GamePad's unique capabilities. Sources: - [Petite Zombies (2018) | Wii U eShop Game | Nintendo Life](https://www.nintendolife.com/games/wiiu-eshop/petite_zombies) - [Petite Zombies for Wii U - GameFAQs](https://gamefaqs.gamespot.com/wii-u/249762-petite-zombies)",https://images.launchbox-app.com/b4e1db3d-13c7-4326-afe5-beb7d1275e31.png
Phineas and Ferb - Quest for Cool Stuff,2013-08-13,3.78,,Action-Adventure,"Join Phineas and Ferb on an exciting adventure to recover their lost artifacts and prove they're the coolest kids around. This action-adventure platformer lets you play as the inventive stepbrothers as they explore diverse worlds filled with puzzles, enemies, and hidden secrets. Use the Wii U GamePad to build custom gadgets and tools on the fly, combining different components to solve environmental challenges and overcome obstacles. Battle Agent P's nemesis Dr. Doofenshmirtz and his schemes while collecting trinkets to upgrade your abilities. Switch between characters to utilize their unique skills, explore vibrant 3D environments, and unlock new areas.",
Piano Teacher,,1.65,,,,https://images.launchbox-app.com/efa0d103-4732-4d7a-ad56-f21480697b43.jpg
Pic-a-Pix Color,2016-03-03,3.91,,Puzzle,"Dive into a vibrant world of logic puzzles where numbers reveal beautiful pixel art. Pic-a-Pix Color challenges you to solve nonogram puzzles using color-coded clues along each row and column. Each number indicates how many consecutive squares of that color need to be filled, transforming blank grids into charming illustrations ranging from cute animals to detailed scenes. With hundreds of puzzles across multiple difficulty levels, the game offers intuitive touchscreen controls on the GamePad for precise square-by-square filling. Progressive hints help when you're stuck, while timed challenges test your deduction speed.",https://images.launchbox-app.com/882e4191-2120-4df8-8eca-2b912a854e99.jpg
PictoParty,,3.71,,,,https://images.launchbox-app.com/66abde10-550a-4422-a1fc-4c5bc720f53d.png
Pier Solar,2015,3.39,,RPG,"Experience a love letter to classic 16-bit RPGs in this turn-based adventure that pushes retro aesthetics to their limits. Guide Hoston and his friends through a vast world filled with challenging dungeons, strategic battles, and an epic story of friendship and discovery. The game features deep character customization, a branching narrative with multiple paths, and gorgeously detailed pixel art that rivals the best of the 16-bit era. With its atmospheric soundtrack, clever puzzles, and tactical combat system that rewards careful planning, Pier Solar delivers a nostalgic yet fresh RPG experience. Explore towns, gather allies, and uncover ancient secrets in this sprawling adventure.",https://images.launchbox-app.com/010878e7-e94f-425d-be69-d2924a453009.png
Pikmin 3,2013-08-04,4.26,87,Strategy,"Pikmin 3 is a game developed and published by Nintendo for the Wii U video game console. It is the sequel to Pikmin 2(2004) and was first released in Japan on July 13, 2013 and then in all other regions within the following month. Game designer Shigeru Miyamoto first announced Pikmin 3 on July 16, 2008 as a game for the Wii console, later stating at E3 2011 that its development had transitioned to Wii U. The game retains the gameplay elements introduced in previous Pikmin games, and adds new features, including new playable characters and Pikmin types, Off-TV Play and downloadable content.",https://images.launchbox-app.com/f2c32cd8-66d2-4bb0-80a0-e7403b51d337.jpg
Pikmin Short Movies HD,2014-11-05,,,Animated Short Films,"A collection of three charming 3D animated short films featuring Captain Olimar and the Pikmin. Watch the adorable plant-like creatures navigate everyday objects in The Night Juicer, Treasure in a Bottle, and Occupational Hazards. The HD presentation showcases detailed close-up interactions between Pikmin and their environment, revealing individual personalities and behaviors. Includes bonus content featuring Shigeru Miyamoto's original Flipnote Studio storyboards from the creation process. Approximately 20 minutes of delightful Pikmin adventures rendered in high definition. Sources: - [Pikmin Short Movies - Pikipedia](https://www.pikminwiki.com/Pikmin_Short_Movies) - [Pikmin Short Movies |",https://images.launchbox-app.com/cf73c489-a0bf-4bb9-a8dd-25dd99fbfa85.jpg
Pinball,2017-05-18,5.0,,Arcade,"Guide the ball around the board collecting points in this simple pinball experience from RCMADIAX. Navigate the playing field while racing against the clock, avoiding hazardous zones that threaten to end your game. Score points by hitting targets and keeping the ball in play. This budget-friendly eShop title offers straightforward pinball action focused on point collection and survival. Manage your time wisely as you flip, bounce, and rack up your high score. A no-frills approach to classic pinball mechanics designed for quick gaming sessions on the Wii U GamePad. Sources: - [PINBALL (2017) | Wii U eShop Game | Nintendo Life](https://www.nintendolife.com/games/wiiu-eshop/pinball) - [All Gam",
Pinball Arcade,2016,4.06,,Simulation,"Step up to the most authentic digital pinball experience ever created. The Pinball Arcade brings legendary real-world pinball tables to your Wii U with stunning accuracy and meticulous attention to detail. Play faithfully recreated classics like Medieval Madness, Attack from Mars, and The Addams Family, each featuring realistic physics, original artwork, and the exact rule sets from the actual machines. Master complex shots, trigger multiball modes, and chase high scores across dozens of licensed tables spanning pinball history. Whether you're reliving arcade memories or discovering these iconic machines for the first time, every flipper, bumper, and ramp behaves just like the real thing.",https://images.launchbox-app.com/b66f60b5-ecca-46b9-b720-9c56d83ab4f6.jpg
Pinball Breakout,2016-11-03,5.0,,Action / Puzzle,"A hybrid arcade game that fuses classic brick-breaking action with pinball flipper mechanics. Players use flippers to launch and control a ball, smashing through blocks while keeping it in play. Features single-player high score mode and competitive two-player battles. Supports Off-TV Play on the GamePad, letting you break blocks and flip your way to victory entirely on the handheld screen. This Wii U eShop exclusive offers straightforward arcade gameplay with a unique twist on two retro gaming staples.",https://images.launchbox-app.com/e4a875e2-4f4c-4595-968f-818505584d61.jpg
Pirate Pop Plus,2017-05-04,4.25,,Action,"Take on the role of Pete Jr., a young pirate on a mission to rescue his beloved pet from the nefarious Bubble Pirate. This retro-inspired arcade game challenges you to pop bubbles in an arena where gravity shifts at the press of a button. Master the unique gravity-flipping mechanic to navigate all four walls of the screen, creating strategic chains and dodging enemies. Collect coins, unlock new characters and pets, and chase high scores across multiple game modes. With its vibrant pixel art, catchy chiptune soundtrack, and addictive one-more-go gameplay, Pirate Pop Plus delivers a fresh twist on classic bubble-popping action that's easy to learn but difficult to master.",https://images.launchbox-app.com/edc5521c-3d25-4cb0-897b-ec6eb4fae980.png
Pixel Paint,,3.67,,,,https://images.launchbox-app.com/2981e46f-07ca-49c0-9841-d1ebe607c090.jpg
Pixel Slime U,,3.0,,,,https://images.launchbox-app.com/93cf27a0-0d7d-41e3-8a58-5e0d25b123be.png
Pixeljunk Monsters,2013-01-03,3.8,,Tower Defense,"Defend your base from waves of colorful monsters in this charming tower defense game that combines strategic depth with accessible gameplay. Build and upgrade defensive towers across beautifully designed 2D environments, carefully managing resources and positioning to create the perfect defense network. Dance around the battlefield as Tikiman, the last line of defense for your village's helpless offspring. Each level presents new strategic challenges with varied monster types, multiple tower options, and branching upgrade paths.",
PixelMaker,2016,3.75,,Art/Creative,"PixelMaker transforms your Wii U into a powerful pixel art creation studio. Draw and animate sprites using the GamePad's touchscreen with an intuitive interface that makes pixel-perfect artwork accessible to artists of all skill levels. Choose from a rich palette of colors, utilize layers for complex compositions, and bring your creations to life with frame-by-frame animation tools. Share your pixel art masterpieces with the community or export them for use in your own projects. Whether you're crafting character sprites, designing tilesets, or creating animated scenes, PixelMaker provides all the tools you need in a streamlined, user-friendly package that takes full advantage of the Wii U...",https://images.launchbox-app.com/4049892e-a3c2-4ee9-9678-3b5d719891f7.jpg
PixlCross,2016,,,Puzzle,"PixlCross brings the addictive logic of nonogram puzzles to your Wii U. Solve increasingly challenging picross grids by using numbered clues to reveal hidden pixel art images. Each puzzle requires careful deduction as you mark which squares should be filled and which should stay empty. With hundreds of puzzles ranging from simple 5x5 grids to massive 20x20 brain-teasers, the game offers endless hours of meditative yet mentally stimulating gameplay. Track your solving times, earn achievements, and unlock new puzzle packs as you master the art of picture logic.",https://images.launchbox-app.com/5a790724-97a4-4f1a-8cca-c2629b2ef681.png
Plantera,2017-02-09,3.82,,Idle Clicker / Simulation,"Grow your own garden in this charming idle clicker simulation. Plant crops and raise animals to produce coins, then invest in new plants, animals, and garden expansions. Your garden continues growing even when you're not playing. Harvest ripe crops by clicking them, defend against pesky magpies, rabbits, foxes, and wolves trying to steal your produce. Upgrade your garden with special items and unlock new areas as you build a thriving farm ecosystem that works for you around the clock.",https://images.launchbox-app.com/6eb92bdb-88e6-4455-b55c-c903c240dbbe.png
Plenty of Fishies,,3.27,,,,https://images.launchbox-app.com/adc44d97-db68-4a94-997a-db8ff5a5c499.png
Pokemon Rumble U,2013-08-29,3.48,49,Action,"Pokémon Rumble U is a 2013 action video game in the Pokémon series available on the Wii U eShop. It is the successor to the 2011 3DS game Pokémon Rumble Blast. It features all Pokémon from the first five generations. Up to 100 Pokémon and 4 players are able to play at the same time. It is the first Wii U game to utilize the Wii U GamePad's NFC function. It was released in Japan on April 24, 2013, in Europe on August 15, 2013 and in North America on August 29, 2013.",https://images.launchbox-app.com/daa3654b-b522-4882-9094-fdf0626eb329.png
Poker Dice Solitaire Future,2014-07-03,3.57,,Puzzle,"Roll the dice to create poker hands in this GamePad-focused puzzle game. You have three rolls to form hands like straights, flushes, and full houses—successfully complete a hand to earn points, but fail all three attempts and lose points. The objective is simple: chase the perfect score of 1350 by strategically choosing which dice to keep and which to reroll. Developed by RCMADIAX as the first entry in the Tabletop Gallery series, this budget eShop title offers quick, pick-up-and-play sessions for poker fans and score chasers alike. Sources: - [POKER DICE SOLITAIRE FUTURE (2014) | Wii U eShop Game | Nintendo Life](https://www.nintendolife.com/games/wiiu-eshop/poker_dice_solitaire_future) -",https://images.launchbox-app.com/7f56aadb-26fc-4b60-adc9-c4e429c58c40.png
Pokken Tournament,2016-03-18,4.01,76,Action,"Pokkén Tournament is a fighting game developed by Bandai Namco Studios and published by Nintendo and The Pokémon Company. The game combines gameplay elements from Bandai Namco's Tekken series with characters from Nintendo's Pokémon franchise, inspiring the portmanteau title Pokkén.It was released for Japanese arcades in July 2015, and worldwide for the Wii U in March 2016. An enhanced port for the Nintendo Switch, Pokkén Tournament DX, was released in September 2017.",https://images.launchbox-app.com/daf942ae-bd37-451d-8b31-6d2c35830ec2.jpg
Poncho,2015,3.57,,Puzzle-Platformer,"Journey through a post-apocalyptic world as a tiny red robot in this unique puzzle-platformer that plays with perspective and depth. Navigate crumbling environments by switching between parallel layers of the world, revealing new paths and solutions to environmental challenges. The innovative parallax-based mechanic lets you move between foreground and background planes to bypass obstacles, discover secrets, and piece together the mystery of humanity's disappearance. Explore beautifully crafted pixel art landscapes filled with remnants of civilization, encounter quirky characters, and solve clever spatial puzzles that challenge your perception of 2D space.",https://images.launchbox-app.com/8614c5c3-0978-4691-932e-bf09a6c2ad75.png
Preston Sterling,2017-06-29,,,Point-and-Click Adventure,"Guide adventurer Preston Sterling on his quest to find Excalibur, the legendary sword of King Arthur. This touch-controlled point-and-click adventure blends English myths with puzzle-solving gameplay. Navigate through gradually challenging scenarios using intuitive controls as you uncover the mysteries behind Arthurian legend. Developed by Animation Arts, creators of Secret Files: Tunguska, this episodic adventure delivers a compact yet engaging experience designed for both newcomers and adventure game veterans. Sources: - [Preston Sterling for Wii U - GameFAQs](https://gamefaqs.gamespot.com/wii-u/212155-preston-sterling) - [Preston Sterling Release Information for Wii U - GameFAQs](https:/",https://images.launchbox-app.com/10dc8095-8280-4cff-a1c1-4004098ba92d.jpg
Psibo,,3.57,,,,https://images.launchbox-app.com/ed94e17b-2463-4c37-a796-20746cadf778.jpg
psyscrolr,,2.78,,,,https://images.launchbox-app.com/faa1c92a-20a5-438d-b60e-a444cd90e137.png
Puddle,2012-12-05,3.6,,Puzzle,"Guide a puddle of fluid through intricate environments in this physics-based puzzle game where you tilt and manipulate the world itself. Control the flow of various liquids—water, oil, nitroglycerin, molten lava—each with unique properties that affect how they move and interact. Navigate through 48 challenging levels spanning coffee machines, gardens, laboratories, and even the human body. Carefully manage your fluid's volume as you avoid hazards like flames, electricity, and absorbent materials that threaten to drain your precious liquid. Master precise tilting mechanics and environmental physics to solve increasingly complex puzzles.",https://images.launchbox-app.com/2789d0ad-5b10-4e88-a2e4-162330d72efc.jpg
Pumped Bmx +,2016-09-08,3.55,,Sports,"Pull off jaw-dropping tricks and master precision timing in this high-octane BMX stunt game. Navigate 60 increasingly challenging levels across five distinct worlds, each demanding perfect execution of flips, spins, and grinds. Chain together spectacular trick combinations while racing against the clock, balancing risk and reward with every jump. The physics-based gameplay requires split-second timing as you pump, jump, and rotate through obstacle-filled courses. With 500+ challenges to complete, 16 riders to unlock, and tricks ranging from basic maneuvers to gravity-defying combos, every run offers new opportunities to push your skills to the limit.",https://images.launchbox-app.com/85f84fb4-00ad-444c-ac8b-7c7f7668df60.png
Pure Chess,2012-12-05,3.7,,Puzzle,"Experience the timeless game of chess in stunning visual detail with Pure Chess. This elegant chess simulator features beautifully crafted pieces and boards rendered in photorealistic 3D, bringing the classic strategy game to life like never before. Challenge yourself against sophisticated AI opponents across multiple difficulty levels, from beginner-friendly matches to grandmaster-level play that will test even seasoned players. Play locally against friends or take on opponents online in ranked matches. The game includes comprehensive tutorials for newcomers and supports both traditional and quick-play time controls.",https://images.launchbox-app.com/00141e48-32c4-40e0-828b-697c9472c0ef.png
Pushmo World,2014-06-19,3.82,80,Puzzle,"Pushmo World, known as Pullblox World in Europe and as Hikuosu World in Japan, is a puzzle game developed by Intelligent Systems and published by Nintendo for the Wii Uvideo game console. The game is a sequel to Pushmo and Crashmo, and was released worldwide on June 19, 2014.",https://images.launchbox-app.com/11e5db63-6ee3-43fe-aac7-7d404ab4f3ce.png
Puzzle Monkeys,,3.72,,,,https://images.launchbox-app.com/eb13a0a7-59de-4f84-848d-251c5c343caa.png
Q.U.B.E Director's Cut,2015-12-18,3.96,,Puzzle,"Wake up in a mysterious facility with no memory of how you got there, armed only with a pair of high-tech gloves that can manipulate colored cubes. Navigate through mind-bending physics puzzles where you'll create blocks, rotate platforms, and reshape your environment to progress. This Director's Cut enhances the original first-person puzzle experience with improved graphics, new time trial modes, and against-the-clock challenges that test your spatial reasoning under pressure. Discover the truth behind your predicament as the stark white chambers give way to darker revelations.",https://images.launchbox-app.com/1a46e0a0-852c-4fe5-a9e0-20efc1f8df9b.png
Quadcopter Pilot Challenge,2015-07-02,3.69,,Flight Simulation,"Take control of a quadcopter drone in over 200 challenges across seven distinct activities. Navigate through rings, pop balloons, shoot targets, and chase robotic sheep while mastering realistic flight physics. Features dual-screen gameplay with third-person view on TV and first-person camera on the GamePad. Multiple difficulty modes test your piloting skills, from easy to a realistic ""real"" mode requiring precise control using the GamePad's first-person perspective. Developed by TACS Games for the Wii U eShop. Sources: - [Quadcopter Pilot Challenge (2015) | Wii U eShop Game | Nintendo Life](https://www.nintendolife.com/games/wiiu-eshop/quadcopter_pilot_challenge) - [Quadcopter Pilot Challe",https://images.launchbox-app.com/cf242645-2fae-49c4-88df-b03c428f29ed.png
Queens Garden,2016-05-12,3.9,,Puzzle,"Restore the royal garden to its former glory in this match-3 puzzle adventure. Clear colorful tiles across 100 challenging levels using three game modes: relaxed, timed, and move-restricted. Earn coins to purchase from 60 different garden decorations and customize your palace grounds. Includes bonus hidden object scenes and memory games. Help the princess rebuild her kingdom's gardens one puzzle at a time through strategic tile-matching gameplay reminiscent of classic match-3 titles. Sources: - [Queen's Garden Review (Wii U eShop) | Nintendo Life](https://www.nintendolife.com/reviews/wiiu-eshop/queens_garden) - [Queen's Garden (2016) | Wii U eShop Game | Nintendo Life](https://www.nintendol",
Quest of Dungeons,2014-09-25,4.29,,Roguelike RPG,"Quest of Dungeons is a turn-based roguelike dungeon crawler where an evil Dark Lord has stolen all the light from the land. Choose from four different heroes—each with unique abilities—and descend into procedurally generated dungeons filled with monsters, traps, and treasure. Every playthrough creates a new adventure with randomized levels, loot, and challenges. Master tactical combat where every move counts, level up your character, discover powerful weapons and spells, and unlock new skills as you fight deeper into the darkness. With permadeath raising the stakes, each decision matters.",https://images.launchbox-app.com/03f32a9d-3d3e-4ee5-950d-58e2bc1d086b.png
Rabbids Land,2012-11-18,3.12,52,Miscellaneous,Rabbids Land is a Wii U game that was announced by Ubisoft at E3 2012. It is the seventh console installment of the Raving Rabbids series.,https://images.launchbox-app.com/ea20ac97-07f1-48c2-9803-b139a18ceed7.jpg
Race the Sun,2015,3.73,,Action,"Race toward a dying sun at breakneck speeds in this intense endless runner where velocity is survival. Pilot your solar-powered craft through a procedurally generated world of stark geometric obstacles, collecting pick-ups and power-ups while the sun sinks toward the horizon. Every collision costs precious speed, and when your solar energy runs out, the run ends. Master split-second maneuvering to thread through narrow gaps, launch off ramps for massive jumps, and chain together risky moves for maximum points. Each day brings a new randomly generated world that's the same for all players, creating daily competitive leaderboards.",https://images.launchbox-app.com/dc9cab9e-173b-4916-aae9-02aeebcda539.png
Radiantflux Hyperfractal,2016,4.0,,Puzzle,"Dive into a mesmerizing world of fractal geometry and light in this unique puzzle experience. Navigate through hypnotic, ever-shifting patterns of mathematical beauty as you solve increasingly complex spatial challenges. Each level presents a new fractal dimension where you manipulate light, color, and geometric forms to progress. The game's procedurally generated visuals create stunning kaleidoscopic environments that react dynamically to your actions. With its ambient soundtrack and meditative gameplay, Radiantflux offers a zen-like experience that challenges both your spatial reasoning and pattern recognition skills.",https://images.launchbox-app.com/57718664-364c-4a26-80c5-3e008c3ebd83.png
Rainbow Snake,,1.0,,,,https://images.launchbox-app.com/030a8f58-1d03-4405-84a1-2c670aa11906.jpg
Rapala Pro Bass Fishing,2013-11-19,3.86,,Sports,"Cast your line into the ultimate bass fishing simulation, powered by the legendary Rapala brand. Experience realistic fishing mechanics as you master various techniques including jigging, trolling, and casting across multiple tournament locations. The GamePad serves as your tackle box and sonar fish finder, adding tactical depth to every catch. Compete in career mode tournaments, customize your boat and equipment, and learn from pro angler tips to land trophy bass. With dynamic weather conditions affecting fish behavior and authentic Rapala lures at your disposal, every outing presents new challenges.",https://images.launchbox-app.com/c7d99f1f-1506-4d1d-8a4d-5878c0cc0a0a.jpg
Rayman Legends,2013-09-03,4.3,92,Action,"Rayman Legends is a platform video game developed by Ubisoft Montpellier and published by Ubisoft. It is the fifth main title in the Rayman series and the direct sequel to the 2011 game Rayman Origins. The game was released for Microsoft Windows, Xbox 360, PlayStation 3, Wii U, and PlayStation Vita platforms in August and September 2013. PlayStation 4 and Xbox One versions were released in February 2014. A Nintendo Switch port, titled Rayman Legends Definitive Edition was released in North America, Europe and Australia on September 12, 2017.",https://images.launchbox-app.com/692a56bc-63a4-4c2b-8c4f-4ffdf44db795.jpg
Rayman Legends Challenges App,2013-04-03,3.89,,Platformer,"A free companion app to Rayman Legends featuring daily and weekly challenges that test your platforming prowess. Compete in timed obstacle courses, enemy gauntlet runs, and precision jumping trials across beautifully hand-drawn worlds. Each challenge offers a limited window to set your best time or score, with global leaderboards tracking the top players worldwide. Earn Lums and unlock exclusive costume rewards as you master increasingly difficult stages. The challenges refresh regularly, providing new tests of skill and offering a taste of Rayman Legends' tight controls and creative level design. Perfect for speedrunners and competitive players seeking bite-sized platforming action.",
Red Riding Hood,,1.03,,,,https://images.launchbox-app.com/f0906234-3dd9-457d-87c4-db3225d2f9d7.png
Replay - Vhs Is Not Dead,,4.12,,,,
Reptilian Rebellion,,3.13,,,,https://images.launchbox-app.com/199fa2b9-ecd2-455e-b6f2-eeadf97ec075.png
Resident Evil: Revelations,2013-05-21,3.99,80,Action Adventure,"Resident Evil: Revelations is a survival horror video game developed by Capcom and originally released for the Nintendo 3DS handheld game console in 2012. Set between the Resident Evil titles Resident Evil 4 and Resident Evil 5, the game follows counter-terrorism agents Jill Valentine and Chris Redfield as they try to stop a bioterrorist organization from infecting the Earth's oceans with a virus. The game features a single-player mode where the player must complete a series of episodes that involve solving puzzles and defeating enemies, and a multiplayer mode where players may fight their way through altered single-player scenarios.",https://images.launchbox-app.com/e8ef2fec-771f-43d0-9738-d96a720fc85a.png
Retro Road Rumble,,2.53,,,,https://images.launchbox-app.com/36d2863e-0e43-41a8-a3bf-5fc9b042531e.png
Revenant Saga,2017,4.23,,RPG,"Embark on a classic turn-based JRPG adventure in Revenant Saga. After being infected by a strange weapon called a Grimoria, protagonist Albert gains powerful Revenant abilities but risks losing his humanity. Journey across diverse lands with a party of memorable allies, battling monsters and uncovering the truth behind the Grimoria curse. Strategic combat lets you transform into powerful Revenant forms during battle, unleashing devastating skills at the cost of corruption. Manage your transformation gauge carefully—power comes with consequences. Features deep character customization, challenging boss encounters, and a compelling story about sacrifice and redemption.",https://images.launchbox-app.com/93a348ea-3401-4740-a3d8-435ddbd4e09b.png
Rhapsody,,,,,,
Rise of the Guardians,2012-11-18,3.05,,Action,"Join the legendary Guardians in an epic battle to protect the children of the world from the evil spirit Pitch Black. Play as North (Santa Claus), Tooth (Tooth Fairy), Bunnymund (Easter Bunny), Sandman, and Jack Frost, each with unique abilities and combat styles. Harness North's dual-wielding swords, Bunnymund's boomerangs, Tooth's aerial agility, Sandman's dreamsand whips, and Jack Frost's ice staff to defeat Pitch's nightmare creatures. Battle through vibrant, fantastical worlds from the DreamWorks animated film, switching between Guardians to solve puzzles and overcome challenges.",https://images.launchbox-app.com/090607c5-d5f2-4f93-a89b-f1723114f3ce.jpg
Rive Event Preview,2015-06 (Event Preview demo during Nindies@Home promotion),,,Platformer / Shoot 'em up,"Pilot a nimble spider tank through intense 2D platforming and 360-degree shooting action. Run, jump, and blast through hordes of mechanical enemies on land, underwater, in zero gravity, and on moving trains. Hack enemy robots to turn them against their allies by collecting and uploading special programs. This metal-wrecking shooter from Two Tribes blends classic sidescrolling gameplay with modern robot-hacking mechanics, delivering fast-paced combat across varied environments filled with mechanical mayhem. Sources: - [RIVE (Europe) (Event Preview) ROM for Wii U | Download ROM](https://www.romsbase.com/rom/wii-u/rive-europe-event-preview/88686) - [Wii U Nindies@Home 2015 Promotion Games](htt",
Rock 'N Racing - Off Road,2015-01-19,3.43,,Racing,"A top-down arcade racer inspired by classic racing games. Race across various off-road tracks with simple two-button controls (accelerate and brake). Features Cup mode, time trials, and local multiplayer supporting up to 5 players simultaneously. The entire track is visible on screen from a bird's-eye view, creating chaotic battles for position as you navigate tight corners and compete for the finish line in retro-styled off-road racing action. Sources: - [Rock 'N Racing Off Road - Wii U - Metacritic](https://www.metacritic.com/game/rock-n-racing-off-road/) - [Rock 'N Racing Off Road Review (Wii U eShop) | Nintendo Life](https://www.nintendolife.com/reviews/wiiu-eshop/rock_n_racing_off_road",https://images.launchbox-app.com/537cc9c8-c39f-44cd-9c9e-4cfe5b29fb29.png
Rock 'N Racing - Off Road DX,2016,3.42,,Racing,"Take your off-road racing to the extreme in this top-down arcade racer that channels the spirit of classic racing games. Tear through diverse terrain including desert dunes, muddy swamps, and snow-covered tracks as you compete against rivals in high-speed championship races. Choose from multiple vehicle types, each with distinct handling characteristics, and master challenging circuits filled with jumps, tight corners, and hazardous obstacles. Features both single-player championship modes and local multiplayer mayhem where you can prove your racing supremacy against friends.",https://images.launchbox-app.com/6e845db6-5e87-46c9-8be4-dc55746ef83e.jpg
Rock Zombie,2014,3.92,,Action,"Take control of three members of a rock band who must fight their way through hordes of female zombies using musical instruments as weapons. This quirky beat 'em up combines brawler action with rock music mayhem as you bash zombies with guitars and other instruments. Battle through city streets, shopping malls, and various urban environments while rescuing sexy survivors and building your fan base. Features fast-paced combo-based combat with special attacks, multiple playable characters each with unique fighting styles, and a soundtrack of rock music. Progress through increasingly challenging stages filled with zombie hordes while unlocking new moves and abilities.",https://images.launchbox-app.com/22a3f34c-00c4-4766-a270-8bd398f06baf.png
Rodea the Sky Soldier,2015-11-10,3.25,45,Action,"Rodea the Sky Soldier is an action-adventure game developed by Prope for the Wii and Kadokawa Gamesfor the Wii U and Nintendo 3DS. The game stars Rodea, an android who possesses the ability to fly and a ""heart"". These traits result in Rodea becoming a soldier in order to fulfill his promise of protecting the kingdom of Garuda, a series of islands that float in the sky, from the ground-based Naga Empire and its leader, Emperor Geardo. Although development was completed in 2011, Rodea the Sky Soldier went unreleased for four years until finally seeing a release in Japan in April 2015, and then a subsequent worldwide release in November 2015.",https://images.launchbox-app.com/9040342c-4331-4528-9dd4-bb36f271ecc0.jpg
Rorrim,,3.94,,,"Princess Rorrim becomes trapped inside her own mirror and must escape by navigating dual-world dungeons. This unique puzzle game utilizes both the Wii U GamePad and TV simultaneously, requiring players to observe and solve challenges across the mirrored world and reality at the same time. Progress through maze-like levels by manipulating both perspectives to find the exit. The game's name—""Mirror"" spelled backwards—reflects its core mechanic of navigating parallel realities to escape the enchanted looking glass.",https://images.launchbox-app.com/0271e8c2-825b-47a4-82f5-75d117c1fbaf.png
Roving Rogue,2015-07-02,3.4,,Platformer,"A retro-inspired platformer with a twist: the game begins right after defeating the final boss. Play as Kurt, an adventurer who must retrace his steps through over 40 levels to recover lost memories. Master teleportation mechanics to navigate challenging stages filled with environmental hazards, including rising lava sequences. Features local co-op multiplayer support. The unique reverse-narrative structure turns traditional platforming progression on its head, though gameplay relies heavily on trial-and-error mechanics. Sources: - [Roving Rogue Review (Wii U eShop) | Nintendo Life](https://www.nintendolife.com/reviews/wiiu-eshop/roving_rogue) - [Co-Op Teleporting Platformer Roving Rogue Re",https://images.launchbox-app.com/44a449f7-9354-402f-87c0-ad839fc11e2e.png
Rto,2017-11-09,2.5,,Survival Horror,"A side-scrolling FPS survival horror game with permadeath. Command a six-man team through perilous levels where death is permanent and the odds are stacked against you. Fight through hostile environments against overwhelming enemy forces, managing your squad's survival in this unforgiving horror experience. Every decision matters as you battle to keep your team alive through multiple challenging stages. Developed by nuGAME for the Wii U eShop. Sources: - [RTO (2017) - MobyGames](https://www.mobygames.com/game/98053/rto/) - [RTO for Wii U Reviews - Metacritic](https://www.metacritic.com/game/rto/) - [RTO 2 | Wii U download software | Games | Nintendo UK](https://www.nintendo.com/en-gb/Games/",https://images.launchbox-app.com/2ade640d-8889-43a2-9cf3-50532f446b69.png
Rto 2,2018-03-01,,,First-Person Shooter / Survival Horror,"RTO 2 is a side-scrolling first-person shooter with survival horror elements. Command a 6-man team through four intense episodes filled with hordes of enemies. Features randomly generated levels and permadeath, creating a challenging experience where every decision matters. Test your survival skills and tactical prowess as you fight to complete your mission while managing your squad against overwhelming odds in procedurally generated environments. Sources: - [RTO 2 for Wii U Reviews - Metacritic](https://www.metacritic.com/game/rto-2/) - [My Nintendo Store – Nintendo Official Site](https://www.nintendo.com/games/detail/rto-2-wii-u/) - [RTO 2 (2018) | Wii U eShop Game | Nintendo Life](http:/",https://images.launchbox-app.com/751e63ef-c0a2-412f-b7a7-c10c14e4792b.png
Rto 3,,1.5,,,,https://images.launchbox-app.com/c9b6b282-6be9-444c-ab5c-a727c0ba3a74.jpg
Rubiks Cube,,3.92,,,,
Run Run and Die,,4.06,,,,https://images.launchbox-app.com/334792bc-60b1-447c-bc56-295bd004ca45.png
Runbow,2016-11-01,3.9,82,Action,"Runbow is a platform racing video game made originally for the Wii U and later ported to PC, New Nintendo 3DS, Xbox One, PlayStation 4, and Nintendo Switch. Runbow was developed by Canadian indie team 13AM Games as their debut title, releasing it on 27 August 2015 in North America, 3 September 2015 in Europe, and 23 October 2015 in Australasia. The game was later released in Japan on 25 November 2015, courtesy of Cross Function.",https://images.launchbox-app.com/16b1c1c1-85f4-485b-9104-93b1dab05a02.png
Runbow Deluxe,2016-09-13,3.91,,Platformer,"Race through a world where colors mean everything in this frantic multiplayer platformer. The background constantly shifts through different colors, and platforms matching that color completely disappear, transforming the level layout in real-time. Sprint, jump, and punch your way through dynamic obstacle courses while competing against up to eight friends locally or testing your skills in challenging single-player modes. The Deluxe edition packs in all DLC costumes and additional game modes including Arena battles and the cooperative Satura's Space Adventure campaign.",https://images.launchbox-app.com/64cabcf1-40d6-4906-ab40-01633ac1617d.jpg
Rush,2013-12-12,3.69,,Puzzle,"Guide colorful cubes through intricate 3D puzzle mazes in this unique spatial challenge. Using the Wii U GamePad's stylus, place conveyor belts, warps, stop signs, and splits to direct each cube to its matching exit point. Plan your routes carefully—cubes move simultaneously, and one wrong turn means starting over. With increasingly complex layouts that twist and turn through three-dimensional space, RUSH demands precision timing and strategic thinking. Master dozens of brain-teasing levels where quick reflexes meet clever puzzle-solving, all controlled with intuitive touchscreen placement that makes setup easy but perfection difficult. Sources: - [RUSH Review (Wii U eShop) | Nintendo Li...",
Rynn's Adventure,,4.29,,,,https://images.launchbox-app.com/0fba8495-f578-4822-8d71-dd3fa6e7fa2c.png
Santa Factory,2015-07-09,3.25,,Puzzle Platformer,"Help elf Tonttu and reindeer Rudolf retrieve Santa's lost wishlists and presents in this puzzle platformer. Draw platforms and objects on the GamePad to overcome obstacles and guide characters through levels. Features 125 English vocabulary words for educational value, making it suitable for young children learning language basics. Navigate through Santa's workshop by creating paths and solving simple environmental puzzles. The game combines light platforming mechanics with educational elements designed for early learners. Sources: - [Santa Factory for Wii U - GameFAQs](https://gamefaqs.gamespot.com/wii-u/178197-santa-factory) - [Santa Factory Review (Wii U eShop) | Nintendo Life](https://w",https://images.launchbox-app.com/89f659a4-e4a9-4f4a-ba1d-ebc6047c462a.jpg
Scram Kitty,2014-05-15,3.94,,Action,"Blast through a space station overrun by mutant rodents in this high-speed action shooter that literally puts you on rails. Control a cat in a rocket-powered wheelchair as you circle around cylindrical rooms, using magnetic tracks to navigate 360-degree environments. Rescue captured cats while battling increasingly devious mice across multiple themed zones. Master the unique rail-switching mechanics to dodge enemy fire, collect power-ups, and reach secret areas. Each level demands precision timing and quick reflexes as you rotate around platforms, leap between rails, and unleash devastating weapons.",https://images.launchbox-app.com/65009f64-bdbd-4b96-b838-42b93fd04195.png
Scribble,,3.73,,,,https://images.launchbox-app.com/7ad969db-478b-4a06-8170-4dc2d7b88a2c.png
Scribblenauts Unlimited,2012-11-13,3.83,73,Puzzle,"Scribblenauts Unlimited is a puzzle sandbox video game developed by 5th Cell and published by Warner Bros. Interactive Entertainment for the Nintendo 3DS, Wii U, Microsoft Windows, iOS and Android. The game was announced during Nintendo's E3 2012 press conference on June 5, 2012. It is the fourth title in the Scribblenauts series.",https://images.launchbox-app.com/4e9cc68d-b749-4d98-884b-05404404cca4.jpg
Scribblenauts Unmasked,2013-09-24,3.81,,Puzzle,"Team up with Batman, Superman, and the entire DC Comics universe in this imaginative puzzle-adventure. Use Maxwell's magical notebook to conjure any object you can think of—from everyday items to fantastical creations—to solve challenges across iconic DC locations like Gotham City, Metropolis, and Atlantis. Create custom superheroes by combining powers, abilities, and equipment from thousands of DC characters. Face off against legendary villains, help heroes complete missions, and unleash your creativity with an expanded object library featuring DC-specific items and characters.",https://images.launchbox-app.com/d5c5d685-518f-4686-8b3a-5c814e451c3c.jpg
SDK Paint,,3.59,,,,https://images.launchbox-app.com/a5e0cb90-75c9-400d-addf-0b706dc1ca87.png
SDK Spriter,2016-12-15,3.69,,Creative Tool / Game Design Software,"An all-in-one retro game asset creation studio by HullBreach Studios. Design pixel art sprite sheets with eight directional animations, craft 256x256 tile-based maps, and build playable levels across three modes: Overworld, Platformer, and Terrain. Features a Dungeon Master mode for tabletop RPG sessions. Create 64x64 character sprites, tile sets, and complete game levels with layered maps and NPCs. Export creations to SDKSpriter.com to share with the community. Perfect for aspiring game developers and pixel art enthusiasts. Sources: - [SDK Spriter for Wii U - Nintendo Game Details](https://www.nintendo.com/games/detail/sdk-spriter-wii-u/) - [SDK Spriter for Wii U - GameFAQs](https://gamefa",https://images.launchbox-app.com/e90ceb59-380f-4168-8f94-ed7099b48f20.png
Severed,2016-09-22,4.23,,Action,"Severed is a first-person dungeon crawler with a unique touch-based combat system. You play as Sasha, a one-armed warrior navigating a surreal nightmare world to find her missing family. Combat is visceral and precise—swipe across the touchscreen to slash enemies, targeting weak points and severing limbs to collect materials for upgrades. The game features a haunting art style with vibrant colors and grotesque creature designs. Each dungeon presents spatial puzzles and strategic battles where timing and pattern recognition are crucial. Defeat enemies to harvest their parts, upgrading Sasha's abilities and unlocking new powers.",https://images.launchbox-app.com/a5b3c2df-285f-4636-8fba-803923caa9f1.jpg
Shadow Archer,,4.25,,,,https://images.launchbox-app.com/86ce47fd-4023-46d6-9090-3e47486b1272.png
Shadow Archery,2018-04-12,2.0,,Arcade Shooter,"Step into the darker realm as Shadow, a skilled archer defending against endless hordes of creatures. This retro-inspired arcade shooter combines 8-bit nostalgia with modern controls, letting you use the Wii Remote's motion aiming or GamePad touchscreen to take down enemies. With limited arrows, every shot must count as spiders and other threats swarm the screen. This shooting gallery-style game offers simple but challenging gameplay where precision and resource management are key to survival. A follow-up to Shadow Archer, this streamlined experience focuses on pure arcade action. Sources: - [Shadow Archery Is A Brand New Game For Wii U, And It Will Launch For Free | Nintendo Life](https://",https://images.launchbox-app.com/97ccc561-c447-4dfb-8ecb-8e161a9b9b69.jpg
Shadow Puppeteer,2016,4.06,,Puzzle-Platformer,"Master the art of light and shadow in this innovative puzzle-platformer where you simultaneously control a boy and his shadow companion. Navigate through a hauntingly beautiful world where teamwork between light and darkness is essential for survival. Solve intricate environmental puzzles by manipulating both characters—the boy exists in the physical world while his shadow operates in the shadowy realm, each with unique abilities that complement the other. Switch between characters or control both at once to overcome obstacles, outsmart enemies, and uncover the mystery behind your shadow's separation.",https://images.launchbox-app.com/0f04192d-acb9-4082-87a0-9f0845880ead.jpg
Shakedown Hawaii,2020-05-07,4.0,,Action,"Build a ""legitimate"" corporation through any means necessary in this sprawling open-world action game from the creator of Retro City Rampage. Take control of the CEO of a fledgling company and expand your business empire across multiple islands through shaking down stores, buying out competitors, and sabotaging the competition. Engage in top-down mayhem with an arsenal of weapons, commandeer vehicles, and complete over 200 story missions. Destroy property, collect protection money, and exploit every industry from coffee shops to weapons manufacturing.",
Shantae and the Pirate's Curse,2014-12-25,4.05,85,Action,"Shantae and the Pirate's Curse is a platform game developed by WayForward Technologies for the Nintendo 3DS and the Wii U. It is the third game in the Shantae series, following Shantae: Risky's Revenge. It was released in North America on the 3DS eShop on October 23, 2014 and on the Wii U eShop on December 25, 2014, and in PAL regions on both platforms on February 5, 2015. The game was later ported to PlayStation 4, Xbox One, Microsoft Windows, Amazon Fire TV, and Nintendo Switch. The game follows the adventures of the eponymous half-genie Shantae as she once again has to save Sequin Land from a new foe, the Pirate Master, with help from her nemesis Risky Boots.",https://images.launchbox-app.com/d8567603-1680-47cb-9788-cd4cfa07a663.jpg
Shantae: Half-Genie Hero,2016-12-27,4.01,80,Action,"Shantae: Half-Genie Hero, stylized as Shantae: ½ Genie Hero, is a platform video game developed by WayForward Technologies for Microsoft Windows, PlayStation 4, PlayStation Vita, Wii U, Xbox One, and Nintendo Switch. It is the fourth game in the Shantae series, following Shantae and the Pirate's Curse, and the first to be specifically developed for high definition game platforms. The game was released for Microsoft Windows, PlayStation 4, PlayStation Vita, Wii U, and Xbox One in December 2016, and for Nintendo Switch the following June.",https://images.launchbox-app.com/97118ae5-b4d6-4cec-abd0-163567d0870d.jpg
Shantae: Risky's Revenge - Director's Cut,2016-03-24,3.73,77,Action,"Shantae: Risky's Revenge is a platform video game developed by WayForward Technologies for Nintendo DSi. The second installment in the Shantae series, Risky's Revenge is sequel to the Game Boy Color video game Shantae and is succeeded by the Nintendo 3DS and Wii U sequel Shantae and the Pirate's Curse, and the fourth installment Shantae: Half-Genie Hero. An iOS port was made and released on October 27, 2011 and features a new ""Magic Mode"".",https://images.launchbox-app.com/6b53dc97-688c-4f79-857c-2811d0872fa1.jpg
Shapes of Gray,,3.83,,,,https://images.launchbox-app.com/bfbd0d36-e8a2-44e1-b551-c3a889263b6f.png
Shiftlings,2015-03-05,3.63,,Puzzle-Platformer,"Shiftlings is a quirky co-op puzzle-platformer where you control two goofy alien janitors connected by a shared air hose. After one of them gulps down a fizzy drink during a live TV show, their spacesuits become linked in the most unusual way—inflate one, deflate the other! Use this bizarre connection to solve over 50 increasingly devious levels across five alien worlds. Switch between the inflated and normal-sized Shiftlings to press switches, bounce to high platforms, and navigate deadly hazards. Play solo by swapping between both characters or team up with a friend in local co-op.",https://images.launchbox-app.com/f41a1bf2-b699-4647-91d8-a773bdd46e5b.jpg
Shiny the Firefly,2014,3.44,,Platformer,"Guide Shiny, a brave firefly, through a beautifully hand-drawn world filled with danger and wonder. Navigate lush environments as you search for your missing children, who've been captured by malevolent creatures. Use Shiny's ability to glow and illuminate dark passages, stunning enemies and revealing hidden paths. Dodge predators, solve environmental puzzles, and master precise platforming across vibrant gardens, murky swamps, and treacherous underground caverns. The game features physics-based challenges where timing and careful movement are essential to survival.",https://images.launchbox-app.com/6f4dd00a-49d4-4b41-9420-4e95ab3114d8.jpg
Shoot the Ball,2016-12-01,3.0,,Puzzle,"A minimalist touch-screen arcade game where you tap to shoot the ball through openings in moving shapes. Each shape moves at randomly assigned speeds and colors, creating escalating difficulty as you chase high scores. Use the Wii U GamePad's touch screen to time your shots perfectly and rack up points. Simple to learn but challenging to master, this score-attack game tests your reflexes and timing. Challenge friends and family to beat your best session score in this quick-play eShop title from RCMADIAX. Sources: - [SHOOT THE BALL (2016) | Wii U eShop Game | Nintendo Life](https://www.nintendolife.com/games/wiiu-eshop/shoot_the_ball) - [SHOOT THE BALL | Wii U download software | Games | Nin",https://images.launchbox-app.com/ae808348-f48b-4e7c-9cf5-102d271d4b14.jpg
Shooting Range,2016-10-20,,,Shooter,"A carnival-style shooting gallery designed for younger players. Test your marksmanship skills against the clock as you progress through multiple timed levels. Starting in a carnival tent, hit as many stationary and moving targets as possible before time runs out. Later levels expand beyond the tent with increasingly challenging target layouts. Compete for high scores as you improve your accuracy and speed in this family-friendly eShop shooter that brings the classic fairground experience to the Wii U GamePad. Sources: - [Shooting Range by Thornbury Software - Nintendo Life](https://www.nintendolife.com/games/wiiu-eshop/shooting_range_by_thornbury_software) - [Shooting Range by Thornbury Sof",https://images.launchbox-app.com/8b7064f2-6d0c-47b2-b5b8-e8027e59f7c2.jpg
Shooty Space,2016-09-15,2.6,,Shoot 'Em Up,"A vertical scrolling shooter where you blast through endless waves of enemies to rack up high scores. Face basic enemies worth 1 point and tougher orange foes worth 10 points. Every 100 points triggers a boss battle for a trophy. Features Off-TV play on the GamePad or 1080p HD display on your TV. Simple, arcade-style action focused on score chasing and survival.",https://images.launchbox-app.com/12358496-4567-435a-9e4e-9a3c77e2fc55.jpg
Shovel Knight,2015-11-03,4.36,88,Action,"Shovel Knight is a 2D side-scrolling platform game developed and published by Yacht Club Games. Following a successful Kickstarter crowdfunding campaign,the game was released for Microsoft Windows, Nintendo 3DS and Wii U in June 2014. The game was ported to OS X and Linux in September 2014, PlayStation 3, PlayStation 4, PlayStation Vita and Xbox One in April 2015, Amazon Fire TV in September 2015, and Nintendo Switch in March 2017. Shovel Knight is inspired by game play and graphics of platformer games developed for the Nintendo Entertainment System.",https://images.launchbox-app.com/908767df-698b-494a-8f05-50cdd7d3a3b4.jpg
Shut the Box,2014-08-07,3.31,,Puzzle,"A digital adaptation of the classic dice-and-tile board game. Roll two dice and strategically eliminate numbered tiles from three stacked layers that match your roll. Each layer alternates direction, and you must clear upper tiles before accessing those below. Test your luck and calculation skills as you aim for the highest score by clearing as many tiles as possible before running out of valid moves in this simple yet addictive puzzle challenge.",https://images.launchbox-app.com/93d3e907-ec7e-4698-9abc-4b14d6a2f2e3.png
Shuttle Rush,,3.75,,,,https://images.launchbox-app.com/db77c588-05a1-49b8-a493-397a5c437d6a.jpg
Shütshimi,,3.88,,,,https://images.launchbox-app.com/04b06cb7-f5f5-4b88-a209-5fad576c4660.png
Silver Falls Undertakers,2023-02-16,,,Action-Adventure/Horror,"Explore the mysterious town of Silver Falls in this retro-styled horror adventure featuring dual game modes. Game A offers open-world story-driven exploration set in the 1970s, where young Bull Brandish encounters terrifying black creatures called Undertakers while camping. Game B delivers roguelike action, letting you fight back against hordes of monsters with weapons and bonuses earned from the story mode. Rendered in Atari 2600-inspired graphics, this atmospheric title blends classic top-down gameplay with survival horror elements across two distinct experiences. Sources: - [Silver Falls – Undertakers for Wii U – Silver Falls](http://silverfallsgame.com/undertakerswiiu/) - [Silver Falls:",https://images.launchbox-app.com/900b3baa-45f7-4d66-8cc4-04cc2d1e1b56.jpg
Silver Falls White Inside Its Umbra,,5.0,,,,https://images.launchbox-app.com/d258dbb2-59be-41f2-9585-51ef995363f7.jpg
Sing Party,2012-11-18,3.53,,Music,"Sing Party transforms your living room into a karaoke stage with a unique twist on the music game formula. Using the Wii U GamePad as a wireless microphone and lyric display, you can perform over 50 popular songs while your friends and family watch the TV screen filled with energetic visuals and synchronized lyrics. The GamePad holder becomes the star performer, free to move around the room without being tethered to the TV. Party Mode creates a dynamic social experience where the audience can join in on choruses, while various game modes challenge you to match pitch and rhythm.",https://images.launchbox-app.com/359ea502-73d4-4268-b5e2-3a7b4bad3a25.jpg
Skeasy,2016-01-21,2.58,,Arcade,"Guide your skier down the endless slopes of the White Mountains in this minimalist high-score chaser. Use the D-Pad to weave left and right, dodging trees as you descend through a winter wonderland. The longer you survive, the higher your score climbs. Simple controls meet addictive gameplay in this quick-play arcade experience designed for short bursts of competitive fun. Challenge yourself to beat your personal best as the mountain grows increasingly treacherous with each passing second. Sources: - [SKEASY (2016) | Wii U eShop Game | Nintendo Life](https://www.nintendolife.com/games/wiiu-eshop/skeasy) - [SKEASY Review (Wii U eShop) | Nintendo Life](https://www.nintendolife.com/reviews/wii",https://images.launchbox-app.com/9a976ff1-c862-4056-9752-d9fe0ecd201d.jpg
Sketch Wars,,3.39,,,,https://images.launchbox-app.com/e7b43057-daa8-4fe9-b879-05c0ac4d7c06.jpg
Skorb,,4.22,,,,https://images.launchbox-app.com/f4cbf2f5-5216-4d39-ab9e-7644958c0eaa.png
Skunky B's - Super Slots Saga #1,,2.46,,,,
Sky Force Anniversary,2016,4.04,,Shoot 'em up,"Sky Force Anniversary revitalizes the classic vertical scrolling shooter with stunning modern visuals and addictive arcade gameplay. Command your aircraft through increasingly challenging stages filled with enemy formations, massive war machines, and screen-filling bosses. Rescue stranded operatives, collect stars to upgrade your weaponry, and master multiple difficulty modes that dramatically transform each mission. The game rewards both aggressive high-score chasers and completionists who seek to rescue every survivor and destroy every target.",https://images.launchbox-app.com/6dfc936b-ba39-4560-a1cb-ddb351abbaa2.jpg
Skylanders Giants,2012-11-18,3.58,80,Action,"Skylanders: Giants is a 2012 video game in the Skylanders series, a direct sequel to the 2011 game Skylanders: Spyro's Adventure and features the voices of Kevin Michael Richardson, Greg Ellis, Peter Lurie, Steve Blum, Dave Wittenberg, Carlos Alazraqui, Kevin Sorbo, Bobcat Goldthwait, Patrick Seitz and Julie Nathanson. It is the game before Skylanders: Swap Force. As the title suggests, it features larger Skylanders known as ""Giants"", along with other new gameplay mechanics.",https://images.launchbox-app.com/620d5f71-7f80-42c6-ac89-1f8ac7de364a.jpg
Skylanders Imaginators,2016-10-13,3.78,,Action,"Unleash your creativity in the ultimate Skylanders adventure where you create your own Skylander hero from scratch. Choose from ten Battle Classes including Knight, Sorcerer, Bowslinger, and Brawler, then customize everything from powers to appearance with billions of possible combinations. Battle the sinister Kaos and his Doomlanders as they attempt to rule over Skylands using a powerful ancient weapon. Switch between your custom Imaginators and classic Skylanders heroes, upgrade abilities, and take on enemies across diverse worlds filled with puzzles, platforming challenges, and epic boss battles.",https://images.launchbox-app.com/05f31424-24f7-4262-82d3-fba6775e2a56.jpg
Skylanders SuperChargers,2015-09-20,3.75,,Action,"Rev up for high-speed adventure in Skylanders SuperChargers, where portal masters take control of powerful vehicles alongside their Skylander heroes. Race across land, sea, and sky in supercharged vehicles, each with unique weapons and abilities. Battle Kaos and his minions through dynamic levels that blend on-foot combat with thrilling vehicular action. Customize and upgrade your SuperChargers and their signature vehicles, unlocking devastating combo attacks. Experience split-screen racing, challenge modes, and an epic story campaign.",
Skylanders Swap Force,2013-10-13,3.67,89,Action,"Skylanders: Swap Forceis a platformer video game developed by Vicarious Visions and published by Activision. It is the third main game in the Skylanders video game and toy franchise, following 2012's Skylanders: Giants, which was a direct sequelto 2011's Skylanders: Spyro's Adventure (the spin-off of The Legend of Spyro series). It is the game before Skylanders: Trap Team and features the voices of John DiMaggio, Jess Harnell, Audrey Wasilewski, Richard Tatum, David Sobolov, Josh Keaton, Keythe Farley, Dave Wittenberg, Joey Camen, Gregg Berger, Troy Baker, Robin Atkin Downes, and Matthew Yang King.",https://images.launchbox-app.com/bcaaa409-bb18-4907-ae15-4df502f0673d.jpg
Skylanders Trap Team,2014-10-05,3.9,86,Action,"Skylanders: Trap Team is an action 3D platformer video game developed by Toys for Bob and published by Activision. It is the fourth instalment in the Skylanders video game franchise and was released on October 2, 2014 in Australasia, October 5, 2014 in North America, and October 10, 2014 in Europe, for release on Android, Fire OS and iOS mobile platforms, PlayStation 3, PlayStation 4, Wii, Wii U, Xbox 360, Xbox One, and Nintendo 3DS. It is the sequel to Skylanders: Swap Force, with the voices of Fred Tatasciore, Billy West, John DiMaggio, Matthew Moy, Laura Bailey, Alex Ness, John Paul Karliak, Matthew Yang King, and Richard Horvitz.",https://images.launchbox-app.com/910b02e6-6efe-452b-b570-7bffa5b54c25.jpg
Slender the Arrival,2015-10-24,3.48,,Horror,"Experience pure psychological terror in this first-person horror game that reimagines the infamous Slender Man myth. Navigate through eerie forests, abandoned buildings, and forgotten mining facilities while pursued by an otherworldly entity that grows stronger the more you observe it. Armed only with a flashlight and camcorder, you must collect scattered pages and solve environmental puzzles while managing your fear and avoiding direct contact with the faceless horror stalking you. The Wii U version includes enhanced lighting effects and GamePad integration for reviewing found footage.",https://images.launchbox-app.com/2d37efc7-0bb3-4168-88bb-11dc2007ef71.jpg
Slots - Pharaoh's Riches,2016-04-14,2.42,,Casino,"Step into an ancient Egyptian-themed casino with this slot machine simulator designed for the Wii U GamePad. Spin the reels with adjustable line bets and wagers per line, aiming for jackpots and bonus rounds. Features a realistic pay-table modeled after real casino slots, a gamble mini-game to double your winnings, and an interactive pyramid bonus game. Experience authentic slot machine gameplay with flashy lights, sound effects, and multiple betting options, all from the comfort of your GamePad screen. Sources: - [Slots - Pharaoh's Riches for Wii U - Nintendo Game Details](https://www.nintendo.com/games/detail/slots-pharaohs-riches-wii-u/) - [Slots - Pharaoh's Riches Review (Wii U eShop) |",
Smart Adventures - Mission Math,,3.36,,Educational,,
Snake Den,,3.75,,,,https://images.launchbox-app.com/9df38136-0316-4a07-b4ba-5e272e548291.jpg
Sniper Elite V2,2013-05-21,3.76,,Action,"Experience the tension of World War II stealth sniping in this tactical shooter set during the Battle of Berlin. As elite marksman Karl Fairburne, you must prevent Nazi V2 rocket technology from falling into Soviet hands. Master authentic sniper tactics including ballistic calculations, wind adjustment, and held breath for the perfect shot. The game's signature X-ray kill cam delivers visceral slow-motion replays showing bullet trajectories and devastating skeletal damage. Navigate bombed-out urban environments, taking strategic high-ground positions while evading or eliminating patrols. Every shot counts with limited ammunition and eagle-eyed enemies.",https://images.launchbox-app.com/0f7206be-33e4-4bac-8261-c864a8b8d87b.jpg
Snowball,,3.0,,,,https://images.launchbox-app.com/188e49d8-c4b3-4c3d-9d79-e0c5ded633de.jpg
Solitaire,2016-10-27,4.5,,Card Game,"Arrange cards from Ace to King in this digital adaptation of the classic card game. Features the three most popular solitaire game modes, offering a traditional brain-teaser that requires concentration and strategic thinking. Compete for high scores as you solve each puzzle layout. A straightforward implementation of the timeless single-player card game optimized for the Wii U GamePad, bringing the familiar tabletop experience to the console with simple, intuitive controls and clean presentation. Sources: - [Solitaire | Wii U eShop Game | Nintendo Life](https://www.nintendolife.com/games/wiiu-eshop/solitaire) - [Solitaire | Wii U download software | Games | Nintendo UK](https://www.nintendo",https://images.launchbox-app.com/c1b85c68-8f9b-4beb-88e9-3a46172e2c63.jpg
Solitaire Dungeon Escape,,3.69,,,,https://images.launchbox-app.com/bb9bc587-d4a7-4b3c-95fa-36afc70e3a3f.jpg
Sonic & All-Stars Racing Transformed,2012-11-18,3.95,78,Racing,"Sonic & All-Stars Racing Transformed is a kart racing video game developed by Sumo Digital and published by Sega. It was released for the PlayStation 3, Xbox 360, and Wii U in November 2012, for PlayStation Vita in December 2012, for Microsoft Windows in January 2013, for Nintendo 3DS in February 2013, and for iOS and Android in January 2014. The PS3 and Wii U versions of the game were released in Japan on May 15, 2014.",https://images.launchbox-app.com/c9dbe3b7-ec7d-4aaf-9295-6c3285f85528.jpg
Sonic Boom: Rise of Lyric,2014-11-11,1.53,32,Action,"Sonic Boom: Rise of Lyric is an action-adventure video game developed by Big Red Button and published by Sega for the Wii U console. Along with Sonic Boom: Shattered Crystal for the Nintendo 3DS, the game is a spin-off of Sega's Sonic the Hedgehog series and is a part of the Sonic Boom franchise, which also consists of an animated television series (whose games serve as prequel), a comic series by Archie Comics, and a toyline by Tomy.",https://images.launchbox-app.com/7354ebe4-8cec-4246-8ec9-af4536b8cc98.jpg
Sonic: Lost World,2013-10-29,3.45,63,Action,"Sonic Lost World is an action-adventure platform game developed by Sonic Team. It is part of the Sonic the Hedgehog series, and was released in October 2013 for the Wii U and Nintendo 3DS in PAL regions by Nintendo and by Sega in North America and Japan. A port for Microsoft Windows was later released in November 2015.",https://images.launchbox-app.com/ae8ee61f-d783-4e3a-b67e-846879943b4a.jpg
Soon Shine,,3.4,,,"Play as the sun and moon—two sides of a mystical mask—to defend against mischievous spirits in this fast-paced action puzzle game. Tap spirits to squash them and swipe to flip between sun and moon modes. The sun vanquishes dark spirits while stopping bright ones, and vice versa for the moon. Master simple stylus controls on the GamePad touchscreen, then build killer combos through speed and strategy. Features various play modes, unlockable items, and dynamic backdrops with music tracks to keep the frantic gameplay fresh. Character count: 598",https://images.launchbox-app.com/14bc9cff-4b05-4aa8-8600-0ecf415a40a4.png
Soul Axiom,2016-02-26,3.5,,Puzzle,"Soul Axiom is a first-person psychological thriller and puzzle adventure set within Elysia, a massive digital afterlife where human souls are uploaded and preserved. Explore a mysterious world filled with diverse environments—from ancient temples to futuristic cities—each containing intricate puzzles that manipulate reality itself. Wield supernatural hand powers to phase objects in and out of existence, interact with the environment, and uncover the dark secrets behind this supposed paradise. As you piece together fragmented memories, discover what happened to a lost soul and expose the sinister truth lurking beneath Elysia's pristine surface.",https://images.launchbox-app.com/61c069af-1e05-48bb-b4c9-21995fd803bb.png
Space Hulk,2013,3.69,,Strategy,"Command a squad of Space Marine Terminators through the claustrophobic corridors of a derelict space hulk infested with Genestealers. Based on Games Workshop's classic board game, this turn-based tactical experience drops you into the Warhammer 40,000 universe where every decision matters. Position your heavily-armored troops, manage limited action points, and make split-second choices as deadly aliens lurk around every corner. The cramped passages and tense atmosphere create a brutal game of cat and mouse where one wrong move means death. Features single-player campaign missions following the Blood Angels chapter as they cleanse the Sin of Damnation.",https://images.launchbox-app.com/98fde3c9-027f-4ca4-9cd3-a65aaf26d15f.jpg
Space Hunted,2017-07-06,4.5,,Action Platformer,"Play as Jade Hunter, an intergalactic treasure hunter stranded on an uncharted alien planet after being shot down. Survive across 128 NES-inspired platforming levels while being hunted by hostile forces. Jump between platforms, collect purple stars to boost your score, and dodge deadly hazards including gun-wielding aliens and moving obstacles. Navigate each stage to find your escape route off this dangerous world. Developed by Ultra Dolphin Revolution for the Wii U eShop, this retro-styled arcade platformer delivers straightforward challenge at a budget price. Sources: - [Review: Space Hunted (Wii U eShop) - Pure Nintendo](https://purenintendo.com/review-space-hunted-wii-u-eshop/) - [Space",https://images.launchbox-app.com/3e5c5144-0949-41bb-99ee-9d1d1afb97cb.jpg
Space Hunted - The Lost Levels,2020-02-13,,,Action-Platformer,"Play as Jade Hunter, an intergalactic treasure hunter stranded on an uncharted planet after your ship is shot down. Hunted as an alien intruder, you must survive hostile forces and escape. This challenging arcade-style action-platformer features 128 new levels packed with deadly obstacles, traps, and enemies. Navigate NES-inspired 2D gameplay reminiscent of Metroid and Kid Icarus, featuring brand new items and hazards designed to test your platforming skills. A more difficult version of the original Space Hunted, exclusively for Wii U.",
Space Intervention,2019-10-17,3.0,,Action/Arcade,"Defend the galaxy from invading alien forces in this Space Invaders-inspired shooter. Battle through waves of four different alien species, forty enemies per round, as you blast your way through increasingly challenging formations. Face off against standard troops and giant alien threats in classic arcade action. Navigate simple but engaging shoot-'em-up gameplay as humanity's last line of defense against extraterrestrial invasion. A nostalgic throwback to retro arcade gaming on the Wii U platform. Sources: - [Space Intervention for Wii U - Nintendo Game Details](https://www.nintendo.com/games/detail/space-intervention-wii-u/) - [What Year Is It? Nintendo's Wii U Is Getting A New Game Today",https://images.launchbox-app.com/a875181d-ff56-4cb1-b2b4-15c2884c4625.jpg
SpaceRoads,,3.25,,,,https://images.launchbox-app.com/525d1a72-eed6-411f-a0c2-bcd9a652aaa3.jpg
Spellcaster's Assistant,2018-03-29,,,Action/Arcade,"Play as Emmy Epheremelda, a sorcerer's apprentice left in charge when mischievous Tomeverme creatures wreak havoc in the magical library. Use magical tomes to cast unique spells and defeat enemies while organizing books back onto their proper shelves. Navigate over 30 levels with varied challenges, including stages with aggressive enemies where lightning bolt power-ups grant enhanced speed. This 8-bit styled arcade action game combines spellcasting combat with score-based gameplay as you restore order to the enchanted library. Sources: - [Spellcaster's Assistant - Nintendo Life](https://www.nintendolife.com/games/wiiu-eshop/spellcasters_assistant) - [Spellcaster's Assistant - GameFAQs](http",https://images.launchbox-app.com/fa51d434-e9ad-4ca8-8f39-381b11714ae9.jpg
SphereZor,2016-09-08,4.33,,Arcade,"Control colorful smiley-faced spheres through 70 challenging levels inspired by classic '80s arcade games. Collect glowing purple pickups while dodging deadly TriZor enemies across increasingly difficult stages. Features local multiplayer for up to 5 players, letting you battle it out with friends. Simple controls mask challenging gameplay that tests your reflexes and timing. Navigate maze-like levels where precision and quick thinking are essential to help SphereZor and SphereZora escape. A nostalgic throwback to retro arcade action on the Wii U eShop. Sources: - [Nintendo Life - SphereZor](https://www.nintendolife.com/games/wiiu-eshop/spherezor) - [Metacritic - SphereZor](https://www.meta",https://images.launchbox-app.com/cd27cc4d-bfb1-417e-8f3b-aac594da51c0.jpg
Spheroids,2017-08-29,4.0,,Platformer,"Navigate a vibrant 2D world where gravity-defying spheroids have invaded Earth, and only you can stop them. Armed with a modified selfie stick that doubles as a versatile weapon, dash, jump, and hook your way through 32 colorful levels across diverse environments. Use your unique tool to latch onto surfaces, swing across gaps, and pop the bouncing spheroid enemies that threaten humanity. Master precise platforming mechanics while collecting powerups and discovering secrets hidden throughout each stage. With its quirky premise, smooth controls, and increasingly challenging level design, Spheroids delivers accessible yet demanding action-platforming that rewards skillful movement and timing.",https://images.launchbox-app.com/579ee037-0274-4a6d-9f89-23de90570942.jpg
Spikey Walls,,3.13,,,,https://images.launchbox-app.com/46a9eb27-f581-4fee-ace4-e7b3b5f1063f.png
Spin the Bottle Bumpie's Party,2013-10-24,3.63,,Party,"Spin the Bottle: Bumpie's Party transforms your living room into a multiplayer playground where the GamePad stays put and players become the controllers. This quirky party game ditches traditional button-mashing for physical challenges that get everyone moving, laughing, and interacting face-to-face. Guide the adorable Bumpies through a series of bizarre mini-games by passing the GamePad, striking poses, making sound effects, and performing silly actions with friends. With its innovative ""pass-the-GamePad"" mechanics and focus on real-world social interaction, this Wii U exclusive celebrates the awkward, hilarious moments that make party games memorable.",https://images.launchbox-app.com/0dda624b-c303-4163-b271-b299fcfc1258.png
Splashy Duck,2016-06-23,2.82,,Arcade,"Guide a duck endlessly swimming through a vertical channel, collecting gold coins while avoiding evil whales. The duck never stops moving, but hitting A makes it pull a 180-degree turn to swim back the way it came. This simple score attack game challenges players to master timing and quick direction changes to maximize their coin collection. Playable off-TV on the GamePad or on TV in 1080p HD, this eShop title from RCMADIAX offers straightforward arcade action focused on beating high scores through precise maneuvering in tight spaces. Sources: - [SPLASHY DUCK Review (Wii U eShop) | Nintendo Life](https://www.nintendolife.com/reviews/wiiu-eshop/splashy_duck) - [SPLASHY DUCK (2016) | Wii U eS",https://images.launchbox-app.com/afaa563f-4446-4206-bfca-763cc00789fa.jpg
Splatoon,2015-05-29,4.32,81,Action,"Splatoon is a third-person shooter video game developed and published by Nintendo for the Wii U, which was released worldwide in May 2015. The game centers around characters known as Inklings—anthropomorphic squid that can transform between humanoid and cephalopod forms, and hide or swim through colored ink sprayed on surfaces using gun-, bucket-, roller-, or brush-like weapons. Splatoon features several game modes, including four-on-four online multiplayer, and a single player campaign.",https://images.launchbox-app.com/94543adf-fa95-4197-b872-0ecef4a866ac.jpg
Splatoon - Testfire,2015-05-08,,,Third-Person Shooter,"Splatoon - Testfire was a limited-time demo that gave players their first taste of Nintendo's innovative ink-based shooter before the full game's launch. Jump into frantic 4v4 Turf War battles where victory depends on covering the most ground in your team's ink. Choose from multiple weapon types including rapid-fire shooters, long-range chargers, and wide-coverage rollers, each offering unique playstyles. Swim through your own colored ink to move quickly, refill ammunition, and set up ambushes. The demo featured rotating time slots and limited map selection, creating exciting windows of competition that drew millions of players worldwide.",https://images.launchbox-app.com/94543adf-fa95-4197-b872-0ecef4a866ac.jpg
Splinter Cell Blacklist,2013-08-20,4.11,,Stealth Action,"Step into the boots of Sam Fisher as he leads Fourth Echelon against a deadly terrorist group called The Engineers. This stealth-action masterpiece puts you in control—ghost through missions unseen, execute precision takedowns, or go loud with aggressive tactics. The choice is yours. Utilize the GamePad's touchscreen for strategic map viewing and gadget management while navigating diverse global locations. Upgrade your arsenal with cutting-edge tech, customize your playstyle, and tackle missions solo or team up in co-op modes. With its refined mark-and-execute system and multiple approach options, Blacklist delivers intense espionage action where every decision matters.",https://images.launchbox-app.com/e42f3457-9f50-4601-85b7-406c14fe4708.jpg
SpongeBob SquarePants Plankton's Robotic Revenge,2013-10-11,3.4,,Action,"Join SpongeBob, Patrick, Squidward, Sandy, and Mr. Krabs in a cooperative adventure to stop Plankton's army of mechanical menaces. When Plankton's latest scheme unleashes hordes of robots across Bikini Bottom, it's up to you and your friends to battle through wave after wave of metallic mayhem. Harness each character's unique abilities and special moves to defeat enemies, solve puzzles, and save the day. Team up with friends in local co-op multiplayer, combining powers to unleash devastating attacks. Explore iconic locations from the series, collect coins to upgrade your abilities, and unlock new costumes and power-ups as you progress through the story.",https://images.launchbox-app.com/8668f548-7059-4f43-9f88-6c0a1dc4940c.png
Sportsball,2015-05-07,3.46,,Sports,"Sportsball is a chaotic competitive sports game that combines elements of basketball, football, and jousting into one frantic multiplayer experience. Play as a bird riding atop various creatures as you attempt to grab the ball and score goals while knocking opponents off their mounts. The fast-paced action supports up to four players in local multiplayer matches filled with power-ups, environmental hazards, and unpredictable physics. Master the art of timing your jumps, positioning your mount, and executing devastating tackles to dominate the arena.",https://images.launchbox-app.com/eac545fe-a81b-4cd6-9cf2-a3291d29097e.png
Spot the Differences Party!,,3.44,,,,https://images.launchbox-app.com/73a55aaf-c2cd-4856-bca4-b7e0dcf84e11.jpg
Spy Chameleon,2015-05-28,4.0,,Stealth,"Master the art of camouflage in this colorful stealth-action game where you control a high-tech spy chameleon on a mission to stop a sinister conspiracy. Blend into vibrant backgrounds by matching your color to the environment, carefully timing your movements to avoid detection by security cameras, guards, and other hazards. Navigate through 75 challenging missions across five distinct locations, using your color-changing abilities to sneak past enemies and reach the exit. Collect flies for bonus points and compete for the best times.",https://images.launchbox-app.com/eb55bfda-ea03-47bb-aa48-42c24e4470ab.jpg
Squids Odyssey,2014-07-03,4.15,,Strategy RPG,"Dive into a colorful underwater adventure where you command a team of heroic squids in turn-based tactical battles. Squids Odyssey combines the original Squids and Squids Wild West into one complete package, featuring over 90 levels of strategic gameplay. Use your squids' unique abilities to slingshot them across the battlefield, knock enemies into hazards, and execute clever combo attacks. Customize your four-squid squad by collecting loot, equipping helmets and weapons, and leveling up their skills. Battle corrupted sea creatures controlled by a mysterious black ooze in a charming story filled with humor and personality.",https://images.launchbox-app.com/2343044a-7db2-4a6e-b8cc-d86cb22b47d7.jpg
Star Fox Guard,2016-04-22,3.59,74,Strategy,"Star Fox Guard is a tower defense video game co-developed by Nintendoand PlatinumGames for the Wii U. The game was bundled as a separate disc for the first print edition of Star Fox Zero during its release in April 2016, and as a digital download code on the Wii U eShop afterwards.",https://images.launchbox-app.com/c103f83f-371b-45a8-b8a6-cdf553a4c0d0.png
Star Fox Guard (Demo),2016,3.6,,Tower Defense,"Star Fox Guard puts you in charge of defending precious metal supplies from waves of invading robots. Monitor a dozen security cameras simultaneously as mechanical enemies approach from multiple angles, switching between viewpoints to target and blast threats before they breach your defenses. Each robot type exhibits unique behaviors and attack patterns, requiring quick thinking and strategic camera placement. Slippy Toad's uncle Grippy needs your help protecting his mining operations across the Lylat system. Balance surveillance across your multi-screen setup, identify priority targets, and rotate between cameras to eliminate danger.",
Star Fox Zero,2016-04-22,3.53,69,Simulation,"Star Fox Zero is a 3D scrolling shooter video game developed by Nintendo and PlatinumGames for the Wii U. It is the sixth installment in the Star Fox series. After a delay from November 2015, the game was released worldwide in April 2016 to mixed reception. A standalone tower defense game, titled Star Fox Guard, was bundled with the game.",https://images.launchbox-app.com/d96ba39b-8f05-4fe5-b537-987969b0a635.jpg
Star Fox Zero the Battle Begins + Training,2016-07-21,3.52,,Action / Rail Shooter,"Experience the animated short ""The Battle Begins"" produced by Wit Studio, then master your combat skills in this free promotional demo. Train with the versatile Arwing jet featuring Walker transformation, the stealth-focused Gyrowing flight drone, and the ground-assault Landmaster tank. Learn advanced maneuvers and dual-screen GamePad controls as you prepare to defend the Lylat system. This training experience offers hands-on preparation for the full Star Fox Zero adventure, combining cinematic storytelling with interactive tutorials. Sources: - [Star Fox Zero: The Battle Begins + Training Is Now Available On The North American Wii U eShop - My Nintendo News](https://mynintendonews.com/2016",https://images.launchbox-app.com/8df502a7-210d-4fda-89f5-8f81aeb6a5b8.jpg
Star Ghost,2016-03-17,4.28,,Action,"Pilot the Star Ghost through hostile alien territory in this pulse-pounding side-scrolling shooter. Your ship automatically fires, but survival depends on precise movement and strategic use of your momentum-reversing boost ability. Navigate through procedurally generated levels filled with deadly enemies, treacherous obstacles, and challenging boss encounters. The unique control scheme creates a hypnotic rhythm as you weave through danger, collecting power-ups and upgrades to enhance your vessel. With its distinctive visual style featuring stark contrasts and neon highlights, Star Ghost delivers an intense arcade experience that's easy to learn but brutally difficult to master.",https://images.launchbox-app.com/49f9ced8-8b62-4600-83f7-eceb071b0762.jpg
Star Sky,2015-09-10,3.81,,Adventure,"A contemplative exploration game designed as an interactive poem beneath a starlit sky. Walk or run through a serene nighttime landscape, encountering events that unfold based on your timing and choices. Each playthrough reveals different scenarios from eighteen possible encounters, leading to multiple endings. The minimalist experience prioritizes atmosphere and reflection over traditional gameplay, inviting players to discover meaning through quiet observation and subtle decision-making as they journey toward the horizon. Sources: - [Star Sky (2015) | Wii U eShop Game | Nintendo Life](https://www.nintendolife.com/games/wiiu-eshop/star_sky) - [Star Sky (Wii U eShop)- Review – Seafoam Gamin",https://images.launchbox-app.com/6ea1123a-fd2f-4b8f-abd3-fd99690db2fb.jpg
Star Sky 2,2016-04-14,4.11,,Walking Simulator,"A meditative walking experience where you stroll through atmospheric nighttime landscapes at your own pace. Using just a single button, move forward and pause to trigger mysterious events when specific conditions are met. Multiple paths and choices lead to different consequences across short five-minute journeys. An improved hint system provides visual clues to unlock events. From creator Marten Jonsson, this sequel expands on the original's contemplative gameplay with more meaningful choices and atmospheric storytelling. Sources: - [Star Sky 2 Review (Wii U eShop) | Nintendo Life](https://www.nintendolife.com/reviews/wiiu-eshop/star_sky_2) - [Star Sky 2 | Wii U download software | Games |",https://images.launchbox-app.com/93f92c30-8230-49db-8908-66dca24b8485.jpg
Star Splash Shattered Star,2017-02-02,,,Action / Platformer,"Guide a courageous dolphin through over 30 challenging levels to collect shattered pieces of the Mother Star and save the planet from evil. Swim through seas, leap high into the air, and dive at breakneck speeds using precise, well-timed acrobatics. Master the d-pad controls to navigate fast-scrolling environments and gather stars across increasingly difficult stages. Features competitive 2-player mode for racing against friends. A budget indie eShop title from Snails Arcade with simplistic visuals but demanding platforming action.",https://images.launchbox-app.com/57d01c12-8712-4f5c-a294-e8096e045ab2.png
Star Wars Pinball,2013,3.89,,Pinball,"Experience the Star Wars universe through classic pinball action. This collection features multiple themed tables, each dedicated to iconic moments and characters from the saga. Battle the Empire on the Star Wars: Episode V The Empire Strikes Back table, navigate the forest moon on the Return of the Jedi table, or take on Boba Fett and other bounty hunters. Each table features authentic sound effects, voice clips, and music from the films, along with detailed 3D models and dynamic missions that recreate memorable scenes. Complete objectives, trigger multiball modes, and climb the leaderboards while immersing yourself in pinball tables that capture the excitement of a galaxy far, far away.",https://images.launchbox-app.com/212e531b-a569-4d5f-82d0-0d6b9e206b6e.png
Starwhal,2016-05-04,3.94,,Action,"Engage in chaotic local multiplayer combat as a space narwhal wielding a deadly piercing horn. In this physics-based party game, up to four players flop, flip, and flounder through zero-gravity arenas, attempting to stab opponents' glowing hearts while protecting their own. Master momentum-based movement as you gracefully (or clumsily) navigate asteroid fields, disco dance floors, and other bizarre cosmic battlegrounds. Customize your narwhal with unlockable costumes and accessories, then challenge friends in frantic matches where precision, timing, and a bit of luck determine victory.",https://images.launchbox-app.com/726e903b-38c3-4aa7-a796-71ec40f71b7c.jpg
Stealth Inc 2 - A Game of Clones,2015-10-23,3.88,,Puzzle-Platformer,"Break into a sinister corporation's testing facility as a test clone in this puzzle-platformer sequel that expands beyond the confined test chambers. Explore a massive Metroidvania-style overworld filled with secrets while tackling brain-bending stealth challenges in dedicated test rooms. Use shadows to hide from deadly security systems, solve intricate environmental puzzles, and unlock new gadgets to access previously unreachable areas. The Wii U GamePad serves as your clone creation tool, letting you build and share custom test chambers while seamlessly managing your equipment.",https://images.launchbox-app.com/b10d361c-e85d-42be-8939-99f1404fee9e.jpg
SteamWorld Collection,,3.97,,,,https://images.launchbox-app.com/ce1f7ce2-3ffe-4efe-8cc7-a2dee1cc63f7.jpg
SteamWorld Dig,2014-08-28,3.93,83,Action Adventure,"SteamWorld Dig is a platform action-adventure game created by Swedish video game developer Image & Form. The second instalment in the SteamWorld series and the sequel to SteamWorld Tower Defense,SteamWorld Dig has the player control Rusty, a steam-powered robot who arrives at a small Western mining town called Tumbleton after having received a deed for a mine from his long-forgotten uncle, Joe. The objective of the game is to dig through Tumbleton's mine, which also involves solving puzzles and platforming to avoid traps and enemies.",https://images.launchbox-app.com/db73ca2a-5c84-466e-b3b9-fc17102d0a1f.jpg
SteamWorld Heist,2015-12-28,4.26,,Turn-Based Strategy,"Command a ragtag crew of steam-powered robots in this side-scrolling turn-based strategy shooter. As Captain Piper Faraday, assemble your team and take on dangerous missions across a procedurally generated galaxy. Master the art of ricochet shots, bouncing bullets off walls and ceilings to take out enemies hiding behind cover. Customize your crew with an arsenal of weapons, utilities, and hats that provide unique abilities. Each mission offers tense tactical combat where positioning and angles matter as much as firepower.",https://images.launchbox-app.com/0dae0d7a-e899-4d23-98c3-f88f9997922e.jpg
Steel Lords,2016-06-23,1.53,,Strategy/Fighting,"A hybrid strategy-fighting game where the factions of Light and Dark clash in board game-style combat. Command your chosen faction by strategically moving tiles across the battlefield. When opposing tiles collide, the game shifts into one-on-one fighting sequences between characters. Eliminate enemy tiles one by one until you can challenge the opposing lord in a final battle for victory. Features single-player AI battles and local multiplayer, with off-TV Play support on the GamePad. Sources: - [STEEL LORDS for Wii U - Nintendo Game Details](https://www.nintendo.com/games/detail/steel-lords-wii-u/) - [STEEL LORDS (2016) | Wii U eShop Game | Nintendo Life](https://www.nintendolife.com/games/",https://images.launchbox-app.com/95996d0f-95d2-410a-b9eb-02fe58156829.png
Steel Rivals,,2.56,,,,https://images.launchbox-app.com/902a66ca-defe-4bd3-8115-d105d57c004d.png
Stick It to the Man,2013-12-05,3.97,,Puzzle-Platformer,"Step into the mind of Ray, a hard-hat tester who gains psychic powers after a bizarre accident. Armed with a giant pink spaghetti arm sprouting from your brain, read people's thoughts, tear through the papery world, and solve mind-bending puzzles in this uniquely twisted adventure. Swing across chasms using mental staples, possess enemies to infiltrate restricted areas, and peel back layers of reality to discover hidden paths. The handcrafted art style brings a storybook world to life with dark humor and quirky characters at every turn. Use telepathy to uncover secrets, manipulate objects from afar, and outsmart the sinister agents hunting you down.",https://images.launchbox-app.com/287d40fe-2b08-4eaf-a556-becfeb95b295.jpg
Stone Shire,,3.23,,,,https://images.launchbox-app.com/1b867d8a-b412-40d4-9302-836b932229f8.jpg
SturmFront - The Mutant War Übel Edition,2021-07-02,4.0,,Arcade Shooter,"Battle through relentless mutant hordes as Siegfried von Hammerstein, a semi-organic cyborg designed for destruction. This top-down arcade shooter blends Commando-style action with bullet hell intensity. Wield your flamethrower to incinerate enemies and convert their bullets into collectible gems. Face five unique bosses, uncover hidden souls to reveal the war's origins, and survive the apocalypse of 1984 to a soundtrack of heavy metal and psychedelic electronica. Classic twin-stick shooting with handcrafted pixel art. Sources: - [SturmFront - The Mutant War: Übel Edition Is Actually Coming To Wii U eShop | Nintendo Life](https://www.nintendolife.com/news/2021/05/sturmfront_-_the_mutant_war",https://images.launchbox-app.com/b478696c-5ce3-4cb8-a4f3-13dfc8d74b3b.png
Sudoku and Permudoku,,3.75,,,,https://images.launchbox-app.com/470aa759-b091-486a-90e0-e252eb0c1606.jpg
Sudoku Party,2017-03-16,,,Puzzle,"Features 1,000 exclusive puzzles by Conceptis across four difficulty levels. Solve puzzles solo or cooperatively with drop-in/drop-out local co-op. Party Mode transforms classic sudoku into fast-paced competitive action where players race to claim squares—match your opponent's move in seconds or lose it forever. Supports multiple controller types for flexible multiplayer gameplay. Perfect for both traditional puzzle enthusiasts and competitive gamers seeking quick-thinking challenges. Sources: - [Sudoku Party for Wii U - Nintendo Game Details](https://www.nintendo.com/games/detail/sudoku-party-wii-u/) - [Sudoku Party: details, pricing, and footage – Perfectly Nintendo](https://www.perfectly",https://images.launchbox-app.com/931dcf67-3186-4ef2-9629-bc9342bcd5b1.jpg
Super Destronaut,2015-03-19,,,Arcade Shooter,"Battle waves of alien invaders in this modern Space Invaders tribute for the Wii U eShop. Move left and right to dodge enemy fire while unleashing your arsenal on descending extraterrestrial forces. Collect power-ups to unleash devastating weapons including rockets, bombs, and multi-row lasers. Choose Classic mode to survive three lives against endless waves, Time Attack to race against the clock, or Multiplayer to compete with friends. Polished presentation and accessible gameplay make this budget shooter a worthy eShop addition. Sources: - [Super Destronaut for Wii U - Nintendo Game Details](https://www.nintendo.com/games/detail/super-destronaut-wii-u/) - [Super Destronaut Review - Review",https://images.launchbox-app.com/c6bec5b7-46da-4589-8e6b-8c73d35443e9.png
Super Hero Math + Addition,,,,Educational,,https://images.launchbox-app.com/fe059724-6259-480f-b081-58ef163a261d.png
Super Mario 3D World,2013-11-22,4.36,93,Action,"Super Mario 3D World is a platform video game in the Super Mario series developed and published by Nintendo for their Wii U home video game console. It is the sixth original 3D platform game in the series and the sequel to the 2011 Nintendo 3DS game Super Mario 3D Land. The game follows Mario and friends attempting to rescue fairy-like creatures called Sprixies from Bowser, who invades the realm known as the Sprixie Kingdom. The gameplay is similar to previous instalments of the series, with players passing through individual levels to reach Bowser.",https://images.launchbox-app.com/5952b85e-3c19-4040-8676-36d7f36661c8.jpg
Super Mario Maker,2015-09-11,4.34,88,Action,"Super Mario Maker is a side-scrolling platform game and game creation system developed and published by Nintendo for the Wii U home video game console, which released worldwide in September 2015. Players are able to create and play their own custom courses, based on Super Mario Bros., Super Mario Bros. 3, Super Mario World and New Super Mario Bros. U, share them online, and download and play courses designed by other players.",https://images.launchbox-app.com/97c18bb5-f158-49b9-9019-68443aa64957.jpg
Super Meat Boy,2016-05-12,,,Platformer,"Guide a small, skinless boy through brutally difficult platforming challenges to rescue his girlfriend, Bandage Girl, from the evil Dr. Fetus. This super-tough precision platformer demands pixel-perfect jumps, wall-climbing mastery, and lightning-fast reflexes as you navigate through hundreds of hazard-filled levels. Each stage is a bite-sized test of skill packed with saw blades, salt pools, missiles, and countless other creative ways to explode into chunks of meat. Die hundreds of times—it's part of the fun—and watch instant replays showing all your failed attempts simultaneously.",https://images.launchbox-app.com/7b8cd645-f71e-49a8-94ff-aa4399c45339.png
Super Robo Mouse,2016-04-07,,,Action Puzzle,"Navigate deadly mazes as a robotic mouse captured by the evil BOLTZ CLAN. Collect titanium cheese scattered throughout hazardous trap-filled levels to unlock the exit and escape. Face over 20 challenging courses across 3 different worlds, each filled with dangerous obstacles and precision platforming. Use the GamePad to track your cheese collection progress as you guide ROBO through increasingly complex labyrinths. Every mistake sends you back to the start, making careful planning and quick reflexes essential for survival in this demanding eShop exclusive. Sources: - [SUPER ROBO MOUSE Review (Wii U eShop) | Nintendo Life](https://www.nintendolife.com/reviews/wiiu-eshop/super_robo_mouse) - [",https://images.launchbox-app.com/75f2f6a3-31d7-4467-9f1f-7ed6fd0b361f.jpg
Super Smash Bros. for Wii U,2014-11-21,4.42,92,Action,"At E3 2011, it was confirmed that a fourth Super Smash Bros.game would be coming to the Nintendo 3DS and Wii U, with the two games being cross-compatible with each other. Sakurai stated that the announcement was made public in order to attract developers needed for the games, as development for the games did not start until May 2012 due to production on Kid Icarus: Uprising. On June 21, 2012, Nintendo announced that the creation of the games would be a co-production between Sakurai's Sora Ltd. and Bandai Namco Entertainment. The games were officially revealed at E3 2013, with new information being released via trailers, Nintendo Direct presentations, and developer posts on Miiverse.",https://images.launchbox-app.com/650160e5-4070-48eb-8627-a5fffe146be6.jpg
Super Toy Cars,2014-12,,,Racing,"Race miniature toy cars through oversized household environments in this arcade racing game. Speed across kitchen tables, bedroom floors, and other domestic tracks where everyday objects become massive obstacles and ramps. Choose from multiple toy vehicles, each with unique handling characteristics, and compete in various race modes including circuit races, time trials, and elimination challenges. Use power-ups strategically to gain advantages over opponents, from speed boosts to weapons that can knock rivals off course. The game features colorful, playful graphics that emphasize the toy-scale perspective, making familiar household items feel like an entirely new racing playground.",https://images.launchbox-app.com/caae1eaa-6426-467b-aa5e-b78f0e1285b3.jpg
Super Ultra Star Shooter,2017-09-21,,,Shoot 'em up,"Play as Vau Woah, an intergalactic fighter pilot who receives a distress signal from a dangerous planet during lunch time, sparking an cosmic quest for food. Battle through endless levels of space combat, collect power-ups to defeat enemy ships, and gather burgers and fries while chasing high scores. This arcade-style vertical shooter features straightforward controls and supports multiple controller options including the Wii U GamePad and Pro Controller. Sources: - [Mini-Review: Super Ultra Star Shooter (Wii U eShop)](https://purenintendo.com/super-ultra-star-shooter/) - [Super Ultra Star Shooter | Wii U download software | Games | Nintendo UK](https://www.nintendo.com/en-gb/Games/Wii-U-do",https://images.launchbox-app.com/52c1558f-7620-434c-acef-68e050b9d678.jpg
Surfin' Sam,2016-08-11,,,Platformer,"Run, jump, and surf through over 30 levels as Sam and his sidekick Flip Flops the beach dog. Battle against Prong and the invading Aqualites, an alien race of aquatic creatures threatening to terraform Earth into their own underwater world. Navigate obstacles, collect items, and take down enemies across varied environments. Originally a mobile title, this side-scrolling adventure brings casual platforming action to the Wii U eShop with simple controls and colorful graphics. Sources: - [Surfin' Sam - Attack of the Aqualites Review (Wii U eShop) | Nintendo Life](https://www.nintendolife.com/reviews/wiiu-eshop/surfin_sam_-_attack_of_the_aqualites) - [Surfin' Sam - Attack of the Aqualites (2016",https://images.launchbox-app.com/29b94945-66d7-4140-8ceb-1c7c62383266.jpg
Suspension Railroad Simulator,2015-03-26,,,Simulation,"Drive the historic Wuppertal Suspension Railroad, a unique elevated rail system that has served Germany's Wuppertal since 1901. Control an authentic suspension train using realistic physics and original control panels to manage speed, brakes, doors, lights, and wipers. Navigate the complete original route featuring all 20 stations and detailed recreations of prominent Wuppertal landmarks. Experience the daily operation of this one-of-a-kind transportation system that carries over 82,000 passengers per day along the Wupper River valley. Sources: - [Suspension Railroad Simulator for Wii U - Nintendo Game Details](https://www.nintendo.com/games/detail/suspension-railroad-simulator-wii-u/) - [S",https://images.launchbox-app.com/3bd23f2d-9939-4d2d-9d0e-9ea5d9faab9a.png
Swords & Soldiers,2013-05-15,,,Strategy,"Command your army in this fast-paced side-scrolling strategy game that blends real-time tactics with accessible gameplay. Choose from three distinct civilizations—Vikings, Aztecs, or Chinese—each with unique units, abilities, and playstyles. Build your economy by gathering gold and mana, then unleash devastating combinations of soldiers, spells, and special powers against your opponents. Battle through a humorous campaign filled with quirky characters and escalating challenges, or face off against friends in local multiplayer. The streamlined controls make complex strategy feel intuitive as you balance resource management with tactical timing.",https://images.launchbox-app.com/a44d25c2-208d-4b62-ae0c-0fb4e70c92ca.jpg
Swords & Soldiers II,2015-05-21,,,Strategy,"Command your armies in this fast-paced side-scrolling real-time strategy game that puts you in control of three diverse factions: Vikings, Persians, and Demons. Build up your forces, gather resources, and deploy units across a 2D battlefield where quick thinking and strategic timing are essential. Master unique faction abilities, unleash devastating special attacks, and outmaneuver your opponents in frantic multiplayer battles or challenge yourself through an extensive single-player campaign filled with humor and charm.",https://images.launchbox-app.com/c27f69b7-a623-4860-8d50-6b2b00703da7.jpg
Tachyon Project,2016-08-04,,,Action,"Tachyon Project is a dual-stick shooter that thrusts you into intense arena combat against waves of geometric enemies. Guide your triangular ship through ten challenging levels, each presenting unique tactical scenarios that demand precision aim and smart positioning. The game features a compelling narrative told through intercepted computer messages as you uncover the mystery behind a deadly virus. Customize your loadout with over twenty different weapons and special abilities, from devastating lasers to defensive shields. Face off against ten distinct bosses, each requiring different strategies to defeat.",https://images.launchbox-app.com/9eeb273b-83d6-4b90-98c4-affbb9f6ac09.png
Tadpole Treble,2016-05-11,,,Rhythm,"Swim through a melodious adventure as Tadpole, a young pollywog who must navigate treacherous streams in this unique rhythm-based side-scroller. Each level is composed to its own original song, challenging you to dodge predators, leap over obstacles, and ride the current in perfect sync with the music. The innovative composition mode lets you create your own musical stages to share. With hand-drawn artwork that brings the underwater world to life and boss battles that test your rhythmic reflexes, Tadpole Treble transforms a perilous journey home into a captivating musical experience where every movement flows to the beat.",https://images.launchbox-app.com/8f93b5d1-6d10-4e32-9bd9-0a0343bf86a7.png
Tallowmere,2015-06-04,,,Action,"Venture into the depths of Lady Tallowmere's ever-changing dungeon in this brutal 2D roguelike platformer. Armed with your weapon of choice, battle through randomly generated rooms filled with deadly traps, spikes, and hostile creatures. Each run presents new challenges as the dungeon layout shifts, forcing you to adapt your strategy on the fly. Collect souls to upgrade your equipment, discover powerful items, and test your skills against increasingly difficult enemies. Death is permanent, but persistence is rewarded as you learn enemy patterns and master the tight controls.",https://images.launchbox-app.com/0c446b0e-94bc-4c6e-827b-73e269d7c7c6.jpg
Tank! Tank! Tank!,2012-11-18,3.06,45,Simulation,Tank! Tank! Tank is an action video game released in arcades in 2009 and for Nintendo's Wii U in North America and PAL Regions in November 2012 and in Japan the following December.,https://images.launchbox-app.com/060419c9-5049-4d56-9b73-b58dc5a93d0a.jpg
Tap Tap Arcade,2016-02-18,,,Arcade,"A budget compilation package featuring two simple arcade games. DON'T CRASH challenges you to quickly change lanes while driving to avoid obstacles in this fast-paced reflex test. SPIKEY WALLS puts your timing skills to the test in a flappy-style game where you navigate through spike-filled passages. Both games focus on quick sessions and high score chasing. Published by RCMADIAX exclusively for the Wii U eShop, this bare-bones package offers minimalist arcade action designed for brief play sessions, though reviews noted limited content and replay value. Sources: - [TAP TAP ARCADE Review (Wii U eShop) | Nintendo Life](https://www.nintendolife.com/reviews/wiiu-eshop/tap_tap_arcade) - [TAP TA",https://images.launchbox-app.com/8bb2a10a-01f9-4e52-a317-2416d2f13de3.png
Tap Tap Arcade 2,2016-07-07,,,Arcade,"A budget eShop bundle featuring two minimalist arcade score-chasers. SKEASY challenges players to slide down snowy mountains while dodging trees to rack up points. VOLCANO adds an exclusive platforming twist where you must double-jump across rising platforms while escaping a deadly wall of lava surging from below. Both games offer simple pick-up-and-play gameplay focused on beating high scores, though their bare-bones presentation and limited depth make them brief diversions rather than lasting experiences. Sources: - [TAP TAP ARCADE 2 Review (Wii U eShop) | Nintendo Life](https://www.nintendolife.com/reviews/wiiu-eshop/tap_tap_arcade_2) - [TAP TAP ARCADE 2 for Wii U - Nintendo Game Details",https://images.launchbox-app.com/0302e8e9-9b20-4f5b-982a-d438da961427.jpg
Tekken Tag Tournament 2: Wii U Edition,2012-11-18,4.11,83,Action,"Tekken Tag Tournament 2 is the eighth main instalment in the Tekken fighting gameseries, released in Japanese arcades on September 14, 2011. It received an update, subtitled Unlimited, on March 27, 2012. A console version based on the update was released for PlayStation 3 and Xbox 360 in September 2012. It was ported to the Wii U as one of the system's launch titles in November 2012, subtitled Wii U Edition.",https://images.launchbox-app.com/551d700a-1826-41c0-a371-0278e4dd94bf.jpg
Temple of Yog,2015-12-16,,,Roguelike Shoot 'em Up,"Guide sacrificial tributes through procedurally-generated labyrinths in this retro-style roguelike shooter. Play as a deity commanding warriors from four guilds—clerics, mages, warriors, and rogues—each with unique stats. Use shadow power to teleport between light and shadow realms displayed simultaneously on your TV and GamePad. Battle dangerous enemies across dual screens as you navigate the ever-changing Temple of Yog. Features permadeath, class-based gameplay with HP, MP, and shadow power systems, and innovative dual-screen mechanics unique to Wii U. Sources: - [Temple of Yog - Wikipedia](https://en.wikipedia.org/wiki/Temple_of_Yog) - [Temple of Yog Review (Wii U eShop) | Nintendo Life]",https://images.launchbox-app.com/ffacf32d-3b1c-4ed7-b95e-e50623ec0da9.jpg
Tengami,2016-03-10,,,Adventure,"Tengami is a unique atmospheric adventure set entirely within the pages of a Japanese pop-up book. Fold and slide parts of the beautifully crafted paper world to solve environmental puzzles and guide a lone traveler through a mystical landscape. Explore serene gardens, ancient temples, and cherry blossom groves rendered in an exquisite handcrafted art style that brings traditional Japanese aesthetics to life. Each scene unfolds like a delicate origami creation, where manipulating the world itself is key to progression. The meditative journey is accompanied by a haunting traditional soundtrack that complements the contemplative pacing.",https://images.launchbox-app.com/1145216e-f0a5-40b7-a095-7773b04f2696.jpg
Terraria,2016-06-28,4.16,82,Action Adventure,"Terraria is a land of adventure! A land of mystery! A land that's yours to shape, to defend and to enjoy. Your options in Terraria are limitless, are you an action gamer with an itchy trigger finger? A master builder? A collector? An explorer? There's something for everyone here. Dig, fight, explore, build! Nothing is impossible in this action-packed adventure game. The world is your canvas and the ground itself is your paint.",https://images.launchbox-app.com/3c075ec6-c5c7-4d48-b28c-45232c5db29a.jpg
Teslagrad,2016-09-08,,,Puzzle-Platformer,"Master the power of magnetism in this hand-drawn puzzle-platformer set in a steampunk-inspired world. As a young boy fleeing from the king's guards, you seek refuge in the Tesla Tower, an ancient structure filled with electromagnetic secrets. Manipulate magnetic polarities to solve intricate environmental puzzles, traverse treacherous platforming challenges, and uncover the dark history of a despotic regime. With no dialogue and minimal text, the story unfolds through stunning visual storytelling and clever environmental design. Use the Teslamancer's tools to attract and repel objects, teleport across deadly gaps, and confront massive bosses.",https://images.launchbox-app.com/7ebde5f9-2403-4a0c-988e-eeff750192bb.jpg
Tetraminos,2016-09-01,,,Puzzle,"A Tetris-inspired puzzle game with colorful twists on the classic formula. Match falling tetraminos to clear lines, but align blocks by color for bonus points. Features expanded block types including singles, doubles, triples, short L-shapes, and plus blocks. Four game modes offer variety: Endless for high scores, Challenge with time limits, 50 puzzle stages requiring strategic thinking, and 4-player split-screen Multiplayer for competitive action. Smooth controls and straightforward gameplay deliver accessible block-dropping fun. Sources: - [Tetraminos Review (Wii U eShop) | Nintendo Life](https://www.nintendolife.com/reviews/wiiu-eshop/tetraminos) - [Tetraminos (2016) | Wii U eShop Game |",https://images.launchbox-app.com/8557c742-5b6f-466e-8f47-329c6ef00415.jpg
Tetrobot and Co.,2014,,,Puzzle,"Take control of Psychobot, a microscopic robot tasked with repairing the damaged Tetrobots—once humanity's beloved helper robots. Navigate through intricate block-based puzzles where you'll absorb, swap, and strategically place different types of blocks to progress. Each level presents increasingly complex challenges requiring clever use of your abilities and the unique properties of various materials. Solve environmental puzzles, collect memory blocks to uncover the story of each broken Tetrobot, and explore creatively designed levels filled with mechanical hazards and secrets.",https://images.launchbox-app.com/e4ebedf9-a2b8-4be3-aa33-cfc14ec9231b.jpg
The Amazing Spider-Man - Ultimate Edition,2013-03-05,,,Action-Adventure,"Swing through Manhattan as Spider-Man in this enhanced Wii U edition of the open-world superhero adventure. Web-sling across iconic New York landmarks, scale skyscrapers with fluid parkour movement, and engage in acrobatic combat against classic villains and criminal gangs. The game features an original story set after the events of the 2012 film, where a cross-species virus threatens the city and Peter Parker must stop a conspiracy involving Oscorp. Utilize the GamePad for immersive features like first-person web-shooting sequences and real-time camera photography. Master Web Rush mode for precision navigation, upgrade your abilities, and complete side missions throughout the city.",https://images.launchbox-app.com/b0688c58-dc60-4068-8ab8-f237ff20e56b.jpg
The Amazing Spider-Man 2,2014-04-29,,,Action,"Step into the web-slinger's suit as Spider-Man faces his greatest challenge yet. Swing through a massive open-world Manhattan, battling iconic villains and uncovering a deep conspiracy that threatens the city. The game expands beyond the film storyline, featuring an enhanced combat system that combines acrobatic moves, web-based attacks, and environmental takedowns. Hunt down notorious criminals in side missions, stop crimes in progress across the city, and unlock new suits with unique abilities. The Web Rush mechanic returns, letting you slow down time and precisely target your next move during high-speed chases and combat encounters.",https://images.launchbox-app.com/d353ab92-2927-48c5-a1ae-275bad5963fb.jpg
The Beggar's Ride,2016,,,Puzzle-Platformer,"The Beggar's Ride is an atmospheric puzzle-platformer where you harness the power of nature itself. Play as an old beggar who can transform into various animals and control elemental forces to overcome obstacles. Manipulate weather, shift between day and night, and use your shapeshifting abilities to solve intricate environmental puzzles across beautifully hand-painted landscapes. Each transformation grants unique abilities—become a bird to soar over chasms, or shift the environment to reveal hidden paths.",https://images.launchbox-app.com/81274291-4850-4709-9f68-e211d0f74168.jpg
The Binding of Isaac: Rebirth,2015-07-23,4.24,,Action,"The Binding of Isaac: Rebirth is an indie roguelike video game designed by Edmund McMillen and developed and published by Nicalis. Rebirth was released for Microsoft Windows, OS X, Linux, PlayStation 4, and PlayStation Vita in November 2014, and for Xbox One, New Nintendo 3DS, and Wii U in July 2015. After an initial rejection due to its controversial content, Nicalis released Rebirth on iOS on January 11, 2017. A version for the Nintendo Switch was released on March 17, 2017.",https://images.launchbox-app.com/14b46f08-e672-44fc-b196-3f6a9a92d1c1.jpg
The Book of Unwritten Tales 2,2017-02-21,,,Adventure,"Embark on an epic point-and-click adventure filled with humor, puzzles, and fantasy charm. Guide Wilbur the gnome mage, Nate the adventurer, Ivo the elf princess, and the critter Critter through a richly detailed world threatened by magical chaos. Solve intricate environmental puzzles, engage in witty dialogue with memorable characters, and explore beautifully hand-drawn locations ranging from mystical forests to ancient dungeons. This sequel to the beloved adventure series delivers hours of brain-teasing challenges, satirical fantasy humor, and a compelling story that lovingly parodies classic RPG and adventure game tropes while standing as an excellent puzzle adventure in its own right.",https://images.launchbox-app.com/24f5dc0c-fdab-498f-b588-f2479368e828.jpg
The Bridge,2015-02-26,,,Puzzle,"The Bridge defies gravity and perspective in this mind-bending puzzle platformer inspired by M.C. Escher's lithographs. You manipulate gravity and physics to navigate impossible architecture across 48 challenging levels. Rotate entire rooms, invert gravity, and bend reality itself to reach each level's exit. The game's hand-drawn art style evokes classic pen-and-ink illustrations, creating an otherworldly atmosphere that complements its brain-teasing mechanics. Each puzzle builds upon the last, introducing new concepts like vortexes and parallel dimensions that fundamentally alter how you perceive and solve spatial challenges.",https://images.launchbox-app.com/b348d59c-449c-468e-acd6-2a7c78cd3d94.jpg
The Cave,2013-01-22,3.81,72,Action,"The Cave is a puzzle-platform/adventure video game developed by Double Fine Productions and published by Sega in January 2013 on the PlayStation Network, Nintendo eShop and Xbox Live Arcade storefronts via the PlayStation 3, Wii Uand Xbox 360 consoles and on Steam for Microsoft Windows, OS X and Linux. It was later released on October 3, 2013 on iOS devices, and on December 2, 2013 on the Ouya.",https://images.launchbox-app.com/27b6c2b1-7ae5-4980-a5da-ca7e32b133ae.jpg
The Croods - Prehistoric Party!,2013-11-19,,,Party,"Join the Croods family in a prehistoric party adventure filled with mini-games and challenges. Play as your favorite characters from the animated film as you explore colorful environments and compete in over 30 different activities. Hunt for food, avoid dangerous creatures, and master physical challenges that test your reflexes and timing. Team up with family and friends in multiplayer party mode, or venture through the single-player campaign to unlock new content and abilities. With simple controls designed for all ages and vibrant cartoon visuals that bring the Stone Age to life, this family-friendly party game delivers accessible fun with prehistoric charm and humor straight from the m...",https://images.launchbox-app.com/146079a1-0713-4adb-b7de-5069e27f1d6a.jpg
The Deer God,2017-02-09,,,Platformer,"Experience a mesmerizing journey of reincarnation and karma in this atmospheric 3D pixel art platformer. Reborn as a fawn, you must survive in a dangerous wilderness filled with predators, environmental hazards, and mystical challenges. Explore procedurally generated forests, solve puzzles using unique abilities gained through transformation, and face moral choices that shape your journey. Battle bosses, discover secrets, and unlock new animal forms as you seek to break the cycle of rebirth. With stunning voxel graphics, a hauntingly beautiful soundtrack, and gameplay that blends survival, exploration, and spiritual themes, The Deer God offers a distinctive adventure where every action ca...",https://images.launchbox-app.com/31a9d65f-a9d4-4442-8c67-b35a9b82cf82.jpg
The Fall,2014-12-26,,,Adventure,"Take control of ARID, an AI onboard a combat suit whose unconscious pilot is critically injured. With your directives normally locked behind strict protocol, you can only act to preserve human life - and to do that, you'll need to explore a dark, mysterious facility and solve intricate puzzles. Combine adventure game logic with action sequences as you navigate this atmospheric sci-fi thriller. Question the nature of consciousness and the boundaries of artificial intelligence as ARID's rigid programming conflicts with the desperate need to save its human charge.",https://images.launchbox-app.com/a584866b-4203-4d53-b68e-450227f9fbfa.jpg
The Girl and the Robot,,,,Puzzle-Platformer,"Guide a young girl and her mechanical companion through a mysterious castle in this charming puzzle-platformer. Switch between controlling the agile girl and the powerful robot to solve intricate environmental puzzles and overcome obstacles. The girl can slip through tight spaces and interact with delicate mechanisms, while the robot provides brute strength to move heavy objects and combat enemies. Work together to escape the castle's dangers, utilizing each character's unique abilities in creative ways. Beautiful art direction and an enchanting atmosphere bring this fairy tale-inspired adventure to life as you unravel the mystery of their unlikely partnership.",https://images.launchbox-app.com/c6542deb-205e-4bc2-a01f-c5ff616a597e.jpg
The Legend of Zelda - Hyrule Historia,,,,,,
The Legend of Zelda: Breath of the Wild,2017-03-03,4.59,96,Action Adventure,"The Legend of Zelda: Breath of the Wild is an action-adventure game developed and published by Nintendo. An entry in the long running The Legend of Zelda series, it was released for the Nintendo Switch and Wii U consoles on March 3, 2017. Breath of the Wild is set at the end of the series' timeline; the player controls Link, who awakens from a hundred-year slumber to defeat Calamity Ganon before it can destroy the kingdom of Hyrule.",https://images.launchbox-app.com/7c314bd0-e447-4961-aba4-49808ed62616.jpg
The Legend of Zelda: The Wind Waker HD,2013-09-20,4.47,90,Action Adventure,"The Legend of Zelda: The Wind Waker is a 2002 action-adventure game developed and published by Nintendo for the GameCube. The tenth instalment in The Legend of Zelda series, The Wind Waker is set on a group of islands in a vast sea, a departure for the series. It follows series protagonist Link as he attempts to save his sister from the sorcerer Ganon and becomes embroiled in a struggle for the Triforce, a sacred wish-granting relic. Aided by allies including pirate captain Tetra—an incarnation of Princess Zelda—and a talking boat named the King of Red Lions, Link sails the ocean, explores islands, and traverses dungeons to acquire the power necessary to defeat Ganon.",https://images.launchbox-app.com/b31278c9-b183-48fa-83d6-55447c1c34fe.jpg
The Legend of Zelda: Twilight Princess HD,2016-03-04,4.38,86,Action Adventure,"The Legend of Zelda: Twilight Princess HD is an action-adventure game in Nintendo's The Legend of Zelda series for the Wii U home video game console. A high-definition remaster of The Legend of Zelda: Twilight Princess, originally released for the GameCube and Wii in 2006, was released on March 4, 2016. The game was co-developed by Tantalus and Nintendo Entertainment Planning & Development and published by Nintendo, and features enhanced graphics and Amiibo functionality. The release of the game marked the ten-year anniversary of the international release of the original, and was the second game in the series released on the Wii U.",https://images.launchbox-app.com/b5b3cdf8-a113-443a-8e19-2d47d6d3b552.jpg
The LEGO Movie Videogame,2014-02-07,3.72,68,Action Adventure,"The Lego Movie Videogame is a Lego-themed action-adventure video game developed by TT Fusion. It follows the plot of the animated film The Lego Movie. The game was published by Warner Bros. Interactive Entertainment and released alongside the film in 2014 for Microsoft Windows, Nintendo 3DS, PlayStation 3, PlayStation 4, PlayStation Vita, Wii U, Xbox 360, and Xbox One, and on 16 October 2014 for Mac OS X by Feral Interactive.",https://images.launchbox-app.com/27a231dc-ab06-4c02-b3ed-4160ff4960e0.jpg
The Letter,2014-07-03,,,Horror,"Experience pure terror in this first-person horror adventure where you explore an abandoned mansion filled with supernatural dread. Armed only with a flashlight, you must uncover the dark secrets hidden within the estate's cursed walls. The game builds tension through atmospheric exploration, jump scares, and psychological horror as you piece together the mystery of what happened to the mansion's former residents. With its focus on creating a genuinely frightening experience, The Letter challenges you to confront your fears while searching for clues and trying to survive encounters with malevolent spirits. Will you uncover the truth, or become another victim of the mansion's terrible curse?",https://images.launchbox-app.com/72f643d7-9805-4d22-ba27-03c9817141dd.png
The Mysterious Cities of Gold Secret Paths,2013-11-21,,,Puzzle/Adventure,"Based on the animated series, this puzzle-adventure follows Esteban, Zia, and Tao on their quest to find the legendary City of Gold in China. Switch between the three children to use their unique abilities: Esteban unlocks mechanisms with sun power, Zia slips through narrow spaces, and Tao decrypts ancient Mu language while commanding his parrot Pichu. Navigate through levels filled with environmental puzzles and stealth sequences, avoiding guards as you uncover the secrets of lost civilizations. Perfect for families and fans of the classic show. Sources: - [The Mysterious Cities of Gold: Secret Paths Review (Wii U eShop) | Nintendo Life](https://www.nintendolife.com/reviews/wiiu-eshop/myst",https://images.launchbox-app.com/74cfd2b1-2278-4cbf-828d-8b48c8af7163.jpg
The Peanuts Movie - Snoopy's Grand Adventure,2015-11-03,,,Platformer,"Join Snoopy and the Peanuts gang on a whimsical side-scrolling adventure inspired by the beloved movie. Play as Snoopy and explore colorful environments filled with platforming challenges, hidden collectibles, and light puzzle-solving. Transform into Snoopy's imaginative alter-egos including the Flying Ace, Joe Cool, and the Astronaut, each with unique abilities that help you navigate obstacles and defeat enemies. Search for the missing Beagle Scouts across diverse worlds, from mysterious forests to ancient temples.",
The Rivers of Alice,2015,,,Adventure,"Enter the dreamlike world of Alice's subconscious in this surreal point-and-click adventure. Guide young Alice through a series of hand-painted landscapes filled with puzzles that represent her deepest fears and anxieties. Each chapter introduces memorable characters and symbolic challenges that must be solved to help Alice overcome her inner demons. The game combines stunning watercolor-style artwork with an evocative soundtrack to create a meditative, atmospheric experience. Use simple touch controls to explore ethereal environments, collect items, and interact with the strange inhabitants of Alice's mind.",https://images.launchbox-app.com/a892eae7-f122-46f2-9325-fca6509bff67.jpg
The Smurfs 2,2013-07-23,,,Platformer,"Join the Smurfs in this family-friendly platformer adventure inspired by the animated film. Play as a Smurf and traverse through enchanting environments from Paris to the magical Smurf Village, using unique abilities to overcome obstacles and enemies. The game features cooperative gameplay where players can team up locally, utilizing the Wii U GamePad for asymmetric multiplayer experiences. Navigate colorful 3D levels filled with collectibles, solve environmental puzzles, and face off against the evil wizard Gargamel and his schemes.",https://images.launchbox-app.com/bb1b57e2-ca37-4011-9332-2af626e839fd.jpg
The Stonecutter,2015-06-04,,,Interactive Storybook / Visual Novel,"Based on a classic Chinese folk tale, The Stonecutter tells the story of a poor stonecutter who envies those above him in the social hierarchy. A spirit grants his wishes to become wealthier and more powerful, but satisfaction remains elusive. This interactive storybook features multiple story paths and endings where players make choices that determine the stonecutter's fate. A brief morality tale exploring themes of contentment, envy, and the consequences of never being satisfied with what you have.",https://images.launchbox-app.com/bcde15db-4d72-4b94-9723-7f2d506a38e4.png
The Swapper,2016-11-17,,,Puzzle,"Navigate a derelict space station in this atmospheric puzzle-platformer where you wield a device that creates clones and swaps consciousness between them. Solve mind-bending puzzles by positioning up to four clones simultaneously, then transfer your awareness to navigate hazards and reach seemingly impossible areas. The station's mysterious rock formations seem to defy explanation, and scattered logs hint at the fate of the crew. With its haunting clay-modeled visuals, moody soundtrack, and philosophical narrative exploring themes of identity and consciousness, The Swapper delivers a cerebral sci-fi experience that challenges both your puzzle-solving skills and your perception of self.",https://images.launchbox-app.com/01a6955b-b8a3-47ae-982e-4f1bb10b6218.jpg
The Swindle,2015-12-15,,,Action,"Break into buildings, hack computers, and steal cash in this steampunk heist game where every decision counts. You're a master thief with just 100 days to pull off the ultimate score: hacking Scotland Yard's omniscient surveillance system before it goes online. Each randomly generated building presents unique challenges—disable security systems, avoid guards and robots, grab the loot, and escape before the police arrive. Permanent death means losing everything, but the money you steal funds crucial upgrades like better hacking tools, stronger bombs, and enhanced mobility.",https://images.launchbox-app.com/7bd59ef9-63ae-44f4-aa96-5a09ba338661.png
The Voice - I Want You,2014-11-21,,,Music,"Step into the spotlight with The Voice - I Want You, the official game based on the hit TV singing competition. Perform popular songs across multiple genres while the iconic coaches evaluate your vocal performance using the Wii U GamePad's microphone. Experience the authentic show format as you progress through blind auditions, battle rounds, and live performances, aiming to impress coaches and win their support. The game features motion controls for stage presence, multiplayer modes for competitive singing battles, and a track list spanning contemporary hits and classic favorites. Whether singing solo or competing with friends, prove you have what it takes to be the next Voice champion.",
The Walking Dead - Survival Instinct,2013-03-19,,,First-Person Shooter,"Step into the boots of Daryl Dixon in this first-person action game set in the early days of the zombie apocalypse. Before the events of the TV series, survive your way across the undead-infested Georgia countryside alongside your brother Merle. Scavenge for supplies, manage limited resources, and choose your path through a desperate journey to Atlanta. Every decision matters as you decide whether to help survivors or leave them behind, fight walkers or slip past undetected, and ration fuel and ammunition for the dangers ahead. The GamePad displays your inventory and map for quick tactical decisions.",
The Wonderful 101,2013-09-15,4.12,78,Action,"The Wonderful 101 is an action-adventure game developed by PlatinumGames and published by Nintendo for the Wii U. The game was directed by Hideki Kamiyaand produced by Atsushi Inaba; the pair also worked together on the Viewtiful Joe series and Ōkami. It was released in August 2013 in all major regions except North America, where it released the following month.",https://images.launchbox-app.com/7420e0c3-7ded-4776-ac9b-794d8f3773db.jpg
Thomas Was Alone,2016-05-19,,,Puzzle-Platformer,"Guide a cast of sentient AI rectangles through a minimalist platforming adventure where friendship shapes everything. Each character possesses unique abilities—from Thomas's balanced jumps to Claire's floating prowess—requiring clever cooperation to navigate increasingly complex puzzle chambers. The brilliant narration by Danny Wallace brings unexpected warmth and personality to simple geometric shapes, transforming abstract blocks into genuinely compelling characters with hopes, fears, and relationships.",https://images.launchbox-app.com/89702587-d15d-445c-b52b-72e2a292d8e6.png
Titans Tower,2016-09-22,,,Action/Arcade,"Jump between the walls of a castle tower, grabbing loot and dodging spikes as you ascend. Catch power-ups to enhance your climb while racking up the highest score possible. This fast-paced vertical climber demands quick reflexes and sharp timing as obstacles appear in your path. Alternate between walls, snag coins, and push for new records in this arcade-style score-chaser from RCMADIAX. Sources: - [Nintendo Life - TITANS TOWER (2016) | Wii U eShop Game](https://www.nintendolife.com/games/wiiu-eshop/titans_tower) - [HonestGamers - Titan's Tower (Wii U) Review](https://www.honestgamers.com/13462/wii-u/titans-tower/review.html) - [GameFAQs - Titan's Tower Release Information](https://gamefaqs",https://images.launchbox-app.com/5653e003-303c-48e3-8dee-a38f37a7ed0a.png
Tnt Racers,2013,,,Racing,"TNT Racers delivers explosive top-down racing action where victory demands more than just speed. Race through vibrant tracks while dropping mines, launching missiles, and using power-ups to blast opponents off the screen. The unique elimination mechanic keeps the tension high—fall too far behind and you're out of the race. Compete across multiple game modes including Championship, Time Trial, and the chaotic Survival mode where only one racer can claim victory. With local multiplayer support for up to four players, TNT Racers transforms your living room into a battle arena on wheels.",https://images.launchbox-app.com/46ed1475-c6df-4edd-ba4b-cf143d505a1d.jpg
Toby the Secret Mine,2017-01-19,,,Puzzle-Platformer,"Navigate a dark and atmospheric world as Toby in this haunting puzzle-platformer adventure. Traverse dangerous environments filled with deadly traps, solve intricate puzzles, and overcome challenging obstacles to rescue kidnapped friends from a mysterious kidnapper. The minimalist art style creates an eerie, shadowy world where every step could be your last. Use stealth, timing, and clever problem-solving to progress through increasingly complex levels. With physics-based puzzles, environmental hazards, and a somber atmosphere reminiscent of LIMBO and INSIDE, this indie gem challenges both your reflexes and your mind as you uncover the secrets of a sinister mine.",https://images.launchbox-app.com/71681dac-6756-45fa-b6c0-2b4038f8428a.jpg
Toki Tori,2013-11-07,3.69,,Puzzle,"Toki Tori is a puzzle video game with platform elements originally released by Capcom in September 2001 for the Game Boy Color. It was developed by Dutch video game development company Two Tribes B.V.and is their first published video game. The game follows a young chick, Toki Tori, and his quest to rescue his younger siblings, still in their eggs. To progress through the game, the player must pick up each egg on a level using a set number of tools, with new tools being introduced as the player progresses through the four worlds. This usually involves careful planning and creative thinking.",https://images.launchbox-app.com/4b064e2c-c018-4550-9800-0500a014c3d4.jpg
Toki Tori 2+,2013-04-04,3.92,76,Puzzle,"Toki Tori 2 is a puzzle platform game, developed by Dutch video game development company Two Tribes. It is the sequel to the 2001 game Toki Tori. The game was originally announced in December 2011 with an intended release for Spring 2012 for Steam and iOS devices (and was later announced as a Wii U game), but the game was pushed back due to longer than expected development times. The game was released on April 4, 2013 for Wii U and on July 11, 2013 on Steam for Windows and for Mac OS X.",https://images.launchbox-app.com/e40720d1-6e45-4dfa-b2a7-a90856d91d90.jpg
Tokyo Mirage Sessions #FE,2016-06-24,3.79,80,Role-Playing,"Tokyo Mirage Sessions ♯FE (formerly known as Shin Megami Tensei x Fire Emblem) is a 2015 crossover role-playing video game developed by Atlus and Nintendo ERD and published by Nintendo for the Wii U home console. The game combines gameplay, narrative and aesthetic elements from Atlus' Shin Megami Tensei and Nintendo's Fire Emblem series. It was released in Japan in December 2015, and worldwide in June 2016.",https://images.launchbox-app.com/172605f2-11e1-41c1-b4cf-82249754280d.jpg
Toto Temple Deluxe,2015,,,Action,"Toto Temple Deluxe is a frantic local multiplayer action game where up to four players compete to control a single goat and score points by holding onto it. The longer you possess the goat, the more points you rack up, but your opponents will stop at nothing to steal it away. Dash, bounce, and leap through colorful arenas filled with hazards and power-ups as matches descend into hilarious chaos. The simple controls make it easy to jump in, but mastering the physics-based movement and timing your attacks takes skill. With multiple game modes including King of the Hill variants and party modes, Toto Temple Deluxe delivers fast-paced couch competition perfect for game nights.",https://images.launchbox-app.com/482a46b3-dd88-4f97-aa2c-e57ea3f7da8a.jpg
Touch Selections,2016-09-08,,,Puzzle / Arcade,"Touch Selections bundles two GamePad touchscreen games: Peg Solitaire and Avoider. In Peg Solitaire, solve 14 puzzle boards by jumping pegs to remove them, aiming to leave only one remaining. Each board presents a uniquely shaped challenge testing strategic thinking. Avoider offers fast-paced arcade action where you guide a white triangle across the screen to dodge incoming pink triangles from all directions. Both games utilize simple touch controls designed for quick play sessions on the Wii U GamePad. Sources: - [TOUCH SELECTIONS for Wii U - Nintendo Game Details](https://www.nintendo.com/games/detail/touch-selections-wii-u/) - [TOUCH SELECTIONS Review (Wii U eShop) | Nintendo Life](https",https://images.launchbox-app.com/4a712187-004e-474a-927e-5482d8323a79.png
Transformers Prime,2012-10-30,,,Action,"Join the Autobots in their battle against the Decepticons in this third-person action brawler based on the hit animated series. Play as Optimus Prime, Bumblebee, Arcee, Autobot Ratchet, and Bulkhead as you fight to protect Earth from Megatron's forces. Engage in intense combat using each character's unique weapons and special abilities - unleash Optimus Prime's Ion Blaster, strike with Arcee's speed and agility, or deploy Bumblebee's electric stingers. Battle through multiple environments from the show, facing off against powerful Decepticons in arena-style combat. Master devastating combo attacks and special moves to defeat waves of enemies.",https://images.launchbox-app.com/e70168d7-2ff3-447f-b604-e717ad3d1d34.jpg
Transformers Rise of the Dark Spark,2014-06-24,,,Action,"Battle as Autobots and Decepticons across two parallel storylines in this third-person shooter that bridges the gap between the Cybertron games and the Michael Bay films. Switch between over 40 playable characters including Optimus Prime, Bumblebee, and Megatron as you fight for control of the Dark Spark, an ancient artifact with reality-altering power. Engage in intense combat using each Transformer's unique weapons and abilities, from devastating melee attacks to long-range firepower. Experience the war for Cybertron through multiple perspectives, making crucial decisions that affect the story's outcome.",https://images.launchbox-app.com/5f278d7b-9013-45ad-82e2-1740d86ec8de.jpg
Tri-Strip,,3.28,,,,https://images.launchbox-app.com/0dd9d2de-7a9c-43bf-902c-a8edff550993.jpg
Trine - Enchanted Edition,2015-11-20,,,Puzzle-Platformer,"Guide three unlikely heroes through a beautiful fantasy world filled with physics-based puzzles and combat. Play as Amadeus the Wizard, Pontius the Knight, and Zoya the Thief, each with unique abilities that must work together to overcome obstacles. Conjure boxes and planks, deflect fireballs with your shield, or fire arrows through distant foes. The game's innovative three-character system lets you switch heroes instantly or team up with friends in online and local co-op. Solve environmental puzzles using creative combinations of magic, strength, and agility while battling goblin armies and enormous bosses.",
Trine 2: Director's Cut,2012-11-18,3.82,84,Action,"The Trine 2: Director's Cut edition, released at first only for Nintendo's Wii U console, features the original game with the Goblin Menace expansion, alongside the enhanced controls that take advantage of the GamePad controller, as well as an exclusive level called the ""Dwarven Caverns"". A multiplayer mode called Magic Mayhem was in development at one point but was later scrapped in favor of more focus on the Dwarven Caverns level. Director's Cut edition also features a flexible control scheme, especially for the game's multiplayer mode which is both local and online, where players can, alongside the GamePad, use Wii Remotes, Nunchuks, Wii U Pro Controllers, and even the original Wii Cla...",https://images.launchbox-app.com/3106d156-e0a6-445a-a968-746ef91a433b.png
Triple Breakout,2017-05-04,,,Action/Puzzle,"Triple Breakout combines classic Breakout and Pong mechanics into a competitive arcade experience. Control a paddle to deflect balls horizontally across the screen, scoring points by destroying center blocks while trying to send the ball past your opponent's goal. Blocks alter ball direction and speed, awarding points to the last player who struck them. Classic power-ups modify paddle size and introduce multiple balls. Face off against AI opponents or chase high scores in solo mode across quick, arcade-style sessions. Sources: - [Triple Breakout for Wii U - GameFAQs](https://gamefaqs.gamespot.com/wii-u/208874-triple-breakout) - [Triple Breakout (2017) | Wii U eShop Game | Nintendo Life](htt",https://images.launchbox-app.com/b82fc475-6c27-4a57-a557-f729f30bcbb6.jpg
Tumblestone,2016-07-12,,,Puzzle,"Tumblestone revolutionizes the match-3 genre by requiring careful planning and strategic thinking. Unlike traditional match-3 games where you can usually find a move, Tumblestone's puzzles have only one solution, demanding precise execution. Clear the board by matching three or more blocks of the same color, but think ahead—the wrong move means starting over. Features an extensive Story Mode with over 360 unique puzzles across diverse environments, plus competitive multiplayer modes for up to four players. Master dozens of gameplay modifiers that dramatically change your approach, from gravity shifts to new block types.",https://images.launchbox-app.com/c1d2b9da-81d1-4f82-a48a-07294ff3d0f4.jpg
Turbo Super Stunt Squad,2013-11-18,,,Racing,"Race through vibrant tracks as your favorite characters from the Turbo animated film in this action-packed kart racer. Master spectacular stunts, power-slide around corners, and unleash special abilities unique to each snail racer. Compete across diverse environments from the movie, performing gravity-defying tricks and building boost combos to leave opponents in the dust. Multiple game modes let you tackle time trials, compete in tournaments, or challenge friends in split-screen multiplayer. The stunt system rewards creativity and risk-taking, letting you chain together flips, spins, and wall-rides for massive speed boosts.",https://images.launchbox-app.com/196b70ab-65aa-4741-948b-b4acb4504d99.png
Turtle Tale,2014-10-09,,,Platformer,"Control Shelldon the turtle as Turtle Island falls under siege by Captain O'Haire and his monkey pirate army. Armed with a water gun, blast enemies and collect 100 fruits across 15 colorful 2D platforming levels spanning five unique areas. Navigate simple controls through the first quest, then unlock a harder second playthrough with limited hearts by gathering all collectibles. This budget-friendly eShop title features HD visuals optimized for Wii U, delivering classic side-scrolling action with straightforward gameplay and vibrant graphics. Sources: - [Turtle Tale for Wii U - Nintendo Game Details](https://www.nintendo.com/games/detail/turtle-tale-wii-u/) - [Turtle Tale (Wii U eShop)- Revi",https://images.launchbox-app.com/4512597c-7767-486a-aec4-bf9ebf30bb9b.jpg
Twin Robots,2016,,,Puzzle-Platformer,"Guide two robots through a series of challenging puzzle-platforming stages in this unique cooperative experience that you can play solo or with a friend. The twist? One robot is trapped in a cage and running out of energy, while the other must navigate dangerous obstacles to collect energy orbs and share them to keep both robots alive. Switch between the two characters to solve environmental puzzles, avoid deadly hazards, and work together across 28 levels of increasing difficulty. With its distinctive energy-sharing mechanic and charming visual style, Twin Robots offers a fresh take on cooperative puzzle-platforming that demands careful planning and precise timing.",https://images.launchbox-app.com/1462c4f9-47aa-4724-8d77-5825fc1380ea.png
Typoman,2015-11-19,,,Puzzle-Platformer,"Typoman is a dark atmospheric puzzle-platformer where you control a hero crafted from letters, navigating a hostile world dominated by an evil power. The core mechanic revolves around crafting words to alter your environment and solve intricate puzzles - rearrange letters to create words like ""ON"" to activate machinery, or ""UP"" to raise platforms. The game combines challenging platforming with clever wordplay puzzles that require both linguistic creativity and logical thinking. As you journey through the dystopian landscape, you'll craft, push, and manipulate letters to overcome obstacles, defeat enemies, and uncover the narrative.",https://images.launchbox-app.com/e90ae28a-dfde-4202-adc7-bcd00096c774.jpg
U Host,2016-03-03,,,Party/Trivia,"Host your own customizable game show with up to four players or teams competing as contestants. Leveraging the Wii U GamePad as your control hub, choose from over 1,000 questions across 10 categories or create your own with the built-in question creator. Features multiple pre-set game show modes and 20+ mini-games to keep the party entertaining. The GamePad serves as the host's second screen for managing questions, scoring, and gameplay while contestants answer on-screen. Perfect for family gatherings or party nights where you control the action. Sources: - [U Host Review (Wii U eShop) | Nintendo Life](https://www.nintendolife.com/reviews/wiiu-eshop/u_host) - [U Host (2016) | Wii U eShop Ga",https://images.launchbox-app.com/a3c8ca20-8cb1-487a-b2e4-90c359b5d71b.png
Ultratron,2015,,,Action,"Ultratron is a frantic twin-stick shooter set in a neon-drenched robot apocalypse. Battle through endless waves of increasingly hostile machines as you fight to become the last sentient being in the universe. Upgrade your weapons, shields, and abilities between rounds using collected loot. The game features supremely tight controls, explosive particle effects, and a pulsing synthwave soundtrack that drives the relentless action. Each run offers procedurally-varied enemy patterns and strategic upgrade choices. Master bullet-hell dodging while unleashing devastating firepower across minimalist arenas filled with deadly geometric foes. Pure arcade intensity with modern roguelike progression.",https://images.launchbox-app.com/383a50eb-3f9e-4680-bc7a-82a2e7e076bb.png
Unalive,2018-04-26,,,Action Roguelike,"Navigate randomly generated laboratory rooms as a victim of a terrible experiment. This action roguelike features permadeath, demanding precision and quick thinking with only one life to survive. Collect unique items to enhance your abilities, overcome deadly traps, and defeat challenging bosses. Each playthrough offers random skill items, unpredictable room layouts, and varied boss encounters in this dark, atmospheric adventure through a secret facility where death means starting over. Sources: - [Unalive (2018) | Wii U eShop Game | Nintendo Life](https://www.nintendolife.com/games/wiiu-eshop/unalive) - [Unalive for Wii U Reviews](https://www.metacritic.com/game/unalive/) - [Unalive (2018)",https://images.launchbox-app.com/66e91bbd-bfae-4fae-bfa5-01e08dc6f4b1.jpg
Underground,2015-01-08,,,Puzzle,"Guide young Sari and her robot butler Sw4nk through treacherous underground caverns in this unique puzzle game. When Sari's father banishes Sw4nk to the mines, she defies his orders to rescue her mechanical friend. Navigate challenging environments using precision controls designed to teach laparoscopic surgery skills. Solve intricate puzzles while uncovering a heartwarming story of friendship and determination. Features optional specialized controller support that mimics surgical instruments, blending entertainment with genuine medical training applications. Sources: - [Underground (2015) | Wii U eShop Game | Nintendo Life](https://www.nintendolife.com/games/wiiu-eshop/underground) - [Unde",https://images.launchbox-app.com/f71c5f2c-07dc-4ebe-926f-68ed1536258b.jpg
Unepic,2014-01-16,4.03,72,Action,"Unepic (stylized as UnEpic) is a video game which was released on September 30, 2011. The game was developed in Barcelona, Spain by Francisco Tellez de Meneses and various collaborators.",https://images.launchbox-app.com/7540f62c-5f19-4007-9a80-a319ae152245.jpg
Use Your Words,2017-04-07,,,Party,"Use Your Words is a hilarious party game that transforms your smartphone into a controller for creative comedic chaos. Compete with friends by writing witty captions for bizarre photos, filling in dialogue for obscure foreign films, crafting answers to absurd survey questions, and completing other laugh-out-loud prompts. The game shines in local multiplayer sessions where quick thinking and sharp humor reign supreme. Each round presents fresh opportunities to outsmart and out-funny your opponents as everyone votes on the best responses. Whether you're captioning a confused cat or dubbing a vintage instructional video, the humor comes from your own creativity rather than pre-written jokes.",https://images.launchbox-app.com/3f5590e9-8af5-4a21-af71-b29afe1d5044.jpg
Vektor Wars,2016-07-28,,,First-Person Shooter,"Command a Space Ranger in this neon-drenched first-person shooter inspired by 80s arcade classics like Battlezone and Robotron. Battle through nine unique zones to destroy robot armies and rescue the Robodudes. Features multiple game modes including Arcade (three lives against endless waves), Deadline (five-minute chaos), Sequence (two minutes per zone), and Survival (one life, increasing pressure). Dual-stick controls deliver fast-paced action wrapped in retro-futuristic visuals that celebrate the cyberpunk aesthetic of the 1980s. Sources: - [Vektor Wars Review (Wii U eShop) | Nintendo Life](https://www.nintendolife.com/reviews/wiiu-eshop/vektor_wars) - [Vektor Wars for Wii U - GameFAQs](h",https://images.launchbox-app.com/0b7196f8-5326-4c50-a9fd-23864cfd8671.png
VoxelMaker,2016-09-15,,,Creative/Sandbox,"VoxelMaker transforms the Wii U GamePad into a powerful 3D creation studio, letting you build voxel-based worlds block by block. Design intricate structures, sculpt detailed characters, or craft entire environments using an intuitive touch-based interface. The game features a robust toolset including symmetry modes, color palettes, and geometric shapes to speed up your creative process. Share your creations with the Miiverse community or export them as QR codes for others to scan and import. Whether you're building pixel art, architectural marvels, or abstract sculptures, VoxelMaker provides the perfect canvas for 3D artistic expression on Nintendo's dual-screen console.",https://images.launchbox-app.com/a09311b9-a3aa-48e7-9f55-bde675555eb5.png
Vrog,2016-10-06,,,Action,"Play as a frog in your favorite pond, leaping across lily pads to catch insects and beat high scores in this unique virtual reality experience. Using the GamePad's gyroscope, look around by turning the controller and hop to lily pads or catch bugs simply by looking at them—no buttons required. Avoid dangerous wasps and a hungry stork in Arcade and Survival modes, while collecting special insects that grant abilities like slowed time and night vision. With child-friendly design and innovative motion controls, VRog offers accessible VR gameplay for all ages.",https://images.launchbox-app.com/46d4d143-3dc2-4228-a698-17c0696bb3a7.jpg
Völgarr the Viking,2014,,,Action,"Völgarr the Viking is a brutally challenging 2D action platformer that pays homage to classic arcade games of the 1980s. As the undead warrior Völgarr, summoned by Odin to defeat an evil dragon, you must battle through seven perilous worlds filled with mythological monsters, deadly traps, and environmental hazards. Master precise controls and timing as you wield your sword and spear against relentless enemies. The game features no checkpoints within levels, demanding perfection and memorization. Unlock power-ups like the flaming sword and double-jump ability to reach secret paths and hidden treasure chests.",https://images.launchbox-app.com/7b87a159-c6a7-419c-9bf8-673a7ba50e89.png
Warriors Orochi 3 Hyper,2012-11-18,4.06,64,Action,"The Wii U port of the game, Warriors Orochi 3: Hyper (Musou Orochi 2: Hyper in Japan) was announced at the 2012 Tokyo Game Show as one of the launch titles for the console. Unlike past releases, this port launched outside Japan first. Hyper features a new multiplayer mode called ""Duel Mode"" in which players battle enemies using three-man teams. Players will also have the option to play the game using a Wii U Pro Controller or the Wii U GamePad. The GamePad can be used to display an expanded mini-map. Local co-op includes an option that allows each player to have a full screen to play on, with one player using the TV screen while the other uses the GamePad's screen.",https://images.launchbox-app.com/347d5551-72d4-4eb5-acbc-80ec92546a1b.jpg
Watch Dogs,2014-11-18,3.79,62,Action Adventure,"Watch Dogs is an action-adventure video game developed by Ubisoft Montreal and published by Ubisoft. It was released worldwide on May 27, 2014 for Microsoft Windows, PlayStation 3, PlayStation 4, Xbox 360, and Xbox One. A Wii U version was released in November 2014. Set in a fictionalized, free-roam, open world version of Chicago, the single-player story follows hacker Aiden Pearce's search for revenge after the killing of his niece. The game is played from a third-person perspective, and the world is navigated on foot or by vehicle. An online multiplayer mode allows up to eight players to engage in cooperative and competitive gameplay.",https://images.launchbox-app.com/1f3840bb-dfa8-45ac-8141-595a6ea54851.jpg
Wheel of Fortune,2012-11-18,,,Trivia,"Spin the iconic wheel and solve word puzzles in this digital adaptation of television's longest-running game show. Test your vocabulary and luck as you compete against friends or AI opponents to solve clever phrases and win virtual prizes. The Wii U GamePad displays your personal rack of letters while keeping your guesses hidden from competitors, creating an authentic experience that captures the excitement of the TV show. Call out consonants, buy vowels, and race to solve puzzles across multiple rounds. Features classic gameplay modes, thousands of puzzles spanning various categories, and the nail-biting tension of landing on Bankrupt or hitting the coveted $1 Million wedge.",
Whispering Willows,2016-07-07,,,Adventure,"Guide Elena Elkhorn through a haunted mansion as she searches for her missing father in this atmospheric horror adventure. Using a mystical amulet inherited from your shaman ancestors, separate your spirit from your body to explore beyond physical barriers, communicate with tormented souls, and uncover dark secrets from the past. Solve environmental puzzles by switching between physical and spirit form, each offering unique abilities and perspectives. The hand-drawn art style brings eerie beauty to abandoned corridors and overgrown grounds, while the spirits you encounter reveal tragic stories tied to the mansion's grim history.",https://images.launchbox-app.com/743f28af-05fa-4b01-a768-7c8b5cdcc6ae.png
Wii Fit U,2014-01-10,3.89,72,Miscellaneous,"Wii Fit U is an exergaming video game developed by Nintendo for the Wii Uconsole, and is the successor to the Wii games Wii Fit and Wii Fit Plus. Wii Fit U utilizes both the Wii Balance Board and the Wii U GamePad in gameplay, and is bundled with the newly introduced Fit Meter, an activity meter accessory. It was released in Japan on October 31, 2013, followed by North America and Europe one day later.",https://images.launchbox-app.com/3c9ef282-8cd0-4776-bda3-d08955c24feb.jpg
Wii Fit U (Free),2013-11-01,,,Fitness,"Step onto the Wii U Balance Board and transform your living room into a personal fitness center. This free trial version of Wii Fit U lets you explore a selection of exercises and activities designed to improve balance, strength, and aerobic conditioning. Track your progress with the Fit Meter accessory, which monitors your daily activity even when you're away from the console. Choose from yoga poses, strength training exercises, balance games, and aerobic activities, all guided by a virtual trainer who adapts to your fitness level. The GamePad displays detailed feedback and progress charts, helping you set goals and stay motivated as you work toward a healthier lifestyle.",
Wii Party U,2013-10-25,3.56,65,Miscellaneous,"Wii Party U is a party video game from Nintendo for the Wii U. It was announced in a January 2013 Nintendo Direct, and later detailed at E3 2013 and the October 2013 Nintendo Direct. It is the sequel to the 2010 Wii game, Wii Party.",https://images.launchbox-app.com/0823b183-d47d-4cfe-bd04-705bc0a77b3f.jpg
Wii Sports Club,2014-07-25,3.55,68,Sports,"Wii Sports Club is a sports video game from Nintendo released as downloadable software for the Wii U. It consists of HD remakes of the individual sports from the 2006 Wii launch title, Wii Sports, which can be purchased individually or rented for a period of time. The first set of sports, bowling and tennis, were released in Japan on 30 October 2013, in Europe and North America on 7 November 2013, and in Australia and New Zealand on 8 November 2013. Golf was later released following a Nintendo Direct presentation on 18 December 2013. Baseball and Boxing were released at the end of June 2014.",https://images.launchbox-app.com/be8771c7-0051-426e-b607-115184d73792.jpg
Wind-Up Knight 2,,,,Platformer,"Wind-Up Knight 2 is a challenging 3D auto-running platformer where you control a mechanical knight navigating treacherous obstacle courses. Master precise timing as your character automatically sprints forward through beautifully crafted levels filled with deadly traps, enemies, and hazards. Jump, roll, slash, and shield your way through increasingly complex challenges that demand split-second decision-making. The game features responsive one-touch controls that belie its deep mechanical complexity, requiring players to memorize patterns and execute perfect runs.",https://images.launchbox-app.com/0c82d35b-4810-40f3-9e1d-643006004af3.jpg
Wipeout 3,2012-11-17,,,Action & Adventure,"Based on ABC's hit game show, Wipeout 3 challenges players to run, jump, duck and slide through 12 outrageous winter and summer obstacle courses from an over-the-shoulder perspective. Navigate iconic obstacles like Sweeper Arms and Big Balls while racing against the clock. Features Trap Attack mode where a GamePad player controls obstacles to sabotage up to four competitors using Wii Remotes. Includes split-screen multiplayer, team modes, instant replays, and off-TV play support. Sources: - [Wipeout 3 Review (Wii U) | Nintendo Life](https://www.nintendolife.com/reviews/wiiu/wipeout_3) - [Amazon.com: Wipeout 3 - Nintendo Wii U](https://www.amazon.com/Wipeout-3-Nintendo-Wii-U/dp/B009ETRAGA) -",https://images.launchbox-app.com/a3cb9c7d-17e1-4dc9-847c-314f41f84967.jpg
Wipeout Create & Crash,2013-11-05,,,Racing,"Race through fantastical obstacle courses inspired by the beloved animated franchise in this high-speed kart racer. Choose from fan-favorite characters and navigate wild, destructive tracks filled with massive wrecking balls, explosive hazards, and outrageous shortcuts. The game features both racing and creative modes - build your own chaotic courses using an intuitive track editor, then challenge friends to survive your devious designs. Master power-ups, execute daring stunts, and compete across varied environments from tropical islands to mechanical fortresses.",https://images.launchbox-app.com/c1e80a1c-1653-4f95-812f-2a09f8aa63c0.jpg
Woah Dave!,2014-10-09,,,Arcade,"Woah Dave! is a frantic arcade-style platformer that channels the spirit of classic single-screen arcade games. As Dave, you must survive increasingly chaotic waves of alien eggs and skull blocks that rain from the sky. Grab these hazards and hurl them at enemies before they hatch into more dangerous creatures. Every throw counts - toss eggs into the lava pits for coins, or use them as weapons against the bizarre alien menaces. The catch? Everything you don't deal with quickly becomes a bigger threat.",https://images.launchbox-app.com/98b3434f-f392-48f8-8057-d6dac43b94e1.png
Wooden Sen'SeY,2013,,,Action Platformer,"Take control of a powerful lumberjack warrior in this fast-paced 2D action platformer that blends martial arts combat with environmental destruction. Armed with your mighty Shinto axe-staff, dash through vibrant hand-drawn levels, smashing through obstacles and enemies with brutal efficiency. Master a unique combo system that rewards aggressive play, chaining together devastating attacks as you sprint, jump, and slide through each stage. Time your moves carefully to maximize your score multipliers while racing against the clock. Battle through forests, temples, and mystical landscapes with fluid animation and satisfying impact.",https://images.launchbox-app.com/91b915fb-013c-4e1b-868f-85222f8b10d3.jpg
Word Logic by Powgi,2016-08-18,,,Puzzle,"Six logic-based word puzzle types with 120 puzzles each. Includes Kriss Kross word-fitting grids, Ladders word-transformation chains, Crypto cryptogram quotes, Word Sudoku with letter placement, Gaps for deducing missing letters, and Wordsweeper inspired by Minesweeper. Touch screen controls let you place letters directly on the GamePad. Cross-buy with 3DS version included. 720 puzzles total focused on deduction and wordplay. Sources: - [Word Logic by POWGI (Wii U) - Christ Centered Gamer](https://www.christcenteredgamer.com/reviews/consoles/wii-u/word-logic-by-powgi-wii-u) - [Word Logic by POWGI Review - Nintendo Life](https://www.nintendolife.com/reviews/wiiu-eshop/word_logic_by_powgi) -",https://images.launchbox-app.com/ecbfd130-22dd-46ce-a696-f0b7bea0447c.jpg
Word Party,2015-11-12,,,Word Puzzle,"A word puzzle mini-game collection featuring 28 different challenges for up to five players. Test your vocabulary and spelling skills through word searches, crosswords, anagrams, and unique games like Spelling Bee, Space Blaster, and Word Factory. Play solo or compete with friends using the GamePad and Wii Remotes. Mini-games unlock progressively as you play, offering a variety of word-based challenges set in colorful themed environments with bees, robots, fish, spaceships and more. Perfect for families seeking educational entertainment. Sources: - [Word Party | Wii U download software | Games | Nintendo UK](https://www.nintendo.com/en-gb/Games/Wii-U-download-software/Word-Party-1066939.htm",https://images.launchbox-app.com/b3b5110f-5239-4647-8566-4df1de6257b6.jpg
Word Puzzles by Powgi,2016-02-11,,,Puzzle,"A collection of six classic word puzzle types with 480 challenges total. Solve Word Mazes by linking letters into continuous paths, search for hidden words in One Word grids, build vocabulary chains in Flowers, unscramble overlapping words in Circles, complete mini-crosswords in Crossovers, and untangle three-way anagrams in Mixups. Touch-screen controls make solving intuitive, while amiibo support generates special bonus puzzles. Each puzzle type offers 80 brain-teasing challenges ranging from relaxing to fiendishly difficult. Sources: - [Word Puzzles by POWGI for Wii U - Nintendo Game Details](https://www.nintendo.com/games/detail/word-puzzles-by-powgi-wii-u/) - [Word Puzzles by POWGI Rev",https://images.launchbox-app.com/d74167c4-1b59-46eb-a481-086f7fbccde5.png
Word Search by Powgi,2015-04-16,,,Puzzle,"A classic word search puzzle game featuring over 300 puzzles across 27 themed categories. Find hidden words in letter grids by selecting them with the GamePad's touch screen or Wii Remote. Supports up to five players for cooperative or competitive puzzle-solving. Play entirely on the GamePad without a TV. Each completed puzzle reveals a fun fact related to its theme. Simple, straightforward word-finding gameplay ideal for vocabulary practice and casual gaming sessions. Includes diverse categories ranging from animals and geography to pop culture and science. Sources: - [Word Search by POWGI (Wii U eShop)- Review – Seafoam Gaming](https://seafoamgaming.com/2015/05/16/word-search-by-powgi-wii",https://images.launchbox-app.com/4a967a65-8ff4-49d8-bef1-025c823ad3b6.png
Xenoblade Chronicles X,2015-12-04,4.35,84,Role-Playing,"Xenoblade Chronicles X is an open world action role-playing video game developed by Monolith Soft and published by Nintendo for the Wii U home video game console in 2015. Xenoblade Chronicles X forms part of the Xenometa series, being a spiritual successor to Xenoblade Chronicles without any narrative connections to prior Xeno titles. Carrying over several gameplay elements from Xenoblade Chronicles, players explore the open world planet Mira, completing a variety of quests and unlocking new regions to explore and gather resources from across Mira's five continents.",https://images.launchbox-app.com/64a5ba3e-acd8-4bea-a020-d1b9b7734d06.jpg
Xeodrifter,2015-09-01,,,Metroidvania,"Explore alien planets and blast your way through this retro-inspired sci-fi adventure. As a lone explorer searching for a mysterious power, you'll navigate procedurally-connected worlds, battle bizarre bosses, and upgrade your abilities to reach new areas. Xeodrifter delivers classic Metroidvania gameplay in a compact package, featuring pixel-perfect platforming, intense shoot-em-up action, and multiple planets to explore. Defeat massive guardians to collect valuable upgrades that enhance your weapon and movement abilities, then use your new powers to access previously unreachable locations.",
XType Plus,2014-07-31,,,Shoot 'Em Up,"A vertical shoot 'em up with twin-stick controls where you defend against endless waves of procedurally generated enemies. Features two game modes: Classic Mode offers zen-like survival gameplay, while Plus Mode adds faster movement, EMP bombs, and a time-based challenge where destroying bosses extends your survival counter. Each boss encounter is procedurally generated, ensuring no two battles are identical. Developed using HTML5 and the Nintendo Web Framework by PhobosLab. Sources: - [XType Plus Review (Wii U eShop) | Nintendo Life](https://www.nintendolife.com/reviews/wiiu-eshop/xtype_plus) - [XType Plus – an HTML5 Game for the Nintendo Wii U](https://phoboslab.org/log/2014/07/xtype-plus",https://images.launchbox-app.com/9e59de8d-655b-4784-b259-8368fb3b50f3.jpg
Year Walk,2016-09-22,,,Adventure,"Step into a haunting Swedish folklore experience where ancient myths come alive. This atmospheric first-person adventure challenges you to brave the mysterious ritual of Year Walking, venturing into a dark winter night to glimpse the future. Explore a beautifully eerie 2D landscape filled with cryptic puzzles, supernatural encounters, and deeply unsettling creatures drawn from Nordic mythology. Every interaction reveals fragments of forgotten traditions and strange phenomena. The minimalist art style and ambient soundscape create a uniquely disturbing atmosphere as you piece together the rules governing this otherworldly journey.",https://images.launchbox-app.com/722b9b66-38ad-4783-b337-633d3d8b0e52.jpg
Yoshi's Woolly World,2015-10-16,4.11,78,Action,"Yoshi's Woolly World is a side-scrolling platformer video game developed by Good-Feel and published by Nintendo for the Wii U. The game is the seventh main entry in the Yoshi series of games, the first home console title in the series since 1997's Yoshi's Story, as well as the spiritual successor to 2010's Kirby's Epic Yarn.The game was released worldwide throughout 2015. A port for the Nintendo 3DS, known as Poochy & Yoshi's Woolly World, was released worldwide in early 2017.",https://images.launchbox-app.com/9d11ecad-8240-4adf-ba4c-02753dad17ad.jpg
Your Shape - Fitness Evolved 2013,2012-11-18,,,Fitness,"Step into your personal fitness center with Your Shape: Fitness Evolved 2013, bringing Ubisoft's acclaimed motion-controlled workout series to Wii U. Using advanced camera tracking technology, the game scans your body and delivers personalized fitness programs tailored to your goals. Choose from over 125 workout routines spanning cardio boxing, dance classes, yoga, strength training, and boot camp exercises. The GamePad serves as your personal trainer, displaying real-time feedback and form corrections while you exercise. Challenge friends in competitive fitness games, unlock achievements as you progress, and track your fitness journey with detailed statistics.",
ZaciSa's Last Stand,2014-10-30,,,Tower Defense,"Defend your base against relentless waves of demons in this chaotic tower defense shooter. As the last line of defense, you must strategically place defensive structures while directly controlling your character to blast away hordes of enemies. Combine strategic tower placement with frantic twin-stick shooting action as demons pour in from all directions. Upgrade your defenses, unlock powerful weapons, and master the balance between building your fortress and jumping into the fray yourself. With its blend of tactical planning and arcade-style combat, every wave becomes an intense test of multitasking and quick reflexes. Can you survive the onslaught and make your last stand count?",https://images.launchbox-app.com/9f016cb5-f838-4c5f-b1f8-796bb17e71fe.png
ZEN Pinball 2,2013-03-21,3.6,71,Action,"Zen Pinball 2 is a pinball video game developed by Zen Studios for the Wii U, PlayStation 3, PlayStation 4, Android, and PlayStation Vita. The game was announced on April 9, 2012. The first PlayStation versions were released on September 4, 2012 in North America and September 5 in Europe while the Wii U version was released on March 21, 2013 in North America and January 31, 2013 in Europe.",https://images.launchbox-app.com/3af967a8-d646-4f3f-90e2-e12333d18b52.png
Ziggurat,2016-11-10,,,First-Person Shooter,"Step into a mysterious dungeon as a neophyte sorcerer in this fast-paced first-person shooter roguelite. Wield an arsenal of magical weapons and spells as you battle through procedurally generated rooms filled with monstrous enemies. Each run offers new wand and spell combinations, with over 50 weapons to discover and master. Unlock powerful perks, collect rare alchemy items, and upgrade your character between runs. The roguelite structure means permanent death, but also fresh challenges and build possibilities every time. Quick reflexes and smart spellcasting are essential as enemy hordes grow fiercer with each floor.",https://images.launchbox-app.com/f491e0fe-3c18-490d-9e25-2f3cfad58bf6.png
Zombeer,2014,,,Action,"Zombeer is a first-person shooter that combines zombie-slaying action with crude humor and beer-fueled gameplay. As the protagonist fighting through a zombie outbreak, you'll discover that beer is the only thing keeping you from turning into a zombie yourself. Blast through hordes of undead enemies while managing your beer consumption to stay human. The game features over-the-top comic violence, irreverent humor, and a variety of weapons ranging from conventional firearms to improvised zombie-smashing tools. Navigate through infested environments, uncover the source of the zombie plague, and maintain your buzz to survive.",https://images.launchbox-app.com/c848ca74-ddd8-4568-9b38-b53b88f09e75.jpg
Zombie Defense,2015-09-17,,,Tower Defense/Real-Time Strategy,"Rally desperate soldiers and fight off relentless waves of the undead in this hybrid tower defense and RTS experience. Deploy 15 different army units, equip them with 19 weapon types, and command them strategically across 35 deadly missions. Upgrade your forces with 98 improvements and advanced technologies including laser turrets and Tesla towers. Battle through Normal and Nightmare modes as you innovate destructive new technologies to halt the zombie apocalypse. Victory depends on smart placement, tactical commands, and lethal firepower. Sources: - [Zombie Defense (2015) | Wii U eShop Game | Nintendo Life](https://www.nintendolife.com/games/wiiu-eshop/zombie_defense) - [Zombie Defense Rev",https://images.launchbox-app.com/b28d13f0-a4d0-4f83-8cce-3859b9d8e2ff.jpg
ZombiU,2012-11-18,3.69,77,Action Adventure,"ZombiU (known as Zombion platforms other than the Wii U) is a first-person survival horror video game developed by Ubisoft Montpellier and published by Ubisoft. It was released for the Wii U as one of its launch games in November 2012. In the game, the player assumes control of a human survivor amid a 2012 zombie apocalypse. Featuring a permadeath system, it uses the Wii U GamePad extensively to scan the environment and maintain the survivor's inventory.",https://images.launchbox-app.com/a00896b5-fa20-44db-ac5a-b5f7bafaacbc.jpg
Zumba Fitness World Party,2013-11-05,,,Fitness,"Dance your way around the world in this exhilarating fitness party game that transforms your living room into a global dance floor. Zumba Fitness World Party brings authentic Zumba choreography to life with 40+ high-energy routines set to new and licensed songs spanning international styles from Brazil to Bollywood. The GamePad displays real-time feedback on your moves and calories burned while you follow on-screen instructors through Latin, hip-hop, and world music-inspired workouts. With customizable workout lengths, multiplayer support for up to four players, and unlockable venues from exotic locations worldwide, every session delivers an engaging fitness experience that never feels li...",https://images.launchbox-app.com/804f2906-8540-41d5-929e-c842e8e49ac8.jpg
