title,released,gf_score,metascore,genre,description,cover_art_url
187 Ride or Die,2005-08-23,,51,Racing Combat,"187 Ride or Die brings street racing and combat together in an explosive urban battleground. Race through the gritty streets of Los Angeles as you build your reputation in the underground racing scene. This isn't just about speed - arm your ride with deadly weapons and take down rivals in intense vehicular combat. Switch between driving and shooting as your co-pilot unleashes devastating firepower on enemy crews. The game features a deep story mode following Buck and Cortez as they fight to control the city's criminal underworld. Customize your vehicles with performance upgrades and an arsenal of weapons from machine guns to rocket launchers. Multiplayer modes let you prove your skills against other players in death races and combat arenas. With its unique blend of street racing and shooter mechanics, authentic hip-hop soundtrack, and raw urban atmosphere, 187 Ride or Die delivers high-octane action where only the strongest survive the streets.",
2002 FIFA World Cup,2002-04-22,,79,Sports,"Experience the drama and excitement of football's greatest tournament in 2002 FIFA World Cup. Take control of any of the 32 qualified nations and lead them through the official stadiums of Korea and Japan. Feel the intensity with aggressive tackles, dramatic diving headers, and bicycle kicks that capture the raw emotion of World Cup competition. The game features authentic player likenesses, official kits, and real tournament structure from group stages to the final. Master the new airplay system for spectacular headers and volleys, while the star player system lets your best performers shine under pressure. Dynamic camera angles and thunderous crowd chants recreate the electric atmosphere of packed stadiums. Challenge friends in multiplayer matches or guide your nation to glory in the official tournament mode.",https://images.launchbox-app.com/38135444-3848-45f9-90f9-925e9d784d6f.jpg
2006 FIFA World Cup,2006-04-24,,77,Sports,"Experience the passion and excitement of football's greatest tournament in 2006 FIFA World Cup. Lead any of 127 national teams through the official qualifying rounds and into Germany for the main event. Feel the atmosphere with authentic stadiums, official match balls, and realistic crowd reactions that capture the World Cup spirit. Master the new shooting mechanics that let you curve, dip and power shots with precision. The Global Challenge mode recreates 40 classic scenarios from World Cup history, letting you rewrite football's most memorable moments. Dynamic gameplay features include aerial battles, physical challenges, and tactical depth that bring authentic international football to life. With official teams, players, and the complete tournament structure, immerse yourself in the journey from qualification to lifting the trophy in Berlin.",
25 to Life,2006-01-17,,41,Shooter,"Choose your side of the law in this gritty urban warfare shooter that blurs the line between cops and criminals. Play as a street-hardened gangster fighting for territory and respect, or suit up as a SWAT officer bringing justice to the streets. Intense multiplayer matches pit law enforcement against organized crime in brutal 16-player online battles. With authentic street slang, motion-captured combat moves, and a hard-hitting hip-hop soundtrack, 25 to Life delivers raw, unfiltered urban combat. In these streets, you're either predator or prey.",https://images.launchbox-app.com/3c6e565d-eb9e-4aed-b4d9-039e9f648d2c.jpg
4x4 Evo 2,2001-11-15,,59,Racing,"4x4 Evo 2 takes off-road racing to the extreme with over 120 licensed vehicles from top manufacturers like Chevrolet, Ford, Dodge, Nissan, and Toyota. Race through diverse environments from arctic tundras to scorching deserts across massive open-world tracks. The revolutionary career mode lets you earn prize money to upgrade and customize your trucks with authentic parts and accessories. Challenge rivals in intense multiplayer races or tackle treacherous terrain in single-player championships. Dynamic weather and realistic physics push your driving skills to the limit as you navigate mud, snow, and rocky obstacles. With detailed damage modeling and authentic SUV handling, every race becomes a test of strategy and endurance in this ultimate 4x4 simulation.",https://images.launchbox-app.com/a6bbd423-cd47-4e18-bcd0-e477e54e76a1.jpg
50 Cent: Bulletproof,2005-11-17,,50,Action,"Step into the gritty underworld as hip-hop icon 50 Cent in this intense action-shooter. Battle through the dangerous streets of New York seeking revenge against those who left you for dead. Experience brutal counter-kill moves that let you take down enemies with bone-crushing style. The game features an original storyline co-written by 50 Cent himself, bringing authentic street credibility to every mission. Unleash devastating combat combos mixing gunplay with hand-to-hand takedowns. Team up with G-Unit members Tony Yayo, Lloyd Banks, and Young Buck as you fight through gang-infested neighborhoods. With exclusive music tracks from 50 Cent and G-Unit, the soundtrack drives the relentless urban warfare. Raw, unfiltered action meets hip-hop culture.",https://images.launchbox-app.com/df81e32d-a2b6-4639-adbf-0f357795aee7.jpg
Advent Rising,2005-05-31,,68,Action Adventure,"Embark on an epic sci-fi odyssey as Gideon Wyeth, a human thrust into an intergalactic war that threatens humanity's very existence. Advent Rising blends intense third-person combat with an evolving psychic powers system that grows stronger as you progress. Switch seamlessly between devastating firearms and telekinetic abilities, lifting enemies and hurling objects with your mind. The dynamic targeting system lets you engage multiple foes simultaneously while performing acrobatic dodges and flips. Experience a sweeping space opera penned by award-winning novelist Orson Scott Card, featuring branching storylines shaped by your critical choices. Master both vehicular combat sequences and on-foot battles across alien worlds. Your decisions determine not only the fate of humanity but which incredible powers you unlock along your journey to becoming humanity's savior.",https://images.launchbox-app.com/c77d6f89-d85c-459e-b0e7-cf931bd2c877.jpg
Æon Flux,2005-11-15,,69,Action,"Based on the acrobatic assassin Æon Flux, this action-packed game puts you in control of the deadly secret agent on a mission to overthrow the oppressive Breen regime. Master Æon's signature fluid combat system, combining martial arts, gunplay, and devastating special moves to eliminate enemies with style. Navigate through the dystopian city of Bregna using parkour-inspired movements - wall-run, swing, and leap across futuristic environments while solving environmental puzzles. Switch between stealth infiltration and explosive action as you uncover a conspiracy that threatens both sides of the conflict. Unlock new abilities and weapons as you progress through a story that expands on the animated series' dark sci-fi universe. Experience cel-shaded visuals that capture the distinctive art style while delivering intense third-person combat and platforming challenges.",https://images.launchbox-app.com/721239bd-2191-413d-bc09-80da92fbfe01.jpg
Aggressive Inline,2002-07-29,,85,Sports,"Tear through massive urban environments on inline skates in this extreme sports masterpiece. Pull off insane trick combinations across sprawling levels filled with rails, ramps, and vertical surfaces. Master the innovative juice meter system that rewards aggressive skating with unlimited grinding and manual balance. Create custom skaters and unlock legendary pros like Chris Edwards and Franky Morales. Each environment offers complete freedom to explore and discover secret areas, from movie lots to industrial complexes. String together grinds, wall rides, and aerial tricks using the intuitive control system that lets you modify tricks mid-air. Compete in challenging objectives or just session your favorite spots. With a killer soundtrack featuring punk and hip-hop tracks, Aggressive Inline delivers the most authentic and creative inline skating experience ever created, pushing the boundaries of extreme sports gaming.",https://images.launchbox-app.com/4cd33fc8-1add-44b9-8135-a9548ad370b2.jpg
AirForce Delta Storm,2001-11-15,,61,Flight Combat,"Take to the skies in AirForce Delta Storm, where you command cutting-edge fighter jets in explosive aerial combat missions. Choose from over 50 authentic military aircraft, each with unique handling and weaponry, as you engage enemy squadrons in breathtaking dogfights. Master challenging missions across diverse environments from arctic tundras to scorching deserts, using advanced tactics and precision flying to outmaneuver opponents. The game features realistic flight physics that reward skilled pilots while remaining accessible to newcomers. Experience intense air-to-air combat, strategic ground strikes, and daring reconnaissance operations. With multiple difficulty levels and unlockable aircraft, every mission offers new challenges as you rise through the ranks to become an ace pilot in this thrilling flight combat experience.",https://images.launchbox-app.com/376bbd7b-2b5a-4297-bf77-092edee99061.jpg
Alias,2004-04-05,,71,Stealth Action,"Step into the world of super-spy Sydney Bristow in this action-stealth game based on the hit TV series. Master the art of espionage as you infiltrate enemy strongholds, using disguises and aliases to blend in before striking. Employ an arsenal of high-tech gadgets, from lock picks to explosive devices, while executing acrobatic takedowns and engaging in intense hand-to-hand combat. Switch between stealth and action as missions demand - sneak past guards using shadows and distractions, or engage in thrilling shootouts when cover is blown. Experience original storylines that expand the Alias universe, featuring voice acting from the show's cast including Jennifer Garner. Complete objectives across exotic global locations from casinos to military bases, gathering intel and preventing terrorist threats.",https://images.launchbox-app.com/2db5a1c2-a6b6-41d1-81d6-dab971e7d274.jpg
Alien Hominid,2004-11-16,,73,Shooter,"Blast through waves of FBI agents in this hand-drawn side-scrolling shooter that started as a Flash phenomenon. As a yellow alien whose UFO has crash-landed on Earth, fight your way through sixteen intense levels using an arsenal of weapons, from blasters to grenades. Master the art of biting off enemy heads, digging underground to ambush foes, and riding on the shoulders of terrified humans. The distinctive art style by Dan Paladin brings every frame to life with fluid animation and explosive visual effects. Team up with a friend in local co-op to double the chaos, or test your skills in challenging mini-games between missions. With its frantic gameplay, screen-filling boss battles, and relentless action that rewards quick reflexes and pattern recognition, Alien Hominid delivers pure arcade mayhem with a twisted sense of humor.",https://images.launchbox-app.com/7895dae5-6450-47d2-b655-618804f8ae9a.jpg
Aliens Versus Predator: Extinction,2003-07-30,,64,RTS,"Aliens Versus Predator: Extinction delivers an intense real-time strategy experience where three iconic species clash for galactic supremacy. Command the Colonial Marines with advanced weaponry and tactical firepower, unleash the Alien swarm's overwhelming numbers and biological evolution, or lead the Predator clans with stealth technology and honor-bound warfare. Each faction offers completely unique units, abilities, and playstyles across 21 single-player missions. Harvest resources, upgrade your forces, and adapt your strategy as battles rage across diverse alien worlds. No base building here - focus purely on tactical combat and unit management. Experience the ultimate sci-fi showdown where survival depends on mastering your chosen species' strengths.",https://images.launchbox-app.com/389c88af-499f-4c4d-8aff-d2eb6e888436.jpg
All-Star Baseball 2003,2002-02-25,,78,Sports,"Step up to the plate in All-Star Baseball 2003, featuring authentic MLB rosters and stadiums from the 2002 season. Master the innovative Pitcher/Batter Interface that brings strategic depth to every at-bat, reading your opponent's tendencies while protecting your own weaknesses. Create custom players, manage franchises across multiple seasons, or relive baseball history with over 20 legendary teams. The game's refined batting system rewards timing and pitch recognition, while advanced fielding controls let you make spectacular defensive plays. With detailed player stats, realistic ball physics, and dynamic commentary from Thom Brennaman and Steve Lyons, experience America's pastime at its finest on Xbox.",https://images.launchbox-app.com/357edc7f-03a3-4868-a6fc-3d1a0239747d.jpg
Alter Echo,2003-08-19,,66,Action,"In Alter Echo, you are Nevin, a young psychic warrior who must stop his corrupted mentor from enslaving humanity. Harness the revolutionary EchoPlast suit that lets you morph between three powerful combat forms on the fly. Transform into the agile Sword form for lightning-fast melee attacks, shift to Gun form for devastating ranged combat, or become the massive Stealth form to crush enemies with raw power. Navigate surreal organic environments that pulse with alien life as you master the unique Time Dilation system, freezing moments to unleash spectacular combo attacks. Solve environmental puzzles using your shape-shifting abilities while battling bizarre creatures in this ambitious fusion of action and strategy. With its distinctive bio-mechanical art style and innovative form-switching mechanics, Alter Echo delivers a singular sci-fi adventure that pushes the boundaries of action gaming.",https://images.launchbox-app.com/a528250b-dbfb-4f0a-af3f-a513c82e4fa3.jpg
America's Army: Rise of a Soldier,2005-11-17,,74,Shooter,"Experience authentic U.S. Army combat as you rise from recruit to elite soldier in this tactical military shooter. Lead your fireteam through intense missions across diverse battlefields, from desert operations to urban warfare. Every decision matters as you command AI squadmates using real Army tactics and protocols. Master the Army's actual weapons and equipment while earning promotions through the ranks. The game emphasizes teamwork, strategic planning, and adherence to the Rules of Engagement over run-and-gun action. Complete Basic Training to learn core combat skills, then deploy to hotspots around the globe. Your leadership and tactical choices directly impact mission success and soldier morale in this realistic military experience.",https://images.launchbox-app.com/cfda498a-b576-414f-acfd-eb35670ccbde.jpg
American Chopper,2004-12-03,,36,Racing,"Build the ultimate custom motorcycle in this high-octane racing and building game based on the hit Discovery Channel series. Design choppers from the ground up using authentic OCC parts and blueprints, then take your creations to the streets in intense racing challenges. Experience the drama and intensity of the Teutul family workshop as you complete customer orders under tight deadlines. Master welding, fabrication, and assembly through engaging mini-games while managing your crew and resources. Race your custom bikes against rivals across diverse tracks from city streets to desert highways. Unlock legendary OCC designs, rare parts, and exclusive content as you build your reputation. With realistic physics, stunning bike customization, and the authentic American Chopper atmosphere, create dream machines that look as good as they ride.",https://images.launchbox-app.com/5ff9df2d-4811-4fde-994a-393157d99a6e.jpg
Amped: Freestyle Snowboarding,2001-11-15,,78,Sports,"Experience the ultimate freestyle snowboarding rush as you carve through massive mountain ranges in search of the perfect run. Amped delivers an innovative open-mountain design that lets you explore vast terrains without boundaries, choosing your own path down the slopes. Pull off insane tricks and combos using the intuitive control system that captures the flow and style of real snowboarding. Build your reputation by impressing photographers and sponsors scattered across the mountains, unlocking new gear and secret areas. With dynamic weather conditions and multiple mountains to conquer, each run offers fresh challenges and opportunities to express your unique riding style.",https://images.launchbox-app.com/63639f69-4c72-417a-8452-c9973dd51524.jpg
Amped 2,2003-10-28,,85,Sports,"Hit the slopes in this groundbreaking snowboarding sequel that revolutionizes freestyle riding. Carve through massive open mountains across real-world locations from Laax to Mt. Hood, each offering unique terrain and challenges. Master an innovative trick system with Style Points that reward creativity over repetition - link grabs, spins, and flips into endless combinations while the dynamic soundtrack adapts to your performance. Build your reputation through photoshoots and video sessions, customize your rider's appearance and gear from top brands, and explore freely without boundaries. With butter-smooth controls, realistic physics, and the freedom to ride anywhere from backcountry powder to terrain parks, Amped 2 delivers the ultimate snowboarding experience where style matters as much as skill.",https://images.launchbox-app.com/5281f98f-0210-49e5-a164-23878cf8bd97.jpg
AND 1 Streetball,2006-06-06,,60,Sports,"AND 1 Streetball brings the raw energy and attitude of street basketball to your Xbox. Create your own baller and rise through the ranks in the underground streetball scene, earning respect on legendary courts from Rucker Park to Venice Beach. The game features authentic AND 1 players and their signature moves, letting you pull off jaw-dropping tricks like the Boomerang, Helicopter, and Main Event. Master the innovative trick stick system to humiliate defenders with ankle-breaking crossovers and no-look passes. Build your reputation through Story Mode or jump into quick games with up to 4 players. With its hip-hop soundtrack, trash-talking commentary, and emphasis on style over traditional rules, AND 1 Streetball captures the essence of playground basketball where showing off is just as important as scoring.",https://images.launchbox-app.com/2dcfb69e-d6f7-48c2-ac03-3a37ac3fc2bb.jpg
APEX,2003-02-18,,73,Racing,"Build your own automotive empire from the ground up in this unique racing-meets-business simulation. Start with a single concept car and grow into a global manufacturer, designing vehicles that compete on street circuits worldwide. Every race is a showcase for your brand - winning boosts sales and unlocks new technologies. Balance R&D investment with marketing while managing multiple car lines from economy to supercar. The innovative dream mode lets you design custom cars from scratch. With 80 real manufacturers and dynamic market competition, APEX delivers racing with real consequences for your bottom line.",
Aquaman: Battle for Atlantis,2003-07-23,,27,Action,"Dive into the depths as DC's legendary hero in this underwater action-adventure! Battle through Atlantis and the seven seas, wielding Aquaman's incredible powers to defeat Black Manta and Ocean Master's evil forces. Execute devastating combo attacks, command marine life to aid your quest, and pilot the high-tech Battle Sub through treacherous waters. Switch between Aquaman and his fierce ally Mera, each with unique fighting styles and special abilities. Explore vibrant underwater kingdoms, solve ancient puzzles, and engage in epic boss battles that threaten the ocean's balance. From coral reefs to volcanic trenches, navigate stunning aquatic environments while mastering telepathic powers to summon sharks, whales, and other sea creatures. Fast-paced brawling meets exploration in this cel-shaded comic book adventure that brings the King of Atlantis to life!",https://images.launchbox-app.com/877d9768-bea5-4188-a000-a2bc4b1fa4b2.jpg
Area 51,2005-04-25,,75,Shooter,"Step into the boots of Ethan Cole, a HAZMAT specialist caught in a catastrophic alien outbreak at America's most secret military facility. This intense first-person shooter blends conspiracy theories with visceral combat as you battle through Area 51's compromised corridors. Wield both human military weapons and devastating alien technology while uncovering a government cover-up decades in the making. Experience the horror of mutating into an alien-human hybrid, gaining superhuman abilities at the cost of your humanity. Team up in squad-based combat with AI teammates or friends in multiplayer modes. Navigate through authentically recreated sections of the legendary base, from hangars housing recovered UFOs to underground laboratories conducting forbidden experiments. With voice acting from David Duchovny and Powers Boothe, Area 51 delivers a cinematic campaign that transforms from military shooter to survival horror as the alien threat evolves.",
Armed and Dangerous,2003-12-02,,78,Shooter,"Blast through a wild adventure as Roman, leader of the Lionhearts - a band of misfit thieves out to steal the Book of Rule from the evil King Forge. Armed and Dangerous delivers outrageous third-person shooting with the most insane weapons ever conceived. Wield the Land Shark Gun that launches ravenous sharks through solid ground, flip the world upside down with the Topsy-Turvy bomb, or unleash the planet-destroying Harbinger. Team up with a tea-obsessed robot, a mole-man demolitions expert, and a Scottish giant in this comedic action romp. Experience massive battles with hundreds of enemies, commandeer gun turrets, pilot jetpacks, and defend your pub hideout from waves of attackers. With its British humor, memorable characters, and arsenal of ridiculous weapons, this shooter turns genre conventions on their head.",https://images.launchbox-app.com/16f85f60-17eb-433d-a654-e8a5a16b1ecc.jpg
American Chopper 2: Full Throttle,2005-11-17,,52,Racing,"Build the ultimate custom motorcycle and hit the road in American Chopper 2: Full Throttle, where the famous Teutul family brings their legendary bike-building expertise to your console. Design and construct radical choppers from the ground up using authentic OCC parts and blueprints, then take your creations out for intense street races and stunt challenges across diverse environments. Experience the thrill of crafting unique bikes with hundreds of customization options including frames, engines, paint jobs, and chrome details. Race through city streets, desert highways, and mountain roads while pulling off insane stunts and competing in various game modes. The game captures the spirit of the hit TV show with the Teutuls' signature style and attitude, delivering both creative building mechanics and adrenaline-pumping racing action.",https://images.launchbox-app.com/ee7a2fe5-a41e-45ae-b599-41272dd9f77f.jpg
AMF Bowling 2004,2003-11-14,,63,Sports,"Step up to the lanes in AMF Bowling 2004, where authentic bowling action meets arcade excitement. Choose from diverse bowling alleys, each with unique atmospheres and lane conditions that affect your game. Create your custom bowler with detailed appearance options and develop their skills through career mode. Master realistic ball physics with adjustable spin, power, and angle controls for strikes and spares. Challenge friends in multiplayer tournaments or tackle solo championships across multiple difficulty levels. Special game modes include trick shot challenges and mini-games that test your precision. With responsive controls, dynamic pin physics, and professional commentary, AMF Bowling 2004 delivers the complete bowling experience from your couch.",https://images.launchbox-app.com/21dc64dc-85d8-46df-a04a-6835a88b55ca.jpg
AMF Xtreme Bowling,2006-06-21,,58,Sports,"AMF Xtreme Bowling transforms traditional bowling into an adrenaline-pumping arcade experience. Choose from diverse characters with unique bowling styles and compete across fantastical lanes that defy physics - from volcanic craters to frozen tundras. Master power-ups like explosive balls and lightning strikes that demolish pins in spectacular fashion. The game features multiple modes including tournament play, head-to-head battles, and trick shot challenges where creativity scores big. Customize your bowler's appearance and equipment while unlocking secret lanes and special balls. With responsive controls that make strikes satisfying and splits manageable, plus party modes supporting up to four players, AMF Xtreme Bowling delivers arcade bowling action that's accessible yet challenging. Turn up the music, unleash the power-ups, and experience bowling like never before.",https://images.launchbox-app.com/90b161e7-e742-409e-a1a5-b24bbc70d90b.jpg
Animaniacs: The Great Edgar Hunt,2005-08-23,,,Platformer,"Join Wakko, Yakko, and Dot in this hilarious 3D platforming adventure as they race to stop the evil King Salazar from using Edgar's powerful gems to take over the world! Explore five massive movie studio lots inspired by classic film genres - from spooky horror sets to wild west towns and prehistoric jungles. Master each Warner's unique abilities: Yakko's paddle ball grappling, Wakko's mallet mayhem, and Dot's charming powers to overcome obstacles and defeat enemies. Collect film canisters, solve puzzles, and unlock classic Animaniacs cartoon clips as rewards. With the trio's signature slapstick humor, witty one-liners, and fourth-wall breaking antics, every moment captures the beloved show's zany spirit in an action-packed gaming experience.",https://images.launchbox-app.com/a071f379-57f9-496d-a610-080ef3d32c8c.jpg
Antz Extreme Racing,2002-07-26,,54,Racing,"DreamWorks' neurotic ant Z races for glory in this insect-sized kart racer. Speed through environments from the film including Central Park, the colony tunnels, and Insectopia while dodging hazards like raindrops and human feet. Play as Z, Princess Bala, General Mandible and other movie characters, each with unique vehicles from leaf boats to beetle shells. Battle modes add combat to the racing with weapons like water balloons and sticky honey traps. While aimed at younger players, the game's creative track design and movie authenticity make it a decent entry in the crowded mascot racer genre.",https://images.launchbox-app.com/4059998f-c272-42a4-80f5-b0e1761358db.jpg
Arctic Thunder,2001-11-15,,70,Racing,"Race through frozen wastelands at breakneck speeds in Arctic Thunder, the extreme snowmobile racing game that takes winter sports to the edge. Tear across 12 treacherous tracks spanning everything from Himalayan peaks to Swiss Alps villages, each packed with deadly obstacles, massive jumps, and secret shortcuts. Choose from 10 unique riders and customize your sled with outrageous weapons and power-ups including atomic snowballs, proximity mines, and shield blasts. Battle through championship mode or go head-to-head in split-screen multiplayer mayhem. With arcade-style physics that let you pull off insane aerial tricks and boost pads that send you flying, Arctic Thunder delivers pure adrenaline-fueled racing action where anything goes and only the most aggressive riders survive the frozen fury.",https://images.launchbox-app.com/54c1514a-4aa5-4fac-bb3d-c2eb43609d1a.jpg
Arena Football,2006-02-07,,55,Sports,"Arena Football brings the hard-hitting indoor gridiron action to Xbox with all the intensity of the real AFL. Experience the unique 50-yard field with rebound nets that keep the ball in play, creating non-stop offensive shootouts. Control all 20 AFL teams with authentic rosters and playbooks designed for this high-scoring variant of football. The game features 8-on-8 gameplay where receivers can use the walls to their advantage, quarterbacks become dual threats, and defensive backs must cover multiple levels. Master the ironman rules where players handle both offense and defense. Engage in Season, Playoff, and Exhibition modes with full AFL presentation including team-specific entrances and arena atmospheres. Fast-paced arcade-style action meets strategic depth in this faithful recreation of arena football's explosive entertainment.",https://images.launchbox-app.com/63cb4d26-7c20-4a23-a1c3-7adfbdd757ca.jpg
Army Men: Major Malfunction,2006-03-28,,37,Shooter,"Join the Green Army in a hilarious action-adventure as Sarge battles through a malfunctioning toy world! When Major Malfunction's experimental portal device goes haywire, everyday household environments transform into epic battlefields. Navigate kitchen counters, backyard gardens, and basement workshops while fighting rogue Tan Army forces and bizarre hybrid enemies. Switch between classic plastic soldier combat and powerful Plastro Laser weapons. Team up with colorful allies like Vikki Grimm and Riff as you platform across oversized furniture, commandeer toy vehicles, and use household items as strategic cover. With its unique blend of third-person shooting, platforming puzzles, and tongue-in-cheek humor, this miniature war brings big laughs and explosive action to the timeless toy soldier universe.",https://images.launchbox-app.com/f78cb85b-104e-442b-8165-5008ea23164a.jpg
Army Men: Sarge's War,2004-07-20,,61,Shooter,"In Army Men: Sarge's War, lead the legendary green plastic soldier Sarge through a darker, grittier battlefield where the Tan Army has unleashed devastating weapons. Experience intense third-person combat across sprawling environments from backyards to beaches, wielding an arsenal of miniature military hardware including rifles, bazookas, flamethrowers, and grenades. Navigate through realistic household settings transformed into war zones, using everyday objects as cover and tactical advantages. Drive vehicles, command allied troops, and engage in brutal plastic warfare with enhanced graphics and destructible environments. This mature take on the Army Men franchise features a revenge-driven storyline as Sarge battles to avenge his fallen squad. With improved AI, strategic gameplay, and both single-player campaign and multiplayer modes, prepare for plastic combat that's never been more serious or explosive.",https://images.launchbox-app.com/886470a6-f0a8-4153-b43d-8703a9ef1d7b.jpg
Arx Fatalis,2003-12-23,,77,RPG,"Descend into the sprawling underground world of Arx Fatalis, where humanity has been forced to live in vast subterranean caverns after the sun vanished from the sky. Master an innovative gesture-based magic system where you draw runes in real-time to cast spells, combining elements for devastating effects. Explore interconnected levels filled with ancient secrets, deadly creatures, and rival factions vying for power. Craft weapons, brew potions, and cook food to survive the harsh depths. Your choices shape alliances with goblins, trolls, and other races as you uncover a sinister plot threatening all life underground. This immersive first-person RPG blends atmospheric dungeon crawling with dynamic combat and environmental puzzles in a richly detailed dark fantasy setting.",https://images.launchbox-app.com/22604b0e-16e8-4d9d-a942-fbc138cd9b09.jpg
Atari Anthology,2004-11-16,,75,Compilation,"Relive gaming's golden age with Atari Anthology, the ultimate collection featuring 85 classic arcade and Atari 2600 games. Experience legendary titles like Asteroids, Centipede, Missile Command, and Pong in their original glory or enhanced with updated graphics and sound. Navigate through an interactive 3D arcade gallery where each cabinet holds gaming history. Unlock bonus content including vintage commercials, game manuals, and developer interviews as you play. Challenge friends with multiplayer modes, compete for high scores, and discover hidden easter eggs throughout the collection. From paddle controllers to trackballs, authentic control schemes preserve the original feel while modern options provide accessibility. Whether you're a nostalgic veteran or curious newcomer, this comprehensive anthology delivers the definitive Atari experience with timeless gameplay that defined generations.",https://images.launchbox-app.com/b2239a45-a1bf-4f09-84d6-cacd6092cdb8.jpg
ATV: Quad Power Racing 2,2003-01-28,,71,Racing,"Rev up your engines and conquer extreme terrain in ATV: Quad Power Racing 2, where off-road racing meets pure adrenaline. Master challenging tracks across diverse environments from dusty deserts to muddy forests, each demanding different racing strategies. Pull off insane tricks and stunts to build your boost meter, then unleash turbo speed to leave competitors in your dust. Choose from multiple game modes including Championship, Single Race, and Freestyle competitions. Customize your ATV with performance upgrades and unlock new vehicles as you progress. The innovative trick system lets you chain combos for maximum points while the physics engine delivers realistic handling that rewards skilled riders. Face off against aggressive AI opponents or challenge friends in split-screen multiplayer battles.",https://images.launchbox-app.com/4d4ff52c-6442-4ae2-a987-90f8f2e91715.jpg
Auto Modellista,2003-03-25,,55,Racing,"Auto Modellista revolutionizes racing with its distinctive cel-shaded art style that makes every race look like a living manga. Choose from over 60 licensed vehicles spanning classic Japanese tuners, American muscle, and European exotics, then customize them with extensive visual and performance modifications. The unique Garage Battle mode lets you build your racing team and compete for territory across Japan's mountain passes and city circuits. Master the arcade-style handling that rewards aggressive driving and perfect drift angles through iconic courses like Shutokou highway and winding touge roads. The game's striking visual presentation combines with a pulsing electronic soundtrack to create an unmistakably stylish racing experience that stands apart from traditional simulators.",https://images.launchbox-app.com/a9c8e4ad-20e1-48e4-8cf1-48d363f2d4b4.jpg
Avatar: The Last Airbender,2006-10-10,,56,Action Adventure,"Master the four elements as Aang or Prince Zuko in this action-adventure based on the beloved animated series. Switch between characters to harness unique bending abilities - unleash devastating fire blasts, create earth barriers, manipulate water flows, and command powerful air currents. Journey through iconic locations from the show including Ba Sing Se, the Fire Nation, and the North Pole while battling Fire Nation soldiers and solving environmental puzzles. Combine bending powers in spectacular combo attacks, unlock new techniques as you progress, and experience an original storyline that expands the Avatar universe. Features drop-in cooperative play, allowing a friend to join as your companion character at any time. Immerse yourself in cel-shaded visuals that capture the show's distinctive art style.",https://images.launchbox-app.com/2aaf3e50-0cfa-4bdc-b11c-0952e9e14bad.jpg
Azurik: Rise of Perathia,2001-11-15,,52,Action Adventure,"In the mystical realm of Perathia, you are Azurik, a young Lore Guardian wielding the legendary Axion - a staff that channels the elemental forces of Earth, Fire, Water, and Air. Battle through vast interconnected worlds filled with ancient puzzles and fierce creatures as you seek to restore balance to a land torn by chaos. Master devastating elemental combos, solve environmental challenges using your powers, and unlock new abilities as you grow stronger. From scorching deserts to frozen tundras, each realm tests your combat skills and puzzle-solving prowess. This Xbox exclusive action-adventure blends intense melee combat with platforming challenges, offering a unique elemental magic system that rewards experimentation and mastery.",https://images.launchbox-app.com/e9a717d3-680a-410e-88a6-59d723e6f765.jpg
Backyard Wrestling: Don't Try This at Home,2003-10-07,,50,Fighting,"Step into the most outrageous wrestling experience ever created! Backyard Wrestling brings brutal, no-holds-barred combat to unconventional arenas where anything goes. Battle through strip clubs, meat lockers, truck stops, and junkyards using everything from barbed wire bats to weed whackers as weapons. Create devastating combos with over 40 bone-crushing moves and environmental attacks. Play as underground wrestling legends and hip-hop personalities including members of Insane Clown Posse. Experience intense multiplayer mayhem with friends or dominate the single-player campaign. With its raw presentation, controversial content, and emphasis on extreme violence over traditional wrestling rules, this game delivers an unapologetically hardcore fighting experience that pushes boundaries.",https://images.launchbox-app.com/2e81273c-d547-4ed1-aa53-e001aecf1038.jpg
Backyard Wrestling 2: There Goes the Neighborhood,2004-11-16,,56,Fighting,"Backyard Wrestling 2 takes the brutal action out of the ring and into suburban America. Create your own wrestler and battle through interactive environments packed with weapons and environmental hazards. Fight in strip clubs, truck stops, and backyard parties using everything from weed whackers to exploding cars. The game features a deep create-a-wrestler mode, intense multiplayer battles, and a roster including wrestling legends and underground fighters. Smash opponents through windows, toss them into pools of acid, or slam them onto barbecue grills. With its over-the-top violence, destructible environments, and outrageous special moves, this sequel delivers hardcore wrestling action where anything goes and every object becomes a weapon in your quest for backyard supremacy.",https://images.launchbox-app.com/a870c006-6145-4d80-bc1e-b62c38e50c2e.jpg
Bad Boys: Miami Takedown,2004-02-24,,29,Shooter,"Experience the explosive action of the Bad Boys universe in this intense third-person shooter based on the hit movie franchise. Play as Miami detectives Mike Lowrey and Marcus Burnett as they take down drug cartels and criminal syndicates across the sun-soaked streets of Miami. Switch between both characters, each with unique abilities - Mike's speed and agility complement Marcus's strength and firepower. Engage in high-octane shootouts, spectacular car chases, and destructive combat sequences. Navigate through diverse Miami locations from neon-lit clubs to dangerous docks. The game features cinematic camera angles, over-the-top action set pieces, and wise-cracking dialogue true to the films. Arsenal includes pistols, shotguns, assault rifles, and explosive weapons to unleash maximum carnage.",https://images.launchbox-app.com/8f19fa7a-1f05-435f-9f6b-b571b816e72c.png
Baldur's Gate: Dark Alliance,2001-12-04,,87,Action RPG,"Embark on an epic hack-and-slash adventure through the Forgotten Realms in this action-RPG masterpiece. Choose from three unique heroes - a dwarven fighter, elven sorceress, or human archer - each with distinct abilities and playstyles. Battle through the dark underbelly of Baldur's Gate, from rat-infested sewers to frozen mountain peaks, facing over 25 types of monsters including deadly beholders and frost giants. Master devastating combos and magical abilities while collecting powerful weapons and armor. Experience the thrill of local co-op as you and a friend unleash chaos together. With its intuitive controls, stunning visuals for its era, and addictive loot system, Dark Alliance delivers pure action-RPG excitement that keeps you coming back for more.",
Baldur's Gate: Dark Alliance II,2004-01-20,,81,Action RPG,"Embark on an epic hack-and-slash adventure through the Forgotten Realms in this action-packed sequel. Choose from five unique heroes including a Barbarian, Monk, Necromancer, Cleric, and Rogue, each with distinct abilities and playstyles. Battle through over 80 levels of dungeons, forests, and treacherous mountain passes while facing hordes of enemies and massive bosses. Master the innovative item crafting system to forge powerful weapons and armor. Team up with a friend in seamless local co-op to tackle challenging quests and uncover legendary treasures. With deep character customization, hundreds of unique items, and multiple difficulty modes, every playthrough offers fresh challenges. Experience refined combat mechanics and stunning visuals that push the boundaries of action-RPGs.",https://images.launchbox-app.com/cf85ad06-ce2f-4c18-a6ac-c5484c5ece8f.jpg
Barbarian,2003-12-01,,60,Fighting,"Enter brutal arena combat where 11 fierce warriors clash with devastating weapons in fully destructible environments. This 3D fighting game delivers Power Stone-inspired arena battles where every object becomes a potential weapon - smash pillars, shatter walls, and wield the debris against your opponents. Each fighter brings unique weapons and combat styles, from massive warhammers to swift blades, with alternate costumes unlocking different default weapons for varied gameplay approaches. The environmental destruction system transforms each battle as arenas crumble under the force of combat, creating dynamic battlegrounds where tactical use of your surroundings determines victory. Master the art of weapon-based combat while turning the very arena into your arsenal in this savage test of strength and strategy.",https://images.launchbox-app.com/197e80a0-1e62-4276-94fd-71cb373ea34a.jpg
Barbie Horse Adventures: Wild Horse Rescue,2003-11-04,,62,Adventure,"Join Barbie on an exciting equestrian adventure across stunning wilderness landscapes! Explore vast open environments on horseback as you search for wild horses that have mysteriously disappeared from the stable. Master your riding skills to navigate challenging terrain including forests, mountains, and meadows while solving puzzles and completing quests. Bond with different horses, each with unique abilities, and customize them with various accessories. Race against time in thrilling chase sequences, perform spectacular jumps, and use special items to overcome obstacles. Features multiple gameplay modes including exploration, racing, and horse care activities. Help Barbie uncover the mystery behind the missing horses while experiencing the freedom of horseback riding in this family-friendly adventure that combines action, puzzle-solving, and horse management elements.",https://images.launchbox-app.com/66f964b5-5909-45a8-bfcb-6f26aa403944.jpg
The Bard's Tale,2004-10-26,,75,Action RPG,"The Bard's Tale delivers a wickedly funny action-RPG experience that gleefully mocks fantasy genre conventions. You play as the Bard, a selfish rogue whose magical lute summons creatures to fight alongside him - from lightning-shooting electric spiders to healing unicorns. Combat blends hack-and-slash action with strategic summoning as you switch between sword, bow, and dirk while your musical companions provide support. The game's sharp wit shines through constant fourth-wall breaking humor, with the narrator mockingly commenting on your every move. Choose between snarky or nice responses that affect your path through this Celtic-inspired world filled with beer-loving dwarves, temperamental princesses, and zombie dance numbers. With over 14 hours of hilarious dialogue, 50 enemy types, and 16 magical summons, this irreverent adventure turns RPG tropes on their head.",https://images.launchbox-app.com/fa99f538-7625-4fab-a96f-00c535547175.jpg
Bass Pro Shops: Trophy Hunter 2007,2006-11-27,,53,Hunting,"Experience the ultimate hunting and fishing adventure across North America's most pristine wilderness areas. Track and hunt over 20 species of big game including deer, elk, bear, and moose using authentic gear from Bass Pro Shops. Master realistic animal behaviors and use calls, scents, and camouflage to outsmart your prey. Cast your line in scenic lakes and rivers to catch trophy bass, trout, and more. Navigate diverse environments from dense forests to open plains with dynamic weather and seasonal changes. Complete challenging missions, participate in tournaments, and build your trophy collection. Features include realistic ballistics, multiple hunting techniques, and a variety of licensed firearms and fishing equipment. Whether stalking a massive bull elk or reeling in a record-breaking bass, every hunt tests your outdoor skills.",https://images.launchbox-app.com/4dc693fc-db8d-47f6-ac4e-ff14fa8dedf5.jpg
Batman Begins,2005-06-14,,66,Action Stealth,"Based on Christopher Nolan's dark reimagining of the Dark Knight's origin, Batman Begins delivers an intense action-adventure experience through the streets and rooftops of Gotham City. Master the art of fear as you employ stealth, intimidation, and combat to strike terror into criminals' hearts. Use Batman's arsenal including batarangs, smoke bombs, and the legendary Batmobile in explosive chase sequences. The innovative fear system lets you manipulate enemies' psychology, causing panic and confusion among their ranks. Blend martial arts combat with detective work as you uncover Scarecrow's sinister plot. From Wayne Manor's training grounds to Arkham Asylum's twisted corridors, experience Batman's transformation from man to legend in this faithful adaptation that captures the film's noir atmosphere and brutal combat style.",https://images.launchbox-app.com/b95a8f31-5f1f-43db-a9ab-ac3a9983f30c.jpg
Batman: Dark Tomorrow,2003-03-18,,27,Action,"Step into the cowl of the Dark Knight in this action-adventure that pushes Batman to his limits. Navigate Gotham's shadowy streets using stealth, detective skills, and an arsenal of gadgets to uncover a sinister plot threatening the entire world. Face off against iconic villains including Ra's al Ghul, Scarecrow, and Mr. Freeze in brutal hand-to-hand combat and tense boss battles. Employ Batman's full range of abilities - from grappling across rooftops to analyzing crime scenes with high-tech equipment. The game features a dark, atmospheric storyline where your choices determine humanity's fate, with multiple endings based on your actions. Master combo-based fighting, solve environmental puzzles, and use the Batcave's resources to upgrade your gear as you race against time to prevent global catastrophe.",https://images.launchbox-app.com/d01c73e6-a8c2-4708-afc4-de2abe4e4b27.jpg
Batman: Rise of Sin Tzu,2003-10-16,,60,Beat Em Up,"Step into the shadows as the Dark Knight in this action-packed beat 'em up adventure. Battle through Gotham's crime-infested streets as Batman faces a deadly new threat - the mysterious Sin Tzu, a master strategist orchestrating chaos across the city. Master Batman's signature combat moves, gadgets, and stealth tactics while taking down waves of thugs and iconic villains including Scarecrow, Clayface, and Bane. Team up with Robin, Batgirl, or Nightwing in cooperative gameplay to execute devastating combo attacks. Explore atmospheric locations from Arkham Asylum to the Gotham docks, using detective skills to uncover Sin Tzu's sinister plot. With fluid martial arts combat, environmental takedowns, and authentic Dark Knight atmosphere, deliver justice to Gotham's underworld.",https://images.launchbox-app.com/7a86699b-ebbe-4029-ac55-2c77f70c65ee.jpg
Batman Vengeance,2001-12-18,,71,Action Adventure,"Step into the cape and cowl of the Dark Knight in this action-packed adventure based on the animated series. Batman Vengeance delivers intense combat as you battle Gotham's most notorious villains including The Joker, Harley Quinn, Mr. Freeze, and Poison Ivy across 19 massive levels. Master Batman's arsenal of gadgets including Batarangs, grappling hooks, and smoke bombs while solving environmental puzzles and uncovering a sinister plot threatening the city. Drive the Batmobile and pilot the Batplane in thrilling vehicular segments. The game features fluid hand-to-hand combat, stealth takedowns, and detective work true to Batman's character. With cel-shaded graphics capturing the animated series' distinctive style and voice acting from the show's cast, experience an authentic Dark Knight adventure where strategy matters as much as strength.",
Battle Engine Aquila,2003-01-20,,73,Action,"Command blazing war machines across epic battlefields in Battle Engine Aquila, where you pilot the legendary Aquila battle walker to defend humanity's last hope. Switch between agile jet mode for aerial combat and devastating walker mode for ground assaults as you lead allied forces against the invading Forseti Empire. Master diverse weaponry from rapid-fire cannons to devastating plasma weapons while commanding tank battalions and air squadrons in massive combined-arms warfare. Navigate varied terrains from scorched deserts to frozen wastelands, adapting your tactics as dynamic weather affects visibility and combat. Experience an intense campaign where your decisions determine which territories to defend and which allies survive the relentless enemy advance.",https://images.launchbox-app.com/0f638114-3307-46da-b919-f31e16487987.jpg
Battlefield 2: Modern Combat,2005-10-24,,79,Shooter,"Command the battlefield in this intense console-exclusive entry in the legendary Battlefield series. Lead squads across massive maps featuring destructible environments and dynamic weather that changes tactical situations. Master the revolutionary HotSwap system to instantly jump between any soldier on the battlefield, turning the tide of war with strategic body-hopping. Command tanks, helicopters, and armored vehicles in epic 24-player online battles across diverse theaters from frozen tundras to scorching deserts. Experience a gripping single-player campaign spanning global hotspots or dive into addictive multiplayer modes including Conquest and Capture the Flag. With refined console controls and stunning visuals, Modern Combat delivers the ultimate large-scale warfare experience.",https://images.launchbox-app.com/279a6f01-9944-4518-b80a-0d537cb66db6.jpg
Battlestar Galactica,2003-11-01,,68,Space Combat,"Based on the 2003 Battlestar Galactica series, this space combat game puts you in the cockpit of a Colonial Viper or Cylon Raider in humanity's desperate fight for survival. Engage in intense dogfights across 16 missions spanning both single-player campaign and multiplayer battles. Master authentic flight controls as you weave through asteroid fields, defend the fleet from Cylon attacks, and execute precision bombing runs on enemy basestars. Switch between multiple fighter craft including the nimble Viper Mark II and heavily-armed Raptor. Experience signature moments from the show while creating your own legend as either human or Cylon pilot. Features full Xbox Live support for 8-player battles across multiple game modes.",https://images.launchbox-app.com/ceae2e2d-8631-4263-8fd3-b191c7153965.jpg
Beat Down: Fists of Vengeance,2005-08-23,,57,Beat Em Up,"Beat Down: Fists of Vengeance throws you into a gritty underworld where five fugitives fight for survival against the mafia syndicate that betrayed them. Choose your fighter and unleash brutal combos in this unique blend of beat 'em up action and RPG elements. Recruit gang members to build your crew, customize your appearance to avoid detection, and engage in intense street fights across Las Vegas. The innovative Respect system lets you intimidate enemies or negotiate your way out of trouble. Switch between different fighting styles, wield various weapons, and execute devastating team attacks with your recruited allies. Navigate the seedy underground of casinos, back alleys, and nightclubs as you hunt down the crime bosses who set you up, building your reputation and power along the way.",https://images.launchbox-app.com/ff9a88ef-7b29-4e12-a7ab-7a9a90c34c9c.jpg
Beyond Good & Evil,2003-12-02,,88,Action Adventure,"Take on the role of Jade, an investigative reporter with a camera and a staff, as she uncovers a planet-spanning conspiracy in this beloved action-adventure. Team up with your uncle Pey'j and the resistance group IRIS to expose the truth behind the alien DomZ invasion threatening your home world of Hillys. Seamlessly blend stealth, combat, puzzle-solving and photography as you infiltrate enemy bases, document evidence of corruption, and battle both DomZ creatures and the supposedly protective Alpha Sections military force. Navigate diverse environments from city hubs to underground caverns using your hovercraft. Capture photos of wildlife to earn credits, engage in vehicle races, and explore a rich world filled with anthropomorphic characters and political intrigue.",https://images.launchbox-app.com/b2f4fadd-83bb-4e5b-a12c-4de3e7732537.jpg
Bicycle Casino,2004-10-11,,55,Gambling,"Experience the famous Bicycle Casino's card room atmosphere without leaving home. Texas Hold'em, Omaha, Seven Card Stud, and other poker variants feature realistic AI opponents with distinct playing styles and tells. The career mode starts at low-stakes tables, earning your way to high-roller rooms through skillful play. Learn from tutorial modes that teach advanced concepts like pot odds and position play. Blackjack, Pai Gow, and other casino games round out the package. While visually basic, the poker AI is surprisingly competent, making this a solid training ground for aspiring card sharks before online poker's explosion.",https://images.launchbox-app.com/311ecd20-c5f5-4092-86ec-97bb84b34353.png
Big Mutha Truckers,2002-12-10,,58,Racing Sim,"Big Mutha Truckers puts you behind the wheel in a wild trucking adventure across America's heartland. Race against time to deliver cargo while building your trucking empire through wheeling and dealing. Choose from four colorful Jackson siblings, each with unique personalities, as you navigate treacherous routes filled with bikers, corrupt cops, and rival truckers. Master the art of supply and demand by buying low and selling high across different cities. Customize and upgrade your massive 18-wheeler with performance parts and defensive equipment. Experience outrageous humor, arcade-style driving physics, and explosive action as you dodge traffic, outrun the law, and complete dangerous delivery missions. From bar room brawls to highway mayhem, prove you've got what it takes to become the ultimate trucker tycoon in this over-the-top racing and trading game that combines business strategy with pedal-to-the-metal action.",https://images.launchbox-app.com/9aa1047b-b9f3-47b3-8759-8483e61bd054.jpg
Big Mutha Truckers 2: Truck Me Harder,2005-07-05,,47,Racing Sim,"Haul cargo across America in this outrageous trucking sequel that cranks up the humor and action. Race through diverse environments from dusty deserts to neon-lit cities as you build your trucking empire. Choose from multiple characters, each with unique storylines and special abilities. Master dangerous delivery missions while dodging rival truckers, biker gangs, and corrupt cops. Upgrade your rig with nitrous boosts, armor plating, and custom paint jobs. The dynamic economy system lets you buy low and sell high across different counties. Engage in high-speed chases, ram competitors off the road, and use dirty tricks to stay ahead. With arcade-style physics, outlandish characters, and irreverent humor, this sequel delivers pure trucking mayhem with attitude.",https://images.launchbox-app.com/83d745b1-145d-43d4-b7bb-f45659fe8cb1.jpg
Bionicle: The Game,2003-10-20,,54,Adventure,"Step into the biomechanical world of Mata Nui as six legendary Toa heroes on a quest to defeat the evil Makuta. Master unique elemental powers as you play through each Toa's journey - wield Tahu's fire sword, surf lava with Lewa's air powers, or use Gali's water abilities to solve environmental puzzles. Battle fierce Rahi creatures and overcome challenging platforming sections across diverse environments from volcanic peaks to underwater temples. Switch between Toa to utilize their distinct masks and weapons, collecting power-ups and unlocking new abilities. Experience the epic LEGO Bionicle saga through cinematic cutscenes and explore richly detailed island landscapes in this action-adventure that brings the beloved toy line to life.",https://images.launchbox-app.com/eebf09fb-7504-4ed2-a89d-2c536778a7ac.jpg
Black,2006-02-24,,77,Shooter,"BLACK delivers an explosive first-person shooter experience where destruction is the star. You play as Sergeant Jack Kellar, a black ops soldier on covert missions across Eastern Europe. Every bullet tears through the environment - walls crumble, cars explode, and glass shatters in spectacular fashion. The game treats guns like superpowers, with thunderous sound design and intense visual effects making every shot feel devastating. Urban warfare reaches new heights as you blast through fully destructible environments using an arsenal of real-world weapons. From tense firefights in abandoned factories to all-out assaults on enemy strongholds, BLACK emphasizes pure action over stealth. The Hollywood-style presentation features cinematic camera work and explosive set pieces that rival action movies. This is shooting at its most visceral and satisfying.",https://images.launchbox-app.com/a2285767-32ab-4b6a-b0fa-4b04b99706cf.jpg
Black Stone: Magic & Steel,2003-03-18,,59,Action RPG,"Choose your destiny in this action-packed hack-and-slash adventure where four unique warriors battle through hordes of enemies. Play as the swift Thief, powerful Warrior, magical Warlock, or cunning Archer, each with distinct combat styles and special abilities. Team up with three friends for intense cooperative gameplay as you fight through diverse fantasy realms filled with deadly creatures and challenging bosses. Master combo attacks, collect powerful weapons and armor, and unleash devastating magic spells. The game blends classic arcade action with RPG elements, featuring multiple difficulty levels and unlockable content. Experience frantic multiplayer battles where teamwork is essential for survival against overwhelming odds in this underrated Xbox exclusive that delivers pure cooperative fun.",https://images.launchbox-app.com/ab7f46e9-b892-4f3f-8e6e-165d2696aa67.jpg
Blade II,2002-09-03,,59,Action,"Based on the Marvel Comics vampire hunter, Blade II delivers intense hack-and-slash action as you battle through hordes of bloodthirsty vampires. Wield Blade's signature sword alongside an arsenal of firearms and explosive devices to devastate the undead menace. Master devastating combo attacks and unlock new fighting techniques as you progress through dark urban environments. The game features a unique ""rage"" system that enhances your combat abilities when activated, allowing for brutal finishing moves. Face off against powerful vampire bosses including members of the deadly Reapers strain. With its gothic atmosphere, fluid combat mechanics, and authentic movie tie-in storyline featuring Wesley Snipes' likeness, Blade II offers a visceral action experience that captures the essence of the film's vampire-hunting thrills.",https://images.launchbox-app.com/3b1cd8f2-889d-4587-9ed7-a0b09638bf1a.jpg
Blinx: The Time Sweeper,2002-10-07,,71,Platformer,"Control time itself as Blinx, a cat janitor who must save reality from time glitches threatening the fabric of existence. Wield powerful time manipulation abilities including pausing, rewinding, fast-forwarding, slowing, and recording time to solve puzzles and defeat enemies. Navigate through warped dimensions where time runs amok, collecting time crystals to fuel your abilities while vacuuming up trash and monsters with your special sweeper. Each world presents unique temporal challenges requiring creative use of your time powers. Battle through 40 stages across 10 distinct worlds, facing off against time monsters and challenging bosses. Master precision platforming while managing your time energy wisely. This Xbox exclusive pioneered real-time manipulation mechanics in 3D platformers.",https://images.launchbox-app.com/1a0a5326-811e-4d55-abd1-980f5cce7672.jpg
Blinx 2: Masters of Time and Space,2004-11-16,,67,Platformer,"Control time and space in this innovative platformer sequel where two rival factions battle across dimensional rifts. Play as both the Time Sweepers and the new Tom Tom Gang, each wielding unique temporal abilities. Rewind mistakes, fast-forward through obstacles, pause enemies mid-attack, and record yourself to create time copies that fight alongside you. The Tom Tom Gang introduces spatial powers - teleport through walls, shift gravity, and manipulate the environment itself. Team up in cooperative multiplayer modes or compete in versus battles where time manipulation meets space-warping chaos. Create custom characters with the deep customization system, choosing appearances, outfits, and ability loadouts. Navigate vibrant worlds filled with time paradoxes, challenging puzzles that blend temporal and spatial mechanics, and bosses requiring mastery of both power sets.",https://images.launchbox-app.com/aa28f4a7-412c-4033-a792-7cedefbd44b6.jpg
BloodRayne,2002-10-15,,73,Action,"BloodRayne follows Rayne, a deadly half-vampire agent hunting Nazis through WWII-era Louisiana and Argentina. Armed with twin arm-mounted blades and devastating vampiric powers, she slices through enemies with visceral combat that blends acrobatic melee attacks with dual-wielded gunplay. Feed on enemies to replenish health and unleash Blood Rage for devastating slow-motion carnage. Navigate atmospheric locations from foggy swamps to secret Nazi compounds while battling mutants, zombies, and occult horrors. Rayne's dhampir abilities include superhuman agility, dilated perception to slow time, and a vampiric vision mode that reveals hidden enemies. The game delivers pure action-horror thrills with its signature mix of stylish combat, gothic atmosphere, and over-the-top violence that defined early 2000s action gaming.",https://images.launchbox-app.com/0082816b-3447-4975-b3b8-4634e773a851.jpg
BloodRayne 2,2004-10-12,,74,Action,"BloodRayne 2 unleashes supernatural vampire action as the deadly dhampir Rayne hunts her vampiric siblings across a dark modern world. Slice through enemies with twin arm blades while executing brutal combos and acrobatic kills. Feed on victims to replenish health and unleash devastating blood rage attacks. Master Rayne's enhanced vampiric powers including dilated perception to slow time, blood fury for increased damage, and aura vision to track prey. Navigate sprawling Gothic environments from opulent mansions to seedy urban underbellies. Dismember foes with visceral finishing moves using harpoons, kicks, and environmental hazards. Experience cinematic boss battles against Rayne's twisted family members, each with unique abilities. This stylish sequel delivers intense hack-and-slash combat, supernatural powers, and dark atmosphere in a vengeful quest to prevent vampire apocalypse.",https://images.launchbox-app.com/2c3c07d0-988e-4cd4-8373-f0d7619caaf4.jpg
Bloody Roar Extreme,2003-05-27,,70,Fighting,"Unleash your inner beast in this explosive 3D fighting game where warriors transform into powerful animal forms mid-combat. Choose from fierce fighters who morph into tigers, wolves, lions, and mythical creatures, each with unique abilities and devastating combos. Master the innovative Beast Drive system to execute spectacular super moves and chain together crushing attacks. The game features intense one-on-one battles across interactive arenas where walls can be broken and opponents launched through barriers. With its fluid combat mechanics, you'll string together punches, kicks, and savage beast attacks in fast-paced matches. Experience multiple game modes including arcade, survival, and versus battles. The strategic depth comes from knowing when to fight as human or beast, as each form offers different strengths. Bloody Roar Extreme delivers visceral fighting action with a wild twist that sets it apart from traditional fighters.",https://images.launchbox-app.com/a844ce9c-87be-4c93-8e80-b3e667113eee.jpg
BMX XXX,2002-11-10,,54,Sports,"BMX XXX pushes extreme sports gaming into controversial territory with its adult-themed BMX action. Race through urban environments performing insane tricks and combos while building your score multiplier. The game features professional BMX riders alongside fictional characters in an arcade-style trick system that rewards creative line building. Unlock new bikes, levels, and video content as you progress through career mode. Multiple game modes include traditional score challenges, races, and objective-based missions across varied locations from construction sites to strip clubs. The physics engine allows for fluid trick combinations mixing grinds, manuals, and aerial stunts. Create custom riders and compete in split-screen multiplayer battles. While notorious for its mature content and provocative unlockables, the core gameplay delivers responsive BMX mechanics with an emphasis on linking tricks for massive scores.",https://images.launchbox-app.com/21082a88-2d13-4b00-96a3-fcdd6113b038.jpg
Breakdown,2004-03-16,,70,Action,"Trapped in a mysterious underground facility with no memory of your past, you must fight for survival using a revolutionary first-person combat system that seamlessly blends hand-to-hand martial arts with gunplay. As Derrick Cole, unleash devastating combo attacks, counter enemy strikes, and discover superhuman abilities that grow stronger as the conspiracy unfolds. This unique action game from Namco pushes Xbox hardware to deliver intense close-quarters battles where every punch, kick, and block feels visceral. Navigate claustrophobic corridors, solve environmental puzzles, and face off against soldiers and supernatural threats. Your mysterious companion Alex guides you through the facility's secrets while reality itself begins to break down around you. With its innovative melee-focused FPS gameplay, cinematic presentation, and mind-bending story that questions the nature of existence, Breakdown delivers an unforgettable journey through conspiracy, combat, and consciousness.",https://images.launchbox-app.com/29334d16-5f2b-4480-978f-d1a720888326.jpg
Breeders' Cup World Thoroughbred Championships,2005-10-18,,66,Racing,"Experience the ultimate horse racing simulation where you breed, train, and race championship thoroughbreds on tracks worldwide. Create your stable from scratch, carefully selecting bloodlines and breeding pairs to produce the next racing legend. Train your horses using detailed conditioning programs, balancing speed work with stamina building. Race at legendary venues including Churchill Downs, Belmont Park, and international tracks. Master race tactics by choosing the perfect jockey, studying track conditions, and timing your moves through the pack. Features authentic Breeders' Cup races with realistic physics and AI opponents. Build your racing empire through strategic breeding decisions and race earnings. The deep breeding system lets you develop champion bloodlines across generations.",https://images.launchbox-app.com/d97dfea7-3924-45b4-b98c-2bd22c169357.jpg
Brian Lara International Cricket 2005,2005-07-15,,81,Sports,"Step into the crease with cricket legend Brian Lara in this comprehensive cricket simulation. Experience authentic Test matches, One Day Internationals, and thrilling Twenty20 cricket across licensed international teams and real stadiums. Master batting with intuitive shot selection including classic drives, cuts, and innovative stroke play. Bowl with precision using swing, seam, and spin variations. The advanced AI delivers realistic field placements and tactical decisions that adapt to match situations. Create custom tournaments, manage team strategies, and guide your nation to World Cup glory. Features detailed player statistics, dynamic weather conditions affecting pitch behavior, and authentic cricket atmosphere with realistic crowd reactions. Whether you're hitting sixes in a T20 thriller or grinding out a Test match victory, this delivers the complete cricket experience with stunning presentation and deep gameplay mechanics that reward skill and strategy.",https://images.launchbox-app.com/505dbae5-9802-4b9a-b331-29c7ffc2eb9f.jpg
Brute Force,2003-05-27,,77,Shooter,"Brute Force delivers explosive squad-based tactical combat in a gritty sci-fi universe. Command an elite team of four specialized operatives, each with unique abilities and devastating weapons. Switch between Tex's dual pistols, Brutus' heavy assault capabilities, Hawk's stealth tactics, and Flint's sniper precision as you battle through alien worlds. The game features dynamic squad AI that lets you issue tactical commands while fighting alongside your team. Environments range from desert wastelands to frozen tundras, each filled with hostile alien species and rival mercenary forces. Master cooperative tactics by combining your squad's abilities - use Hawk's cloaking to scout ahead, then unleash Brutus's berserker rage while Flint provides cover fire. With split-screen multiplayer support, team up with friends for intense co-op missions or compete in deathmatch arenas.",https://images.launchbox-app.com/e8fa2fa7-684b-4b66-b50c-e2dc84f6a737.jpg
Buffy the Vampire Slayer,2002-08-18,,79,Action,"Step into the shoes of Buffy Summers in this Xbox-exclusive action game that perfectly captures the essence of the hit TV series. Battle vampires, demons, and the forces of darkness across Sunnydale using Buffy's signature martial arts moves, acrobatic combos, and slayer powers. Wield an arsenal of weapons from stakes to crossbows, executing devastating finishing moves on your supernatural foes. Experience an original storyline featuring the show's beloved characters, voiced by the actual cast members. Master the innovative combat system that blends hand-to-hand fighting with environmental interactions. Explore familiar locations like Sunnydale High and the Bronze nightclub while uncovering ancient artifacts and mystical secrets.",https://images.launchbox-app.com/8f45d98d-6415-47ec-8967-3ee454b35e16.jpg
Buffy the Vampire Slayer: Chaos Bleeds,2003-08-26,,74,Action,"Step into the supernatural world of Sunnydale as Buffy and the Scooby Gang face an ancient evil threatening multiple dimensions. This action-packed brawler lets you play as six different characters including Buffy, Willow, Xander, Spike, Faith, and even Sid the Dummy, each with unique fighting styles and special abilities. Battle vampires, demons, and otherworldly creatures through familiar locations from the TV series while uncovering a plot involving the mysterious First Evil. Master devastating combo attacks, wield everything from stakes to crossbows, and unleash powerful slayer moves. Team up with a friend in multiplayer arena battles featuring unlockable characters and arenas. With authentic voice acting and an original story that fits seamlessly into the show's mythology, Chaos Bleeds delivers the ultimate Buffy gaming experience.",https://images.launchbox-app.com/0200fa8a-737a-4cc6-93ac-d9eded6ea791.jpg
Burnout,2002-04-30,,79,Racing,"Criterion's revolutionary racer rewards dangerous driving over clean racing lines. Thread between traffic at 180mph to fill your boost meter, then burn it for impossible speeds. Risk equals reward - the closer you drive to disaster, the more boost you earn. Crash mode turns pile-ups into puzzles, challenging you to cause maximum monetary damage. The sense of speed remains unmatched with brilliant motion blur conveying velocity. USA and Euro circuits provide variety though the track count is limited. No licensed cars allows for spectacular crashes without manufacturer restrictions. Burnout established the template for arcade racing excellence that the series would perfect in later entries.",https://images.launchbox-app.com/bf801058-4157-476f-a245-af1599199254.jpg
Burnout 2: Point of Impact,2003-05-01,,86,Racing,"Burnout 2: Point of Impact delivers pure arcade racing adrenaline where speed and destruction collide. Race through dense traffic at breakneck speeds, weaving between cars while building your boost meter through dangerous driving. The revolutionary Crash mode turns destruction into an art form - launch your car into busy intersections to cause maximum carnage and chain reaction pile-ups for massive scores. With over 30 vehicles ranging from compact cars to powerful muscle machines, each race becomes a white-knuckle battle for supremacy. The risk-reward gameplay rewards aggressive driving - drift around corners, drive into oncoming traffic, and barely miss collisions to fill your turbo gauge. Stunning visual effects and a blistering sense of speed make every race an intense thrill ride.",https://images.launchbox-app.com/6acdd8ac-39f5-47bc-b61d-701a12a8709f.jpg
Burnout 3: Takedown,2004-09-07,,94,Racing,"Burnout 3: Takedown redefines arcade racing with its revolutionary crash mechanics and breakneck speed. Race through dense traffic across three continents, using aggressive takedowns to eliminate rivals and trigger spectacular crashes. The groundbreaking Crash Mode turns destruction into an art form, challenging you to create maximum carnage at busy intersections for huge scores. With over 170 events, 70+ cars, and multiple game modes including Race, Road Rage, and Eliminator, every moment delivers pure adrenaline. The risk-reward gameplay rewards dangerous driving with turbo boost, while the Aftertouch system lets you control your car mid-crash to take down opponents. Experience the ultimate arcade racer where speed and destruction collide.",https://images.launchbox-app.com/3c88bd6d-804d-40ca-8846-f6493e562cf3.jpg
Burnout Revenge,2005-09-13,,88,Racing,"Experience the ultimate in aggressive arcade racing where revenge is a dish best served at 200mph. Burnout Revenge transforms racing into a demolition derby where traffic becomes your weapon. Ram same-way traffic to clear paths, trigger massive pile-ups, and send rivals spinning into devastating crashes. Master the revolutionary Traffic Attack mode, compete in crash junctions designed for maximum destruction, and unleash explosive takedowns in races across three continents. The groundbreaking Revenge Meter rewards aggressive driving, while Crash mode challenges you to orchestrate the most spectacular multi-million dollar pile-ups. With blazing speed, visceral combat racing, and the series' signature slow-motion crashes, Burnout Revenge delivers pure automotive mayhem where wrecking rivals is just as important as crossing the finish line first.",https://images.launchbox-app.com/354b8e9a-727c-4990-8c10-df9021f71f56.jpg
Cabela's Big Game Hunter 2005 Adventures,2004-11-02,,67,Hunting,"Embark on the ultimate hunting expedition across North America's most breathtaking wilderness areas. Track and hunt over 20 species of big game including elk, moose, grizzly bears, and mountain lions across diverse environments from dense forests to snow-capped mountains. Master realistic hunting mechanics with wind direction, scent masking, and animal behavior patterns that challenge your skills. Choose from an arsenal of authentic firearms and equipment, each with unique characteristics. Complete challenging missions in Career Hunt mode or explore freely in Quick Hunt. Experience dynamic weather conditions and time-of-day changes that affect animal activity. Use calls, scents, and decoys strategically to lure trophy animals within range. The game's realistic ballistics system accounts for distance, wind, and bullet drop for authentic marksmanship.",https://images.launchbox-app.com/0477b280-e017-48c4-832c-cdeebf3c58d9.jpg
Cabela's Dangerous Hunts,2003-11-11,,68,Hunting,"Step into the wild as an elite hunter facing nature's deadliest predators in intense survival scenarios. Track and hunt dangerous animals across diverse global locations, from African savannas to Alaskan wilderness. Experience heart-pounding encounters with bears, lions, leopards, and other lethal creatures that stalk you as much as you hunt them. Master an arsenal of authentic weapons and equipment while using strategic hunting techniques to survive. The innovative ""Hunter Sense"" mechanic lets you detect animal movements and weak points in critical moments. Navigate treacherous terrain, set traps, and make split-second decisions when predators attack. With a gripping story mode and challenging hunting scenarios, every expedition tests your skills against nature's apex predators in this ultimate dangerous game hunting experience.",https://images.launchbox-app.com/8a69f97a-6b47-40ee-b98f-cb02782b28cd.jpg
Cabela's Dangerous Hunts 2,2005-11-15,,70,Hunting,"Track the world's most dangerous game in this intense hunting adventure that takes you across diverse global locations from Alaska to Africa. Face off against aggressive predators including grizzly bears, lions, rhinos, and crocodiles that actively stalk and attack you, turning hunter into hunted. Experience heart-pounding action with the innovative ""Action Zone"" feature that slows time for precise shots during deadly animal charges. Navigate treacherous terrain while tracking your prey through forests, mountains, and savannas. Use an arsenal of authentic weapons and equipment to survive encounters with nature's fiercest creatures. Complete challenging missions that test your hunting skills, survival instincts, and nerve as you pursue legendary trophy animals while avoiding becoming prey yourself.",https://images.launchbox-app.com/45ce1d30-4495-4077-882c-fe4330fc501a.jpg
Cabela's Deer Hunt: 2004 Season,2003-08-26,,62,Hunting,"Step into the boots of a seasoned hunter in Cabela's Deer Hunt: 2004 Season, where patience and precision determine success. Track trophy bucks across diverse North American hunting grounds, from dense forests to open fields. Master realistic ballistics as wind, distance, and bullet drop affect every shot. Use authentic hunting gear including rifles, bows, calls, and scents to outsmart wary deer with advanced AI behaviors. Hunt through changing seasons and weather conditions that impact animal movement patterns. Complete challenging objectives in Career Mode or jump into Quick Hunt for instant action. Features multiple deer species including whitetail, mule deer, and blacktail across expansive environments. Experience the thrill of the hunt with realistic animal animations and authentic outdoor atmosphere.",https://images.launchbox-app.com/0eb12b62-7ddb-4cb0-a3cc-518a0ed86a77.jpg
Cabela's Deer Hunt: 2005 Season,2004-08-31,,64,Hunting,"Experience the ultimate deer hunting simulation in Cabela's Deer Hunt: 2005 Season. Track trophy bucks across diverse North American environments, from dense forests to open meadows. Master realistic hunting mechanics including scent masking, wind direction, and calling techniques. Choose from an arsenal of authentic firearms and equipment from top hunting brands. Hunt multiple deer species including whitetail, mule deer, and blacktail across challenging terrains. Features include dynamic weather, seasonal changes affecting animal behavior, and a comprehensive trophy room to showcase your achievements. Test your skills in tournament modes or free hunt across expansive maps. With realistic ballistics and animal AI, every hunt demands patience, strategy, and precision for success.",https://images.launchbox-app.com/a887a51a-8d6a-416b-b625-5ff1395cf143.jpg
Cabela's Outdoor Adventures,2005-09-21,,66,Outdoors,"Join expert hunter Jim Shockey on the ultimate outdoor expedition across North America's most breathtaking wilderness locations. Track and hunt over 30 species of big game including elk, moose, bears, and mountain lions using authentic Cabela's gear and weapons. Master varied hunting techniques from spot-and-stalk to calling strategies as you adapt to changing weather conditions and animal behaviors. Experience heart-pounding encounters in diverse environments from Alaskan tundra to desert canyons. Complete challenging missions, unlock new equipment, and test your skills in arcade shooting galleries. Features realistic animal AI, dynamic weather systems, and multiple difficulty modes for hunters of all experience levels. Whether you're stalking trophy bucks or defending against predator attacks, every hunt delivers authentic outdoor thrills.",https://images.launchbox-app.com/f17d6b6e-85bf-4d69-ae58-fdf6924d2fb6.jpg
Call of Cthulhu: Dark Corners of the Earth,2005-10-24,,75,Horror,"Immerse yourself in cosmic horror as private investigator Jack Walters uncovers the dark secrets of Innsmouth in this survival horror masterpiece based on H.P. Lovecraft's mythos. Experience true psychological terror with no HUD and no weapons for the first hours - survival depends on stealth, cunning, and maintaining your sanity. The innovative sanity system makes you vulnerable to panic attacks and hallucinations when witnessing horrific events. Solve complex puzzles, engage in desperate chase sequences, and eventually fight otherworldly horrors with period-appropriate weapons. Dynamic injuries affect movement and vision, requiring medical attention to survive. From the shadowy streets of Innsmouth to alien dimensions, every moment builds dread through atmospheric storytelling and disturbing visuals that capture Lovecraft's vision perfectly.",https://images.launchbox-app.com/386994cf-b7f4-4925-9003-694ca164fb13.jpg
Call of Duty: Finest Hour,2004-11-16,,76,Shooter,"Experience the intensity of World War II's most pivotal battles in Call of Duty: Finest Hour. Fight alongside American, British, and Soviet forces across multiple theaters of war, from the frozen streets of Stalingrad to the scorching deserts of North Africa. Command tanks in epic armored warfare, storm enemy positions with your squad, and engage in fierce close-quarters combat. Each campaign delivers authentic weapons, vehicles, and combat scenarios inspired by real historical battles. The game features immersive single-player missions with varied objectives including sabotage, defense, and all-out assault. Feel the chaos of war through intense sound design and cinematic presentation that puts you in the boots of ordinary soldiers facing extraordinary circumstances.",https://images.launchbox-app.com/19413d8b-67ab-4243-9f4c-a25b437c6f9d.jpg
Call of Duty 2: Big Red One,2005-11-01,,75,Shooter,"Experience the grit and camaraderie of WWII's legendary 1st Infantry Division in Call of Duty 2: Big Red One. Fight through the scorching deserts of North Africa, storm the beaches of Sicily, and liberate war-torn France as you follow one squad's journey through history's greatest conflict. Unlike other Call of Duty titles, Big Red One focuses on the bonds between soldiers, featuring recurring squadmates whose survival depends on your actions. Engage in intense infantry combat, operate tanks and aircraft, and coordinate with your AI companions using authentic WWII weapons. The campaign spans three years of brutal warfare across multiple theaters, from the Kasserine Pass to the liberation of Europe. Immersive voice acting and cinematic presentation bring your squad's personal story to life amidst epic battles.",https://images.launchbox-app.com/1486e35a-41f0-4ea2-800f-7d5b940db24f.jpg
Call of Duty 3,2006-11-07,,80,Shooter,"Experience the chaos and intensity of WWII's liberation of France in Call of Duty 3. Fight through the Normandy Breakout campaign across multiple perspectives - American, British, Canadian, and Polish forces each bring unique missions and storylines. Engage in visceral close-quarters combat with enhanced melee mechanics and hand-to-hand fighting sequences. Battle through destructible environments from hedgerow country to war-torn villages. Drive tanks, jeeps, and motorcycles in action-packed vehicle sections. The branching mission paths let you choose different routes through battlefields. Multiplayer supports up to 24 players in massive online battles across various game modes. Feel the authentic atmosphere through stunning visuals and immersive sound design that captures the brutal reality of 1944 warfare.",https://images.launchbox-app.com/ec2cd95f-a52c-4819-8e11-649fd6b44ebe.jpg
Capcom Classics Collection,2005-09-27,,82,Compilation,"Relive gaming's golden age with Capcom Classics Collection, an essential anthology featuring over 20 arcade masterpieces from the legendary publisher. Battle through Streets of Rage-inspired brawlers like Final Fight and Captain Commando, test your reflexes in shoot-em-ups such as 1942 and Commando, or master the precise combat of Street Fighter II. Each game faithfully recreates the original arcade experience with authentic graphics and sounds, while adding modern conveniences like adjustable difficulty and save states. Unlock bonus content including original artwork, music tracks, and developer interviews that chronicle Capcom's arcade legacy. From Ghosts 'n Goblins' punishing platforming to the puzzle action of Super Puzzle Fighter, this collection spans multiple genres and decades of innovation. Whether you're a veteran seeking nostalgia or a newcomer discovering these classics, experience the titles that defined arcade gaming and influenced generations of developers.",https://images.launchbox-app.com/a2d60ff9-67e7-4091-9f58-bfc6859ca640.jpg
Capcom vs. SNK 2 EO,2003-02-11,,82,Fighting,The ultimate crossover fighter brings together Street Fighter and King of Fighters rosters in the deepest fighting system ever created. Six different grooves fundamentally change gameplay - from Street Fighter Alpha's custom combos to KOF's running. The ratio system lets you build teams with point values balancing powerful characters against multiple fighters. EO version adds simplified controls making special moves accessible to newcomers. The roster of 44 characters spans both companies' histories with surprising inclusions like Morrigan and Athena. Online play via Xbox Live extended the game's competitive life. Capcom vs. SNK 2 remains many players' favorite 2D fighter for its unmatched variety and balance.,https://images.launchbox-app.com/c200cff6-3a66-4f17-a544-3886a5c66d33.jpg
Carmen Sandiego: The Secret of the Stolen Drums,2004-09-14,,68,Adventure,"Join master thief Carmen Sandiego in this rhythmic adventure that combines stealth gameplay with musical challenges! Track Carmen across exotic global locations as you solve puzzles and uncover clues about the mysterious stolen drums. Each mission blends traditional point-and-click detective work with innovative rhythm-based mini-games where timing is everything. Use high-tech ACME gadgets to analyze evidence, interrogate suspects, and decode Carmen's cryptic messages. The game features fully voiced characters, vibrant cel-shaded graphics capturing the animated series' style, and an educational twist that teaches geography and world cultures. Race against time to stop Carmen's musical heist before she escapes! Can you outsmart the world's greatest thief?",https://images.launchbox-app.com/f065e08b-bf50-4296-8b15-3c31067ae464.jpg
Cars,2006-06-06,,69,Racing,"Race through the world of Disney-Pixar's Cars as Lightning McQueen and other beloved characters from Radiator Springs. Experience high-octane racing action across diverse tracks inspired by the movie, from dusty desert roads to the iconic Radiator Springs Speedway. Master power slides, turbo boosts, and spectacular jumps while competing in Championship races and thrilling mini-games. Explore an open-world environment where you can freely cruise around Radiator Springs, discovering hidden areas and collecting bonus items. Challenge friends in split-screen multiplayer races or tackle Piston Cup championships against fierce AI opponents. Customize your favorite characters with new paint jobs and upgrades to enhance speed, acceleration, and handling. With arcade-style racing that's accessible for younger players yet engaging enough for all ages, Cars delivers the charm and humor of the Pixar film in an exciting racing adventure.",https://images.launchbox-app.com/683dfa77-dd50-4564-aa74-add1c7e5e2f5.jpg
Carve,2004-02-24,,66,Racing,"Make waves on Xbox Live in this jet-ski racer emphasizing tricks and online competition. Perform aerial stunts off massive waves while racing through tropical locations. The trick system links combos for huge scores while building boost. Environmental hazards include sharks, mines, and waterfalls adding danger to races. Create custom riders and watercraft with extensive personalization options. Xbox Live support includes tournaments and downloadable content expanding tracks. The water physics impressively simulate waves affecting racing lines. While lacking depth for solo players, Carve's online focus made it an early Xbox Live showcase. Jet-ski racing never looked better even if content was limited.",https://images.launchbox-app.com/c16a6d17-2656-4dae-ad6e-65406f747ea5.jpg
Castlevania: Curse of Darkness,2005-11-01,,70,Action,"Wield the dark powers of Devil Forging in this gothic action-RPG set three years after Dracula's defeat. As Hector, a Devil Forgemaster seeking vengeance for his murdered love, craft and command Innocent Devils - demonic familiars that evolve based on your weapon choices. Battle through sprawling 3D environments from abandoned castles to cursed forests, mastering weapon combos with swords, spears, and axes. Your Devils fight alongside you, providing unique abilities from healing to devastating attacks. Collect materials to forge powerful weapons and armor while uncovering a conspiracy that threatens to resurrect the Dark Lord. With its deep crafting system, pet-like Devil companions, and strategic real-time combat, Curse of Darkness revolutionizes the Castlevania formula in a dark tale of betrayal and redemption.",https://images.launchbox-app.com/7c54a3ca-09ec-4bc8-a493-a01a35c8ba05.jpg
Catwoman,2004-07-23,,46,Action,"Step into the sleek leather suit of DC's most enigmatic anti-heroine in this action-adventure based on the 2004 film. As Catwoman, prowl through a dark urban landscape using feline-inspired acrobatics and combat moves. Scale walls, leap across rooftops, and pounce on enemies with cat-like agility. The innovative ""cat sense"" mechanic lets you see in the dark and track scents, while your razor-sharp claws serve as both weapons and climbing tools. Master a unique whip-based combat system to disarm foes and swing across gaps. Uncover a sinister corporate conspiracy involving a deadly beauty product while balancing Patience Phillips' dual identity. With its emphasis on vertical exploration and predatory stealth gameplay, experience the thrill of becoming Gotham's most agile thief.",https://images.launchbox-app.com/bdab2656-e732-418a-ad6f-316ca3f2ed8b.jpg
Championship Manager: Season 01/02,2002-04-19,,83,Management,"Take control of your favorite football club in this definitive management simulation. Championship Manager: Season 01/02 puts you in the hot seat with complete tactical control, transfer negotiations, and squad management across multiple leagues worldwide. Scout emerging talents, develop youth prospects, and build dynasties with over 100,000 real players and staff. The game's legendary match engine delivers realistic results based on your tactical decisions, while the intuitive interface lets you handle everything from training schedules to contract talks. Experience the pressure of the transfer window, manage team morale, and make crucial decisions that determine success or failure. With authentic 2001/02 season data and endless replayability, this edition remains a beloved classic that captures the essence of football management at its finest.",
Championship Manager: Season 02/03,2003-03-21,,81,Management,"Take control of your favorite football club in this comprehensive management simulation that puts you in the hot seat for the 2002/03 season. Scout and sign players from leagues worldwide, craft tactical masterplans, and guide your team through domestic leagues and European competitions. With an extensive database featuring over 100,000 real players and staff across 26 playable leagues, every decision matters as you balance budgets, handle press conferences, and develop youth prospects. The enhanced match engine delivers realistic results while the improved interface streamlines squad management. Whether you're steering giants like Manchester United to glory or taking lower division clubs to unprecedented heights, Championship Manager 02/03 offers unparalleled depth in football management simulation, letting you write your own success story one match at a time.",
Championship Manager 5,2005-04-08,,61,Management,"Take control of your favorite football club in Championship Manager 5, the beloved management simulation that puts you in the hot seat. Scout and sign talented players from around the globe, develop winning tactics, and guide your team through intense league campaigns and cup competitions. With an extensive database featuring thousands of real players and clubs, every decision matters as you balance budgets, handle media pressure, and manage squad morale. The enhanced match engine delivers realistic gameplay while detailed statistics help you analyze performance and refine your strategies. From lower leagues to continental glory, build your managerial legacy through shrewd transfers, tactical mastery, and inspiring team talks. Experience the thrill of matchday as your carefully crafted plans unfold on the pitch.",https://images.launchbox-app.com/86dcd5b7-8347-49c0-af47-235a751206c4.jpg
Charlie and the Chocolate Factory,2005-07-12,,62,Adventure,"Step into Willy Wonka's magical chocolate factory in this whimsical adventure based on Tim Burton's film. Play as Charlie Bucket and explore fantastical environments filled with Oompa-Loompas, candy gardens, and mysterious machinery. Navigate through iconic locations like the Chocolate Room, Inventing Room, and Television Room while solving puzzles and collecting Wonka Bars. Help rescue the other children from their candy-induced predicaments using special abilities and gadgets. Mix candy combinations to create unique power-ups, command Oompa-Loompas to assist with tasks, and unlock secret areas throughout the factory. Experience the wonder of Wonka's world through colorful graphics, quirky humor, and imaginative gameplay mechanics that bring Roald Dahl's beloved story to life.",https://images.launchbox-app.com/900da66e-78b7-47a7-97e6-ae0a54511602.jpg
Chase: Hollywood Stunt Driver,2002-09-23,,55,Racing,"Experience the adrenaline-fueled world of Hollywood stunt driving in this unique action-racing game. Take on the role of Chase Corrada, a young stuntwoman making her mark in the movie industry. Perform death-defying stunts across diverse film sets, from explosive action sequences to precision driving challenges. Master handbrake turns, jumps, and crashes while hitting your marks perfectly to impress demanding directors. Each mission presents new vehicular challenges - race through city streets, navigate treacherous mountain roads, and execute spectacular set pieces. The game blends arcade racing with mission-based objectives, requiring both speed and precision. Unlock new vehicles and stunts as you rise from rookie to Hollywood's most sought-after stunt driver.",https://images.launchbox-app.com/f0398e05-6d2f-4632-96fc-b7330094893e.jpg
Chessmaster 10th Edition,2004-10-28,,78,Strategy,"Challenge your mind with the ultimate chess experience in Chessmaster 10th Edition, where centuries of chess mastery meet cutting-edge technology. Master the royal game through comprehensive tutorials from International Master Josh Waitzkin, guiding players from basic moves to advanced strategies. Face off against dozens of AI personalities, each with unique playing styles and skill levels, from beginners to grandmasters. The revolutionary King engine adapts to your skill level, providing the perfect challenge every time. Analyze your games with powerful tools, study famous historical matches, and solve hundreds of chess puzzles. Practice openings, endgames, and tactical combinations in dedicated training modes. With stunning 3D and 2D board designs, online multiplayer support, and a massive database of classic games, this definitive chess simulator offers endless ways to improve your game and discover the beauty of chess.",
Chicago Enforcer,2005-02-17,,36,Shooter,"Step into the shoes of Jimmy ""Machine Gun"" DeMora, a mobster turned enforcer in 1930s Chicago during the height of Prohibition. Chicago Enforcer delivers intense first-person shooter action as you blast your way through the criminal underworld using authentic period weapons like Tommy guns, shotguns, and revolvers. Navigate through speakeasies, warehouses, and city streets while battling rival gangs and corrupt cops. The game features destructible environments, allowing you to shoot through walls and use cover strategically. Experience mob warfare with vehicular combat sequences, including dramatic car chases and drive-by shootings. Each mission advances the gritty storyline of revenge and power in organized crime. With its noir atmosphere, period-accurate settings, and brutal gunplay, Chicago Enforcer captures the violent essence of gangster-era Chicago where loyalty is everything and betrayal means death.",https://images.launchbox-app.com/b2aea59a-86b0-40d5-af93-a3bf83e9686a.jpg
Circus Maximus: Chariot Wars,2002-02-25,,66,Racing,"Experience the brutal spectacle of ancient Rome's deadliest sport in Circus Maximus: Chariot Wars. Race through the empire's greatest arenas as warrior-charioteers battle for glory and survival. Master your horses while wielding deadly weapons - ram opponents into walls, slash with blades, and unleash devastating special attacks. Choose from multiple factions including Romans, Greeks, and Barbarians, each with unique chariots and combat styles. Navigate treacherous tracks filled with obstacles, shortcuts, and environmental hazards. Build your reputation through the campaign mode or challenge friends in savage multiplayer races. With visceral combat mechanics and authentic Roman atmosphere, every race becomes a fight to the death where speed and strategy collide.",https://images.launchbox-app.com/6a9227c8-3f67-4b3d-a014-abcaa535c7cd.jpg
Classified: The Sentinel Crisis,2005-04-05,,60,Shooter,"This budget FPS surprises with competent gameplay despite generic presentation. As soldier Blake, stop the terrorist organization Sentinel from deploying a super weapon. Levels span global locations from jungle compounds to arctic bases with decent variety. The shooting feels solid with responsive controls and satisfying weapon feedback. Gadgets include night vision, thermal imaging, and remote cameras for tactical approaches. Multiplayer includes standard deathmatch and CTF modes for split-screen battles. While everything screams ""generic shooter"" from character design to plot, the core gameplay loop works. For its budget price, Classified delivers acceptable shooting action when you've exhausted premium options.",https://images.launchbox-app.com/9ee601a7-6ef0-4501-ab7d-30e9d145de66.jpg
Close Combat: First to Fight,2005-04-06,,72,Shooter,"Lead your Marine fire team through the urban battlefields of Beirut in this tactical first-person shooter that emphasizes authentic military tactics and teamwork. Experience combat through the eyes of real Marines, using actual Close Quarters Battle doctrine and the Marine Corps' proven ""Ready-Team-Fire-Assist"" strategy. Command your AI squadmates with simple orders as you clear buildings, suppress enemies, and advance through hostile territory. Every decision matters as you coordinate flanking maneuvers, call for support, and adapt to dynamic combat situations. Built with input from active-duty Marines, the game delivers an unprecedented level of realism in urban warfare. Face insurgents in intense firefights where cover, suppression, and tactical movement mean the difference between success and failure in this groundbreaking military shooter.",https://images.launchbox-app.com/8121d9c7-467b-4797-a178-8135af05e0cb.png
Club Football,2003-10-10,,69,Sports,"Choose your favorite football club and lead them to glory in this unique sports management simulation. Club Football puts you in complete control of real teams from leagues across Europe, letting you manage everything from tactics and training to transfers and team selection. Experience authentic club atmospheres with official kits, stadiums, and chants that bring match days to life. The innovative training system allows you to develop young talents into superstars while veteran players mentor the next generation. Strategic depth meets accessibility as you balance formations, player morale, and finances to build a dynasty. Whether you're orchestrating attacks from the sideline or negotiating crucial transfers, every decision shapes your club's destiny in this immersive football management experience.",https://images.launchbox-app.com/89d77f66-f135-4107-ad25-95e428cbfaf1.jpg
Club Football 2005,2004-10-29,,67,Sports,"Take control of your favorite football club in this comprehensive management simulation that puts you in the dugout of over 40 officially licensed teams from across Europe's top leagues. Build your dream squad through strategic transfers, develop youth players into superstars, and guide your team to glory across multiple competitions including domestic leagues, cups, and European tournaments. Experience the pressure of matchday with detailed 3D match engine that brings tactical decisions to life, allowing you to make crucial substitutions and formation changes in real-time. Manage every aspect of your club from training schedules and staff appointments to stadium upgrades and financial budgets. Navigate the complexities of player morale, handle press conferences that impact team confidence, and deal with boardroom expectations as you balance short-term success with long-term sustainability. Whether you're rescuing a struggling team from relegation or maintaining dominance with a top club, every decision shapes your legacy as you write your own football story.",https://images.launchbox-app.com/89d77f66-f135-4107-ad25-95e428cbfaf1.jpg
Cold Fear,2005-03-15,,71,Horror,"Cold Fear delivers survival horror on the high seas as you battle grotesque creatures aboard a storm-battered Russian whaler. As Coast Guard officer Tom Hansen, you face infected crew members transformed into zombie-like enemies while the ship pitches violently in massive waves. The dynamic environment becomes your enemy - torrential rain affects visibility, huge swells throw you off balance, and the ship's constant motion impacts your aim. Switch between fixed camera angles reminiscent of classic survival horror and over-the-shoulder aiming for intense combat. Explore claustrophobic corridors, solve environmental puzzles, and uncover the dark conspiracy behind the outbreak. With limited ammunition and relentless enemies, every encounter demands strategy and nerve in this atmospheric maritime nightmare.",https://images.launchbox-app.com/c905e3e4-7b16-4530-accf-a04c6396ae02.jpg
Cold War,2005-09-27,,66,Stealth Action,"Navigate 1986 Moscow as freelance journalist Matthew Carter, framed for attempted assassination and trapped in a deadly conspiracy. This stealth-action thriller emphasizes realistic espionage over acrobatics - you're a civilian reporter, not a super-spy. Master the innovative gadget creation system, turning everyday objects into survival tools and improvised weapons. Evade or eliminate KGB forces using multiple approaches: sneak through shadows, create distractions, or fight when cornered. The branching gameplay lets you choose your path through Soviet political prisons and military installations. Craft ingenious devices from recovered materials while uncovering an international plot to control the USSR. With its unique protagonist, inventive gameplay mechanics, and Cold War atmosphere, this thinking-person's stealth game rewards creativity over brute force.",https://images.launchbox-app.com/1b23467f-48c9-4520-9f38-7484728f3fa9.jpg
Colin McRae Rally 04,2003-09-26,,85,Racing,"Experience the raw intensity of championship rally racing as you tear through 8 countries across mud, gravel, snow and tarmac. Master over 20 licensed vehicles including the Subaru Impreza, Mitsubishi Lancer Evolution and Ford Focus RS. Feel every bump and slide with revolutionary car damage that affects handling - smash your suspension and you'll fight to control your wounded machine. Race through 48 demanding stages in Championship mode or go head-to-head in split-screen multiplayer. Create custom rallies, perfect your technique in the Rally School, and push your skills in extreme weather conditions. With Colin McRae's expertise guiding the authentic physics engine, this delivers the most realistic rally experience on Xbox.",https://images.launchbox-app.com/7c3bc006-3563-4172-a997-0e4ccb931e99.jpg
Celebrity Deathmatch,2003-10-14,,53,Fighting,"Step into the ring where pop culture icons settle their scores in brutal clay-animated combat! Celebrity Deathmatch brings MTV's infamous show to life with outrageous fighting action. Choose from dozens of celebrities, each with unique moves and hilarious special attacks inspired by their real-world personas. Battle through multiple game modes including single-player episodes that mirror the show's format, complete with commentary from Mills Lane. The game features destructible environments, over-the-top finishing moves, and weapons ranging from baseball bats to chainsaws. Create custom matches between unlikely opponents or recreate classic feuds from the show. With its distinctive claymation-style graphics, dark humor, and roster of recognizable fighters from musicians to actors to athletes, this brawler delivers satisfying combat with a twisted comedic edge that captures the show's irreverent spirit.",https://images.launchbox-app.com/cec29b27-abec-431d-97d0-bb05b100732d.jpg
Championship Manager 2006,2006-03-30,,53,Sports Management,"Take control of your favorite football club and guide them to glory in Championship Manager 2006. This legendary management simulation puts you in the hot seat, making crucial decisions on tactics, transfers, and team selection. Scout promising talent from around the globe, negotiate shrewd deals in the transfer market, and develop youth prospects into world-class stars. With an extensive database covering leagues worldwide, you'll analyze match statistics, manage player morale, and adapt your tactics to outwit opponents. Experience the pressure of the dugout as you handle press conferences, deal with board expectations, and navigate the complexities of modern football management. Whether you're taking a lower league team to the top or maintaining dominance with giants, every decision shapes your legacy.",https://images.launchbox-app.com/963e42da-60f7-4bf9-93cc-4c1dd49d69fb.jpg
Chessmaster,2002-11-01,,78,Strategy,"Challenge your strategic mind in Chessmaster, the ultimate chess experience that transforms the ancient game into a modern masterpiece. Face off against an advanced AI with adjustable difficulty levels ranging from beginner to grandmaster, ensuring perfect matches for players of any skill. Learn from built-in tutorials and chess lessons taught by International Master Josh Waitzkin, while the game's comprehensive analysis tools help you understand every move. Practice with over 900 classic chess puzzles and famous historical matches. The innovative personality-based AI opponents each have unique playing styles, from aggressive attackers to cautious defenders, making every game feel fresh. With multiple board designs, piece sets, and environments, plus online multiplayer support, Chessmaster delivers the definitive digital chess experience for enthusiasts and newcomers alike.",https://images.launchbox-app.com/f9f0c2ff-fe09-4f7d-ae64-c476955e4b78.jpg
Colin McRae Rally 3,2003-01-10,,83,Racing,"Colin McRae Rally 3 delivers the ultimate rally racing experience with championship stages across eight countries including Japan, Australia, and the USA. Master over 30 officially licensed cars from top manufacturers like Subaru, Mitsubishi, and Ford as you tackle diverse terrain from snow-covered Finnish forests to dusty Greek mountain roads. The revolutionary damage system affects your car's performance - lose a wheel, smash your windscreen, or wreck your suspension as every impact matters. Face challenging weather conditions with dynamic rain, fog, and changing road surfaces that demand split-second decisions. Compete in Championship, Stage Rally, and 4-player split-screen modes. With Colin McRae as your co-driver calling pace notes, experience the intense concentration and raw speed of professional rallying.",https://images.launchbox-app.com/f55c0655-49fa-4468-9c7b-21714ca29166.jpg
Colin McRae Rally 2005,2004-09-24,,85,Racing,"Colin McRae Rally 2005 delivers the ultimate rally racing experience with over 30 rally cars spanning 50 years of motorsport history. Race through 9 international locations including Germany, Japan, and the UK across more than 70 challenging stages. The revolutionary damage system affects your car's performance - every crash, scrape and bump impacts handling, making each race uniquely intense. Career mode lets you build your reputation from rookie to champion, managing repairs between stages and making crucial setup decisions. The game features authentic pace notes from Derek Ringer, McRae's actual co-driver, guiding you through treacherous corners and jumps. With 4-player split-screen multiplayer and online leaderboards, you can prove your skills against friends and rivals worldwide. Master different surfaces from gravel to tarmac, each demanding unique driving techniques in this definitive rally simulation.",https://images.launchbox-app.com/d2244658-5a2d-4e0e-b532-26f8003f65bb.jpg
Codename: Kids Next Door – Operation: V.I.D.E.O.G.A.M.E.,2005-10-11,,66,Action,"Join the Kids Next Door in this action-packed adventure based on the hit Cartoon Network series! Play as all five KND operatives - Numbuh 1 through 5 - each with unique abilities and signature weapons. Battle through missions against the Delightful Children, Father, and other adult villains threatening kid-kind. Switch between characters on the fly to solve puzzles and overcome obstacles using teamwork. Explore iconic locations from the show including the KND Treehouse, combining platforming, combat, and stealth gameplay. Collect power-ups, unlock special 2x4 technology weapons, and complete bonus objectives. Features single-player story mode and local co-op multiplayer modes. Defend childhood freedom in this colorful cartoon adventure that captures the show's humor and style!",https://images.launchbox-app.com/6cb0f772-cee1-4055-a473-75357f9d2fa1.jpg
College Hoops 2K6,2005-11-21,,75,Sports,"Take the hardwood in College Hoops 2K6, where passion and tradition collide in the ultimate NCAA basketball experience. Build your legacy through the innovative Legacy Mode, recruiting top high school talent and developing them into championship contenders. Experience authentic college atmosphere with fight songs, mascots, and home court advantages that impact gameplay. The deep coaching system lets you call plays, adjust strategies, and manage rotations like a real coach. With over 300 Division I teams, accurate rosters, and signature moves for star players, every game captures the intensity of March Madness. The refined gameplay engine delivers realistic ball physics, improved AI, and smooth animations that bring college basketball's unique style to life.",https://images.launchbox-app.com/202ce1f9-b897-4541-ab08-422b227d8019.png
College Hoops 2K7,2006-11-22,,73,Sports,"Hit the hardwood with College Hoops 2K7, where March Madness comes alive year-round. Experience the raw intensity of NCAA basketball as you lead over 325 Division I schools to glory. The innovative Legacy Mode lets you build a powerhouse program from the ground up, recruiting top high school talent while managing academic standards and team chemistry. Feel the home court advantage with authentic fight songs, mascots, and student sections that erupt with every clutch shot. The deep playbook system captures each school's unique style, from Princeton's methodical offense to Duke's pressure defense. Create your own baller and take them from freshman walk-on to All-American legend. With ESPN Integration bringing real broadcast presentation and Dick Vitale's energetic commentary, every game feels like a primetime showdown.",https://images.launchbox-app.com/6136a7b5-ea61-449f-a765-7d0a5fe5511e.jpg
Combat Elite: WWII Paratroopers,2005-11-21,,59,Shooter,"Lead your elite squad of WWII paratroopers through intense tactical combat missions across Nazi-occupied Europe. Command a specialized team where each soldier possesses unique skills crucial for survival behind enemy lines. Plan coordinated assaults using authentic WWII weapons and equipment while managing limited resources and ammunition. The innovative squad-based gameplay emphasizes strategic positioning and teamwork over run-and-gun action. Navigate through destructible environments, from French villages to German strongholds, adapting tactics to each battlefield. Experience the brutal reality of airborne operations where every decision impacts your squad's survival. Authentic period atmosphere combines with accessible controls to deliver a compelling WWII tactical experience.",https://images.launchbox-app.com/acac4bb8-1198-4b0d-88e4-3332ea6b7476.jpg
Commandos 2: Men of Courage,2002-09-20,,87,Strategy,"Lead an elite team of Allied commandos behind enemy lines in this tactical stealth masterpiece. Control nine unique specialists including the Green Beret, Sniper, and Spy, each with distinct abilities crucial for mission success. Infiltrate Nazi strongholds across diverse environments from Arctic bases to tropical islands and submarine pens. Master real-time tactical gameplay combining stealth, strategy, and action as you sabotage enemy operations, rescue POWs, and steal vital intelligence. Use disguises, distractions, and synchronized teamwork to overcome overwhelming odds. With multiple approaches to each objective, environmental interactions, and split-screen simultaneous control, every mission demands careful planning and flawless execution in this definitive World War II commando experience.",https://images.launchbox-app.com/9977bc5f-9ecc-410b-afcf-85c38ac4669b.jpg
Commandos Strike Force,2006-03-14,,57,Shooter,"Experience World War II from three unique perspectives in this tactical first-person shooter. Take control of a Green Beret, Sniper, and Spy, each with specialized skills crucial for mission success. The Green Beret excels in close combat and heavy weapons, the Sniper eliminates targets from afar with deadly precision, while the Spy infiltrates enemy lines using disguises and stealth. Navigate through Norway, France, and Russia in authentic WWII environments. Switch between characters mid-mission to adapt your strategy - use the Spy to gather intel, position your Sniper for the perfect shot, then send in the Green Beret for explosive action. Combining tactical planning with intense FPS combat, Commandos Strike Force delivers a unique blend of strategy and action where every decision matters.",https://images.launchbox-app.com/4dabad27-c30b-4aba-ab29-521b6dd65262.jpg
Conan,2004-09-30,,69,Action,"Enter a savage world of brutal combat and dark sorcery as Conan the Barbarian. Master visceral melee combat with swords, axes, and maces in this action-adventure inspired by Robert E. Howard's legendary tales. Execute devastating combo attacks and gruesome finishing moves as you battle through hordes of enemies across diverse realms. Harness mystical powers and magical artifacts while exploring ancient ruins, frozen wastelands, and exotic kingdoms. Experience Ron Perlman's powerful narration as you uncover the mysteries of Conan's past. Solve environmental puzzles using brute strength or cunning tactics. Face mythical creatures and powerful bosses in epic battles that test your warrior skills. With its mature themes, brutal combat system, and faithful adaptation of the Conan universe, this game delivers an authentic barbarian experience where steel and sorcery collide in spectacular fashion.",
Conflict: Desert Storm,2002-09-30,,76,Shooter,"Lead an elite special forces squad through the Gulf War in this intense tactical shooter. Command four specialists - Bradley, Foley, Jones, and Connors - each with unique skills in heavy weapons, demolitions, sniping, and stealth. Switch between squad members on the fly as you infiltrate Iraqi positions, rescue prisoners, and sabotage enemy installations. Experience authentic Desert Storm missions from covert night raids to full-scale urban warfare. Use real military tactics with squad commands for suppressing fire, flanking maneuvers, and coordinated assaults. Arsenal includes M16s, Desert Eagles, C4 explosives, and vehicle-mounted weapons. Features split-screen cooperative play where friends control different squad members simultaneously. Realistic damage system demands careful planning - one wrong move can doom your entire team.",https://images.launchbox-app.com/0ce4fecb-926a-488a-bd3c-8c5ac0d40164.jpg
Conflict: Desert Storm II: Back to Baghdad,2003-09-19,,75,Shooter,"Lead your elite squad back into the heart of Iraq in this intense tactical shooter sequel. Command Delta Force or SAS operatives through 10 grueling missions across Baghdad and surrounding territories during the Gulf War. Switch between four specialized soldiers on the fly - sniper, heavy weapons, demolitions, and team leader - each with unique skills crucial for survival. Navigate urban warfare in Baghdad's dangerous streets, infiltrate enemy bases, and engage in fierce firefights using authentic military weapons and tactics. The enhanced AI delivers smarter enemies that use cover and flanking maneuvers, while your squad responds to tactical commands. Experience split-screen cooperative play as you and a friend work together through the entire campaign. From stealth infiltration to explosive combat, every mission demands strategic thinking and precise execution in this authentic military action experience.",https://images.launchbox-app.com/88b5fbe3-e0a0-4ec2-abe7-d83e3979bb03.jpg
Conflict: Global Terror,2005-09-30,,73,Shooter,"Take command of elite special forces in this intense tactical shooter set across global conflict zones. Lead your four-man squad through dangerous missions in Colombia, Kashmir, the Philippines, and Chechnya, battling terrorist organizations and rogue military units. Switch between squad members on the fly, each with unique weapons and specialties - Bradley's heavy weapons, Foley's sniper skills, Connors' demolitions expertise, and Sherman's assault tactics. Issue tactical commands to AI teammates, coordinate flanking maneuvers, and use authentic military equipment. Experience visceral combat with destructible environments, realistic ballistics, and strategic gameplay that rewards careful planning over run-and-gun tactics. From jungle warfare to urban combat, adapt your strategies to diverse battlefields while uncovering a conspiracy that threatens global stability.",https://images.launchbox-app.com/5d2ee186-c51c-40b1-901f-5350d1f11791.jpg
Conflict: Vietnam,2004-09-03,,70,Shooter,"Experience the harsh realities of the Vietnam War through the eyes of four soldiers from the 101st Airborne Division. Lead your squad through dense jungles, booby-trapped villages, and underground tunnels in this tactical third-person shooter. Switch between squad members on the fly - Ragman the point man, Hoss the heavy gunner, Cherry the sniper, and Junior the medic - each with unique skills vital for survival. Navigate 14 intense missions spanning the Tet Offensive to the fall of Saigon. Use authentic Vietnam-era weapons, call in napalm strikes, and commandeer vehicles from Huey helicopters to patrol boats. The innovative squad mechanics let you issue tactical commands while managing morale and wounds that affect performance.",https://images.launchbox-app.com/d12fa770-b443-482d-ad87-cadd8ff83828.jpg
Conflict Zone,2001-11-15,,62,RTS,"Lead your forces in this groundbreaking modern warfare RTS where media coverage shapes the battlefield. Command either the ICP peacekeeping coalition or the GHOST rebel faction across global conflict zones. Your actions generate real-time news reports that influence public opinion and funding - commit war crimes and watch support evaporate, or maintain ethical warfare to boost resources. Deploy tanks, helicopters, infantry and special forces while managing civilian casualties and refugee camps. Revolutionary AI sees enemies adapt tactics based on your strategies. Choose commanders with unique abilities and philosophies that alter gameplay. The innovative media system transforms traditional RTS mechanics, forcing strategic decisions between military effectiveness and public perception in this thought-provoking take on contemporary warfare.",
Constantine,2005-02-14,,71,Action,"Step into the supernatural world of John Constantine, where demonic forces threaten reality itself. Armed with holy weapons, ancient artifacts, and powerful spells, battle through a dark vision of Los Angeles overrun by demons and half-breeds. Master Constantine's unique True Sight ability to reveal hidden enemies and secrets lurking in the shadow realm. Wield an arsenal including the holy shotgun Crucifier, blessed brass knuckles, and the demon-slaying Holy Water bombs. Experience intense combat mixing gunplay with magic as you perform exorcisms, banish demons back to Hell, and uncover a conspiracy that could unleash Satan upon Earth. Navigate between the mortal world and Hell itself through atmospheric levels inspired by the film. Face off against possessed humans, demonic entities, and powerful half-breed bosses in this action-horror adventure that blends occult detective work with visceral supernatural combat.",https://images.launchbox-app.com/df04e7c0-a12f-43bc-8951-c144aba5b8c5.jpg
Corvette,2003-11-01,,66,Racing,"Experience the raw power and precision of America's sports car legend in Corvette, where fifty years of automotive excellence comes to life. Race through meticulously recreated tracks from around the world, pushing iconic Corvette models from classic Stingrays to modern Z06s to their limits. Master realistic physics and handling as you compete in intense circuit races, challenging time trials, and thrilling street competitions. Customize your dream Corvette with authentic performance upgrades and visual modifications, fine-tuning everything from suspension to aerodynamics. Feel the evolution of American muscle through five decades of engineering, each car faithfully reproducing its real-world counterpart's unique characteristics. Dynamic weather effects and changing track conditions test your skills as you climb the ranks from amateur to professional racing legend.",https://images.launchbox-app.com/e9c96a8c-315b-43e2-b2b4-cf39b44baf3f.jpg
Counter-Strike,2003-11-18,,76,Shooter,"Counter-Strike revolutionizes tactical shooters with its intense round-based combat where Terrorists and Counter-Terrorists face off in high-stakes missions. Plant or defuse bombs, rescue or guard hostages in meticulously designed maps that reward strategy and teamwork. Every round starts fresh with earned money to buy weapons and equipment, creating dynamic economic gameplay where smart purchases determine victory. Master the precise gunplay where every bullet counts - no respawns mean one life per round, raising tension to incredible heights. From the iconic AK-47 to flashbangs that blind enemies, each tool serves a tactical purpose. Communication and coordination with teammates become essential as you learn smoke grenade spots, practice precise aim, and develop map knowledge that separates pros from casual players.",https://images.launchbox-app.com/b9c9d8d6-82fe-4ed4-9c03-bf4ace97413b.jpg
Crash Bandicoot: The Wrath of Cortex,2001-11-01,,66,Platformer,"Crash Bandicoot returns in his first multiplatform adventure! Guide the heroic marsupial through 30 action-packed levels across five unique realms as he battles to stop his nemesis Dr. Neo Cortex and the malevolent Crunch Bandicoot from harnessing the destructive power of the Elemental Masks. Master Crash's signature spin attack, body slam, and sliding moves while collecting Wumpa fruit and smashing crates. Experience thrilling vehicle sections including underwater subs, mine carts, and aerial dogfights. Face off against massive elemental bosses representing Earth, Water, Fire, and Air. Unlock bonus levels, time trials, and play as Crash's sister Coco in specific stages. With vibrant graphics, classic platforming gameplay, and the series' trademark humor, The Wrath of Cortex delivers pure Crash mayhem for a new generation.",https://images.launchbox-app.com/285fec07-659b-40e3-9aaa-ec5573957bd3.jpg
Crash Tag Team Racing,2005-10-04,,72,Racing,"Get ready for high-octane kart racing mayhem in Crash Tag Team Racing! Race as Crash Bandicoot and his colorful cast of friends and foes across 15 wild tracks filled with insane jumps, shortcuts, and hazards. The revolutionary ""clashing"" mechanic lets you merge vehicles with opponents mid-race, transforming into a powerful turret-wielding super-kart where one player drives while the other blasts rivals. Explore the massive theme park hub world on foot, discovering hidden areas, collecting coins, and unlocking new characters and vehicles. With 8 battle arenas, stunt mode challenges, and hilarious Die-O-Rama animations, this racer delivers non-stop action. Master power slides, collect wumpa fruit for turbo boosts, and unleash devastating weapons in this unique blend of platforming and racing chaos!",https://images.launchbox-app.com/ab18c93e-60a9-4b48-9ed8-f180e6a01b1a.jpg
Crash Nitro Kart,2003-11-11,,70,Racing,"Crash Nitro Kart brings the beloved bandicoot's racing mayhem to Xbox with explosive kart racing action across the cosmos. Race as Crash, Cortex, and the gang through alien worlds filled with anti-gravity sections, treacherous obstacles, and power-ups galore. Master the power slide boost system to gain crucial speed advantages while collecting Wumpa Fruit to supercharge your weapons. Battle through Adventure mode's intergalactic storyline where Emperor Velo challenges Earth's finest racers, or compete in frantic 4-player split-screen battles. With 16 diverse tracks spanning tropical paradises to mechanical mazes, plus unlockable characters and karts, this racer delivers pure arcade thrills. Experience championship racing with signature Crash humor and chaos!",https://images.launchbox-app.com/753655e6-ff18-4969-9e62-ce32f5478b38.jpg
Crash Twinsanity,2004-09-28,,66,Platformer,"Join Crash Bandicoot and his arch-nemesis Dr. Neo Cortex in an unlikely alliance through a wildly unpredictable adventure! When evil twins from another dimension threaten both their worlds, these sworn enemies must work together using innovative tag-team gameplay. Control both characters cooperatively - roll Cortex into a ball, use him as a hammer, or throw him across gaps to solve puzzles and defeat enemies. Explore vibrant 3D environments from tropical islands to icy wastelands, featuring the series' signature platforming with fresh twists. Experience hilarious slapstick humor, outrageous boss battles, and mind-bending dimensional travel. With its unique dual-character mechanics and comedic chaos, Twinsanity delivers classic Crash gameplay with an entirely new spin on the beloved franchise.",https://images.launchbox-app.com/095e98b5-c3c2-4da8-a2f8-f89f78da70d3.png
Crazy Taxi 3: High Roller,2004-07-13,,72,Racing,"Race through the glitzy streets of Las Vegas in the wildest taxi adventure yet! Crazy Taxi 3: High Roller brings the legendary arcade racing series to Sin City with all-new drivers and cabs built for maximum mayhem. Tear through neon-lit casinos, leap off parking garages, and blast through the famous Strip while picking up fares and pulling off insane stunts. Master the Crazy Hop to bounce over traffic and reach secret shortcuts. Chain together Crazy Drifts and Crazy Boosts to rack up massive tips. Choose from classic Arcade mode or tackle challenging Crazy X missions that push your driving skills to the limit. With four unique drivers, each with their own style, and a pumping soundtrack that perfectly captures the Vegas vibe, every ride is a high-stakes thrill ride where speed equals cash!",https://images.launchbox-app.com/7b28cc2e-f225-4379-90fb-a9d69830cf1a.jpg
Crimson Skies: High Road to Revenge,2003-10-21,,88,Action,"Take to the skies in this swashbuckling aerial adventure set in an alternate 1930s where air pirates rule fragmented North America. As Nathan Zachary, leader of the Fortune Hunters gang, engage in thrilling dogfights using customizable aircraft armed with rockets, machine guns, and devastating special weapons. Master acrobatic maneuvers like barrel rolls and split-S turns to outfly rival gangs and militia forces. Explore exotic locations from tropical islands to massive zeppelins, completing daring missions that blend combat with aerial stunts. Steal enemy planes mid-flight, discover hidden treasures, and build your reputation as the most feared pirate of the skies. With arcade-style controls and spectacular set pieces, experience the golden age of aviation through a pulp fiction lens.",https://images.launchbox-app.com/f2a059ae-59c6-4ffa-8184-15a19414671f.jpg
"Crouching Tiger, Hidden Dragon",2003-12-16,,58,Action,"Based on the legendary film, Crouching Tiger, Hidden Dragon delivers breathtaking martial arts action on Xbox. Master the art of wire-fu combat as you play through the intertwining stories of Li Mu Bai, Yu Shu Lien, and Jen Yu. Execute gravity-defying moves, run along walls, and leap across rooftops in beautifully rendered ancient China. The innovative fighting system combines weapon-based combat with acrobatic martial arts, letting you wield the legendary Green Destiny sword alongside other traditional weapons. Each character possesses unique fighting styles and special moves inspired by the film's choreography. Experience intense boss battles, explore atmospheric environments from bustling markets to serene temples, and unlock new combos as you progress. With its cinematic presentation and fluid combat mechanics, this adventure captures the elegance and excitement of wuxia storytelling.",https://images.launchbox-app.com/e151cf23-ece2-49ab-ba8a-f574ca42620a.jpg
CSI: Crime Scene Investigation,2003-11-26,,69,Adventure,"Step into the shoes of a CSI investigator in this thrilling crime-solving adventure based on the hit TV series. Examine crime scenes across Las Vegas, collecting evidence with authentic forensic tools including fingerprint dusters, UV lights, and casting kits. Interview witnesses and suspects to uncover crucial information, then analyze your findings in the crime lab using DNA sequencers, comparison microscopes, and chemical analysis equipment. Work alongside the show's characters as you piece together clues to solve five interconnected cases. Each investigation challenges your deductive reasoning and observation skills through realistic crime scene recreation. Master evidence collection techniques, interrogation tactics, and lab procedures to crack complex cases ranging from murders to robberies. The game faithfully recreates the CSI experience with authentic dialogue, detailed environments, and challenging puzzles that demand careful attention to detail.",https://images.launchbox-app.com/6fb96c5c-ec12-4200-a5a1-1dcc39f40c8a.jpg
Curious George,2006-02-13,,64,Platform,"Join Curious George on a delightful adventure filled with puzzles and exploration! Help everyone's favorite monkey navigate through colorful environments inspired by the beloved books and TV series. Use George's curiosity and problem-solving skills to complete fun mini-games and challenges. Interact with familiar characters like The Man with the Yellow Hat while discovering hidden areas and collecting bananas. Each level presents unique puzzles that encourage creative thinking - from painting and building to pattern matching and counting. The game features simple controls perfect for younger players, with helpful hints ensuring no one gets stuck. Bright, cheerful graphics bring George's world to life as you explore the city, countryside, and even outer space. Educational elements seamlessly blend with entertainment, teaching basic concepts through play.",https://images.launchbox-app.com/45acb2c8-60b5-419b-af72-691eeb3210b3.jpg
Curse: The Eye of Isis,2003-10-21,,62,Horror,"Step into the British Museum of 1890 where an ancient Egyptian artifact has unleashed supernatural chaos. As Victoria Sutton or Darien Dane, battle mummies, demons and undead creatures through Victorian London and mystical Egypt. This survival horror adventure blends intense combat with clever puzzles as you wield period weapons and powerful Egyptian artifacts. Navigate atmospheric environments from fog-shrouded streets to cursed tombs, uncovering the mystery behind the Eye of Isis statue. Experience dynamic gameplay that shifts between action-packed battles and tense exploration. With its unique Victorian-Egyptian setting, compelling dual-protagonist story, and mix of gunplay and supernatural abilities, Curse delivers a distinctive horror experience that stands apart from typical survival horror games.",https://images.launchbox-app.com/f9bb6a9d-2728-42b4-ac0d-9f4cfe8c9761.jpg
Custom Robo Arena,2006-03-14,,78,Fighting,"Build and battle with customizable robots in this strategic action RPG! Custom Robo Arena puts you in command of miniature fighting machines called robos, which you can equip with hundreds of different parts including bodies, guns, bombs, pods, and legs. Each component drastically changes your robo's fighting style and abilities. Engage in fast-paced 3D battles in confined holographic arenas where strategy matters as much as reflexes. The deep story mode follows your journey through an underground robo battling scene, uncovering conspiracies while climbing the ranks. Master the rock-paper-scissors combat system where different robo types counter each other. Challenge friends in multiplayer battles via DS wireless play, testing your custom builds against theirs. With endless customization possibilities and tactical depth beneath its accessible exterior, every battle offers new strategies to discover.",
Dai Senryaku VII: Modern Military Tactics,2004-04-28,,72,Strategy,"Command the battlefield in this deep turn-based strategy masterpiece that brings modern warfare to your fingertips. Deploy over 400 authentic military units including tanks, helicopters, fighter jets, and naval vessels across massive hexagonal battlefields. Master complex supply lines, weather conditions, and terrain advantages as you orchestrate combined arms operations. Choose from multiple nations, each with unique units and capabilities, in campaigns spanning global conflict zones. The sophisticated AI challenges even veteran strategists while the comprehensive scenario editor lets you craft custom battles. With its meticulous attention to military detail, realistic unit stats, and tactical depth, Dai Senryaku VII delivers the ultimate modern warfare simulation for strategy enthusiasts.",https://images.launchbox-app.com/9d050bac-3319-4ace-8226-65fd754a1341.jpg
Dance Dance Revolution Ultramix,2003-11-19,,84,Rhythm,"Get ready to move as Dance Dance Revolution Ultramix brings the ultimate dance party to Xbox! Step onto the dance mat and hit arrows in perfect sync with over 70 energizing tracks spanning pop, techno, house, and classic DDR favorites. This exclusive Xbox edition features online play through Xbox Live, letting you battle dancers worldwide in competitive modes or download new songs and challenges. Create custom step routines with the edit mode, practice with tutorial lessons, or party with up to 4 players simultaneously. Ultramix introduces exclusive remixes and licensed hits you won't find anywhere else, plus EyeToy support for full-body motion tracking. Whether you're a DDR veteran or newcomer, multiple difficulty levels ensure everyone can join the rhythm revolution. With workout mode tracking calories burned, it's fitness disguised as pure fun!",https://images.launchbox-app.com/50e4b1e5-39d2-4eb5-be42-21a2ff0c4428.jpg
Dance Dance Revolution Ultramix 2,2004-11-18,,83,Rhythm,"Dance Dance Revolution Ultramix 2 brings the ultimate dance party to Xbox with over 70 songs spanning genres from pop and techno to hip-hop and R&B. Step to the beat on your dance pad as arrows scroll up the screen, matching your moves to increasingly complex patterns across multiple difficulty levels. This sequel introduces Xbox Live support for online competitions and downloadable song packs, letting you expand your library and challenge dancers worldwide. Create custom step charts with Edit Mode, practice specific sections in Training Mode, or party with up to 4 players simultaneously. Featuring exclusive remixes, licensed hits, and Konami originals, plus new game modes like Quest Mode's RPG-style progression. The enhanced graphics showcase dynamic backgrounds and effects that react to your performance, creating an immersive club atmosphere right in your living room.",https://images.launchbox-app.com/50e4b1e5-39d2-4eb5-be42-21a2ff0c4428.jpg
Dance Dance Revolution Ultramix 3,2005-11-15,,82,Rhythm,"Dance Dance Revolution Ultramix 3 brings the ultimate dance party to Xbox with over 70 songs spanning genres from pop and techno to hip-hop and R&B. Step to the beat using the dance mat controller as arrows scroll up the screen, matching your moves to increasingly complex patterns across multiple difficulty levels. Features exclusive Xbox Live support for downloading new songs and competing in online tournaments against dancers worldwide. Quest Mode offers RPG-style progression through dance battles, while Party Mode includes fun variations like Attack Mode where players sabotage opponents. Create custom step patterns with Edit Mode, practice specific sections in Training, or challenge friends in heated multiplayer battles for up to 4 players. With licensed hits and Konami originals, eye-catching visuals, and addictive gameplay that doubles as a workout, this is the definitive home DDR experience.",https://images.launchbox-app.com/a83dfecb-8c01-49ce-a06c-2dd042842355.jpg
Dance Dance Revolution Ultramix 4,2006-11-14,,80,Rhythm,"Dance Dance Revolution Ultramix 4 brings the ultimate dance party to Xbox with over 70 songs spanning pop, hip-hop, techno, and classic DDR favorites. Step to the beat using the dance pad controller as arrows scroll up the screen, matching your moves to increasingly complex patterns across multiple difficulty levels. The exclusive Xbox Live support lets you download new songs, compete in online tournaments, and challenge players worldwide. Quest Mode offers RPG-style progression as you unlock new content, while Party Mode features mini-games and special challenges for up to 4 players. Freestyle mode captures your original dance moves with the Xbox Live Vision Camera. With enhanced graphics, responsive controls, and a massive soundtrack including exclusive remixes, Ultramix 4 delivers the definitive home DDR experience that gets everyone moving.",https://images.launchbox-app.com/1208b670-29eb-4a92-9b03-0e41735771eb.jpg
Dark Angel: Vampire Apocalypse,2001-07-08,,66,Action RPG,"In a gothic nightmare realm, unleash havoc as Anna, a deadly half-vampire warrior armed with an arsenal of supernatural weapons and dark powers. This intense action RPG blends frantic hack-and-slash combat with RPG progression as you battle through hordes of undead creatures and demonic forces. Master devastating combo attacks, wield everything from dual blades to magical scythes, and harness vampiric abilities to drain enemies' life force. Explore sprawling dark fantasy environments filled with secrets, upgrade your skills through an extensive ability tree, and collect powerful artifacts to enhance your combat prowess. Face off against towering boss monsters in epic battles that test your reflexes and strategy. With its blend of gothic horror atmosphere, visceral combat, and deep customization options, Dark Angel delivers a brutally satisfying vampire power fantasy.",
Darkwatch,2005-08-16,,75,Shooter,"In this supernatural Western shooter, you play as Jericho Cross, an outlaw turned vampire who must battle the undead forces he inadvertently unleashed. Darkwatch blends Wild West gunslinging with gothic horror, offering both first-person shooting action and unique vampire powers. Choose your path between good and evil, with your decisions affecting which supernatural abilities you gain. Wield an arsenal of period weapons enhanced with dark technology, from the Redeemer pistol to the Rail Rocket launcher. Fight through haunted frontier towns, cursed mines, and demonic citadels while facing off against zombies, banshees, and other nightmarish creatures. The game features intense vehicle sections where you control steam-powered horses and armored trains. Your vampire curse grants abilities like Blood Shield and Shadow Jump, adding tactical depth to combat. With its distinctive art style mixing Western and horror aesthetics, Darkwatch delivers a unique twist on both genres.",https://images.launchbox-app.com/45699ed6-9280-430d-84eb-fd9595bff9d1.jpg
Dave Mirra Freestyle BMX 2,2001-11-26,,78,Sports,"Pull off insane tricks and combos as you shred through massive freestyle BMX environments with legend Dave Mirra and an all-star roster of pro riders. Master over 1,500 trick combinations across 10 sprawling levels including Woodward Camp, Venice Beach, and the Galloon water park. Create custom parks with the robust Park Editor, then share your designs with friends. Experience multiple game modes from classic Career to intense multiplayer battles. Customize your rider's appearance and bike setup for the ultimate personal style. The refined control system lets you link manuals, grinds, and aerial tricks into jaw-dropping combos. Featuring a killer soundtrack and authentic BMX culture, this sequel delivers the deepest trick system and most creative freedom in extreme sports gaming.",https://images.launchbox-app.com/c0cb2f98-7c9d-4b45-a6fa-a222646daf25.jpg
David Beckham Soccer,2002-06-01,,48,Sports,"Step onto the pitch with one of football's greatest icons in David Beckham Soccer! Experience the beautiful game through the eyes of the legendary midfielder, featuring his signature pinpoint passing, devastating free kicks, and unmatched crossing ability. Master Beckham's trademark bend as you curve shots around walls and deliver inch-perfect crosses to your strikers. The game showcases realistic ball physics that let you replicate Beckham's most famous goals and assists. Build your dream team in career mode, compete in international tournaments, or perfect your skills in training challenges designed around Beckham's techniques. With authentic stadiums, dynamic weather conditions, and commentary that captures the excitement of match day, every game feels like a Premier League showdown. Whether you're scoring from 30 yards out or threading a through ball to split the defense, you'll feel the precision and flair that made Beckham a global superstar.",https://images.launchbox-app.com/b01bbbf3-a821-4a3d-ae3f-1684f4e934cc.jpg
Dead Man's Hand,2004-03-16,,70,Shooter,"Step into the boots of El Tejon, a gunslinger seeking revenge in this explosive Wild West FPS adventure. Dead Man's Hand delivers intense shootouts across dusty frontier towns, saloons, and desert canyons with its innovative ""Dead Eye"" targeting system that slows time for precision shots. Duel bandits in quick-draw showdowns, blast through environments with dynamite, and master an arsenal of authentic period weapons including revolvers, rifles, and shotguns. The game blends arcade action with strategic gunplay as you face off against outlaws, corrupt lawmen, and rival gangs. Unique hand-to-hand combat lets you throw devastating punches and use bottles as weapons when bullets run dry. With its cel-shaded visual style, atmospheric Old West soundtrack, and over-the-top action sequences, Dead Man's Hand captures the spirit of classic Western films while delivering non-stop gunslinging thrills.",https://images.launchbox-app.com/0b026712-2ea3-4449-9ed1-0386fee3a884.jpg
Dead or Alive 3,2001-11-15,,87,Fighting,"Dead or Alive 3 brings explosive martial arts combat exclusively to Xbox with stunning visual fidelity that showcases the console's power. Master 16 unique fighters, each wielding distinct fighting styles from Muay Thai to Ninjutsu, as you battle across multi-tiered interactive arenas. The revolutionary counter system creates intense mind games where split-second timing determines victory. Environments become weapons as you knock opponents through walls, off cliffs, and down steep slopes for massive damage. Tag Team mode doubles the strategy, letting you swap fighters mid-combo for devastating team attacks. Smooth 60fps gameplay ensures every strike, parry, and throw flows with lifelike precision. From snowy mountain temples to tropical beaches, each stage offers unique hazards and breakable elements that keep fights unpredictable and thrilling.",https://images.launchbox-app.com/edb41982-7201-4f89-a45c-153f275e4203.jpg
Dead or Alive Ultimate,2004-10-26,,83,Fighting,"Dead or Alive Ultimate delivers the definitive 3D fighting experience on Xbox, combining enhanced versions of the original Dead or Alive and Dead or Alive 2. Master devastating combos and signature moves across diverse fighters, each with unique martial arts styles. The revolutionary counter system creates intense mind games where perfectly timed reversals can turn the tide of battle instantly. Interactive multi-tiered arenas feature destructible environments - smash opponents through windows, off cliffs, or into explosive danger zones for massive damage. Experience silky-smooth 60fps gameplay with stunning character models and fluid animations. Battle online via Xbox Live in ranked matches or create custom tournaments. Unlock costumes, survival mode, and tag-team battles add incredible replay value to this landmark fighting series.",https://images.launchbox-app.com/f85aab91-32a4-4f14-9834-18b7cbf072ac.jpg
Dead or Alive Xtreme Beach Volleyball,2003-01-22,,73,Sports,"Trade intense fighting for sun-soaked competition as the Dead or Alive ladies hit the beach in this unique volleyball spin-off. Master the art of beach volleyball with intuitive controls that blend arcade accessibility with surprising depth. Time your spikes, blocks, and serves perfectly while reading your partner's movements for devastating combos. Between matches, build friendships through gift-giving, explore Zack Island's casino and shops, and collect hundreds of swimsuits and accessories. Each character brings unique stats and playstyles to the sand, demanding different strategies. Stunning graphics showcase paradise beaches while the innovative relationship system affects on-court chemistry. Experience DOA's signature style in an unexpectedly addictive sports package.",https://images.launchbox-app.com/f85aab91-32a4-4f14-9834-18b7cbf072ac.jpg
Dead to Rights,2002-08-19,,72,Shooter,"Play as Jack Slate, a tough K-9 cop framed for murder in Grant City's criminal underworld. Dead to Rights delivers intense action combining gunplay, hand-to-hand combat, and unique disarm moves that let you steal enemies' weapons mid-fight. Your canine partner Shadow assists in battle, attacking foes and retrieving weapons on command. The game features bullet-time slow-motion diving, allowing stylish John Woo-inspired shootouts. Navigate through prisons, construction sites, and seedy nightclubs while uncovering a conspiracy that goes to the city's highest levels. Mini-games including arm wrestling, exotic dancing, and bomb defusing break up the action. With its gritty noir atmosphere and brutal combat system, Dead to Rights offers a dark revenge tale where survival means fighting dirty.",https://images.launchbox-app.com/b91fe30f-8f44-427b-9d1d-e6847e2f435f.jpg
Dead to Rights II,2005-04-12,,60,Shooter,"Jack Slate returns with his K-9 partner Shadow in this gritty action sequel that cranks up the intensity. Unleash brutal hand-to-hand combat with bone-crushing disarms and human shield tactics while Shadow attacks enemies on command. The innovative targeting system lets you dive through the air in slow-motion, picking off multiple foes with deadly precision. Navigate the criminal underworld of Grant City through explosive shootouts, high-speed chases, and intense brawls. Master an arsenal of weapons from pistols to shotguns, using everything from exploding barrels to thrown objects as improvised weapons. With its signature blend of martial arts, gunplay, and canine partnership, Dead to Rights II delivers raw, unfiltered action where survival means fighting dirty.",https://images.launchbox-app.com/3d3c45b8-c1a5-4b69-9c9f-2ac1f1b9d5b3.jpg
Deathrow,2002-10-22,,81,Sports,"Deathrow blends brutal full-contact sports with intense combat in a dystopian future where winning means survival. Lead your team through the underground Blitz Disc League, combining bone-crushing melee combat with strategic disc-throwing gameplay. Master each team's unique fighting styles and special moves as you battle across dangerous arenas filled with environmental hazards. The innovative combat system lets you pummel opponents with devastating combos before stealing the disc for a goal. Build your squad's skills through the extensive career mode, unlocking new teams and arenas. Experience visceral 4-on-4 matches where violence is encouraged and dirty tactics are essential. With its cel-shaded visuals, hard-hitting soundtrack, and seamless blend of sports and fighting mechanics, Deathrow delivers an adrenaline-fueled competition where only the strongest survive.",https://images.launchbox-app.com/b743f738-2b20-4731-b248-e3717d6e023c.jpg
Def Jam: Fight for NY,2004-09-20,,85,Fighting,"Def Jam: Fight for NY transforms hip-hop culture into brutal street fighting action. Create your fighter and battle through New York's underground scene alongside rap legends like Snoop Dogg, Method Man, and Busta Rhymes. Master five fighting styles including street fighting, kickboxing, and submission wrestling. The innovative Blazin' moves system lets you unleash devastating signature attacks unique to each character. Build your reputation across five NYC boroughs, earning respect and cash to customize your fighter with authentic streetwear, tattoos, and bling. Environmental hazards turn every venue into a weapon - throw opponents into speakers, through windows, or into crowds. With over 40 playable hip-hop artists and celebrities, deep create-a-fighter options, and an immersive story mode featuring voice acting from the actual artists, this is street fighting at its most stylish and savage.",https://images.launchbox-app.com/830f951d-3847-48e5-aabf-65d702a32a95.jpg
Def Jam Vendetta,2003-04-01,,78,Fighting,"Step into the underground world where hip-hop meets hardcore wrestling in Def Jam Vendetta. Battle as or against hip-hop icons including DMX, Ludacris, Method Man, and Redman in this revolutionary fighting game that blends street brawling with professional wrestling moves. Master each fighter's unique style, from bone-crushing power moves to lightning-fast strikes. The innovative Blazin' system lets you build momentum to unleash devastating special attacks that can turn the tide of any match. Fight across gritty urban venues from warehouses to nightclubs, each with interactive environments you can use to punish opponents. Create your own fighter and rise through the ranks of the underground circuit, earning respect and cash to customize your appearance. With its hard-hitting soundtrack and authentic street culture, Def Jam Vendetta delivers brutal combat that captures the raw energy of hip-hop's competitive spirit.",
Demon Stone,2004-11-16,,71,Action,"Hack and slash through a dark fantasy epic inspired by the Forgotten Realms universe. Control three unique warriors - a human fighter, a drow sorcerer, and a half-orc rogue - switching between them instantly to unleash devastating combo attacks. Battle hordes of orcs, dragons, and demons across richly detailed environments as you race to stop the release of two ancient evils. Master each character's distinct abilities: the fighter's brute strength, the sorcerer's powerful magic, and the rogue's stealth and agility. Experience a gripping story penned by bestselling author R.A. Salvatore, featuring the voices of Patrick Stewart and Michael Clarke Duncan. Chain together brutal melee combos, cast spectacular spells, and execute team-based super moves in this cinematic action adventure that brings tabletop fantasy to explosive life.",https://images.launchbox-app.com/54f83285-9598-41ff-a548-db7eaf63e4ff.jpg
Destroy All Humans!,2005-06-21,,76,Action,"Step into the shoes of Crypto-137, a wise-cracking alien invader bent on harvesting human DNA to save his species from extinction. Unleash chaos across 1950s America with an arsenal of alien weaponry including the Disintegrator Ray, Zap-O-Matic, and the devastating Quantum Deconstructor. Read human thoughts with telepathy, assume their identities with the Holobob disguise system, and toss civilians around with psychokinetic powers. Pilot your flying saucer to rain destruction from above, reducing entire towns to rubble with death rays and sonic booms. Complete probe-happy missions while battling the military, Men in Black, and paranoid suburbanites. This remake features gorgeously updated graphics, refined controls, and all the B-movie humor of the cult classic. Destroy All Humans! delivers pure mayhem wrapped in satirical sci-fi comedy.",https://images.launchbox-app.com/c1ddc0fd-2f29-434d-9814-235b324045e3.jpg
Destroy All Humans! 2,2006-10-17,,74,Action,"Make way for Crypto-137 as he returns to Earth in the groovy 1960s! This open-world action game lets you unleash alien mayhem across the globe, from Bay City to Tokyo and beyond. Use your flying saucer to rain destruction from above, or get up close with an arsenal of alien weapons including the Dislocator and Meteor Strike. Read human minds, assume their identities with body-snatching abilities, and manipulate objects with psychokinesis. The Cold War setting adds spy thriller elements as you battle Soviet agents and uncover conspiracies. Split-screen co-op lets a friend join as Crypto's deadly companion Natalya. With improved combat mechanics, larger environments, and even more outrageous humor than the original, this sequel delivers pure sci-fi chaos wrapped in 60s counterculture style.",https://images.launchbox-app.com/3e294870-7afa-4926-a43e-c65d581c64ec.jpg
Deus Ex: Invisible War,2003-12-02,,80,RPG,"Step into a cyberpunk future where every choice reshapes the world. Deus Ex: Invisible War thrusts you into a conspiracy-riddled 2072, twenty years after the original's nano-augmented revolution. As Alex D, navigate the power struggle between competing factions vying for global control. Your decisions determine humanity's fate - will you side with the Templars' totalitarian order, the Omar's post-human vision, or forge your own path? Blend stealth, combat, and diplomacy using biomods that grant superhuman abilities. Hack security systems, engage in philosophical debates, or unleash devastating weapons. Multiple solutions exist for every challenge. This ambitious RPG-shooter hybrid delivers branching storylines, moral complexity, and emergent gameplay where your choices echo across a fractured world teetering between order and chaos.",https://images.launchbox-app.com/93fd214f-e99c-4cd2-9e3a-7dd065914fab.jpg
Digimon Rumble Arena 2,2004-09-03,,66,Fighting,"Battle as your favorite Digimon in this explosive 3D fighting game! Digimon Rumble Arena 2 brings together over 40 playable characters from across the Digital World, including fan favorites from all four TV seasons. Master each Digimon's unique moves and unleash devastating Digivolution transformations mid-battle to turn the tide of combat. Fight across interactive multi-tiered arenas filled with hazards and power-ups that keep matches unpredictable. Challenge friends in frantic 4-player battles or test your skills in single-player mode. With fast-paced combat, screen-filling special attacks, and the ability to Digivolve into more powerful forms during battle, every match delivers intense action. The ultimate Digimon fighting experience awaits!",https://images.launchbox-app.com/44ff15b3-1fd0-4923-90f0-4da17d779ab9.jpg
Dino Crisis 3,2003-09-16,,45,Horror,"In the year 2548, a massive spaceship reappears after vanishing centuries ago - now overrun with deadly dinosaurs. As elite SORT member Patrick Tyler, navigate zero-gravity environments and face genetically mutated prehistoric creatures in this survival horror sequel. Master the jetpack-based movement system to dodge attacks and explore the labyrinthine Ozymandias vessel. Switch between characters, each with unique abilities and perspectives on the unfolding mystery. Combat evolved dinosaurs using futuristic weapons while managing limited resources. The dynamic camera system heightens tension as threats lurk around every corner. Solve environmental puzzles to unlock new areas and uncover the truth behind the ship's transformation. Experience intense boss battles against massive creatures in spectacular zero-G showdowns.",https://images.launchbox-app.com/33f1cb93-6e4d-49a0-980c-12b3648380d1.jpg
Dinosaur Hunting,2003-11-20,,52,Hunting,"Time travel to prehistoric eras hunting dinosaurs in this budget Carnivores clone. Armed with period-inappropriate weapons, track everything from Velociraptors to T-Rex across different time periods. The AI creates somewhat believable behavior with herbivores fleeing and carnivores stalking. Trophy collection and scoring system rewards clean kills and dangerous game. Environments from jungles to deserts provide hunting variety. The bullet physics account for wind and distance requiring actual marksmanship. Survival mode pits you against waves of aggressive dinosaurs. While clearly low-budget with dated graphics and limited content, Dinosaur Hunting delivers exactly what the title promises. For dinosaur enthusiasts seeking prehistoric hunting, it scratches that specific itch.",https://images.launchbox-app.com/5b24ad3a-df34-4fa7-98d2-8006d8fe5884.jpg
Disney's Extreme Skate Adventure,2003-09-03,,73,Sports,"Join your favorite Disney characters in an extreme skateboarding adventure! Shred through magical worlds inspired by Toy Story, The Lion King, and Tarzan as you play as Buzz Lightyear, Woody, Simba, Rafiki, Tarzan, and Terk. Pull off incredible tricks and combos across vibrant levels filled with rails, ramps, and halfpipes. Master the intuitive Tony Hawk-style gameplay engine that makes pulling off kickflips, grinds, and aerial stunts accessible for all ages. Complete exciting challenges, unlock new characters and boards, and discover hidden areas in each themed world. Experience the perfect blend of Disney magic and skateboarding action with colorful graphics, authentic character voices, and a rockin' soundtrack. Whether grinding through Andy's Room, skating Pride Rock, or launching off jungle vines, every session delivers pure skateboarding fun with a Disney twist that kids and families will love.",https://images.launchbox-app.com/cb72266a-31a0-453e-946b-180d08385cdd.jpg
Doom 3,2005-04-03,,77,Shooter,"A terrifying reimagining of the classic shooter, Doom 3 plunges you into the darkest corners of a Mars research facility overrun by demonic forces. As a lone marine, you battle through pitch-black corridors where shadows hide unspeakable horrors. The revolutionary dynamic lighting system transforms every encounter into a heart-pounding experience - your flashlight becomes as vital as your shotgun when choosing between seeing threats or defending yourself. Navigate claustrophobic environments filled with audio logs and PDAs that reveal the facility's gruesome fate. Face grotesque demons emerging from Hell itself, from zombie workers to massive boss creatures. With an arsenal ranging from the trusty shotgun to the devastating BFG 9000, you'll need every weapon to survive. This atmospheric horror-shooter masterpiece blends intense combat with genuine scares, creating an unforgettable journey through sci-fi hell.",https://images.launchbox-app.com/53209017-284a-4be8-bab4-c372925c29e6.jpg
Doom 3: Resurrection of Evil,2006-10-05,,75,Shooter,"Return to Mars in this terrifying expansion to Doom 3. As a combat engineer investigating a distress signal from the abandoned UAC facility, you discover an ancient Martian relic that unleashes Hell's forces once again. Battle through eight haunting levels with devastating new weapons including the double-barreled Super Shotgun and the Grabber, a physics-based tool that catches and hurls objects at enemies. Face nightmarish new demons like the lightning-fast Vulgar and the bruising Bruiser while utilizing the Artifact - a mysterious device with time-manipulation powers. Experience enhanced combat with more aggressive enemies and ammunition, shifting the gameplay toward intense action over survival horror. Resurrection of Evil delivers a concentrated dose of demon-slaying mayhem with improved pacing and relentless battles through Hell's darkest corners.",https://images.launchbox-app.com/0183c1df-5999-469a-9d20-7bbbcfc60d0d.jpg
Dr. Muto,2002-11-19,,67,Platformer,"Enter the twisted world of Dr. Muto, a mad scientist whose laboratory mishap destroyed his home planet! Transform into five bizarre creatures to navigate through alien worlds and undo your catastrophic mistake. Morph into a spider to crawl walls, become a gorilla for brute strength, or shift into a mouse to access tiny spaces. Each transformation grants unique abilities essential for solving puzzles and defeating enemies. Explore four distinct planets filled with quirky inhabitants, from the junkyard world of Flotos to the aquatic realm of Aquem. Collect DNA samples and isotopes to power your transformations while battling Dr. Muto's rival, Professor Burnital. This action-platformer blends dark humor with inventive gameplay mechanics, challenging you to master each creature form's strengths. Save the galaxy from your own scientific disaster in this delightfully demented adventure!",https://images.launchbox-app.com/754c389e-9777-4069-b660-4e5e7148bcca.jpg
Dr. Seuss' The Cat in the Hat,2003-11-05,,38,Platformer,"Join the Cat in the Hat on a whimsical adventure through the pages of Dr. Seuss's beloved book! Play as Conrad or Sally in this colorful 3D platformer as you explore the zany world that materializes when the Cat arrives. Navigate through imaginative levels filled with Seuss-inspired contraptions, bounce on giant springs, slide down twisting tubes, and use the Cat's magical umbrella to glide across gaps. Collect special items to unlock bonus content while avoiding the chaos caused by Thing One and Thing Two. Meet classic characters like the Fish and Mr. Quinn as you solve puzzles and complete mini-games. With vibrant graphics that bring Seuss's illustrations to life, voice acting from the movie cast, and gameplay designed for younger players, this family-friendly adventure captures the playful spirit of the classic tale. Clean up the mess before Mom gets home!",https://images.launchbox-app.com/42469caa-f371-45d0-8bc6-d9574b879ae2.jpg
Dragon Ball Z: Sagas,2005-03-22,,51,Action,"Experience the legendary Dragon Ball Z saga in this action-packed adventure that lets you relive the anime's most epic battles. Play as Goku, Vegeta, Gohan, and other Z-Warriors as you fight through iconic story arcs from Saiyan to Cell sagas. Unleash devastating combos, signature moves, and screen-filling special attacks in intense 3D combat. Destroy environments, send enemies flying through mountains, and transform into Super Saiyan forms for explosive power-ups. Master each character's unique fighting style while collecting Z-Coins to unlock new abilities and upgrades. Face legendary villains like Frieza, Cell, and the Ginyu Force in massive boss battles. With co-op gameplay, team up with a friend to tackle challenges together and combine attacks for devastating team combos.",https://images.launchbox-app.com/c4705c1f-03a4-4d63-8567-479d7d7fcbe7.jpg
Dragon's Lair 3D: Return to the Lair,2002-11-18,,59,Platform,"Guide the bumbling knight Dirk through a fully 3D reimagining of the classic Dragon's Lair adventure. Navigate treacherous castle corridors, dodge deadly traps, and battle supernatural foes using precise timing and quick reflexes. This action-platformer transforms the original's quick-time events into dynamic gameplay where you directly control Dirk's sword swings, jumps, and evasive maneuvers. Explore Princess Daphne's castle in stunning cel-shaded graphics that capture Don Bluth's iconic animation style. Face off against the evil wizard Mordroc and his minions across diverse environments filled with puzzles and perilous obstacles. Master combo attacks, collect magical essences to unlock new abilities, and relive the legendary quest that defined arcade gaming, now with full 3D exploration and combat.",https://images.launchbox-app.com/1415ab23-efa5-4732-973e-fe87d7fa339c.jpg
Drake of the 99 Dragons,2003-11-03,,22,Action,"Drake of the 99 Dragons follows undead assassin Drake on his quest for vengeance after his clan's massacre. Wield dual pistols and supernatural powers in this third-person action shooter featuring unique cel-shaded visuals. Master Drake's acrobatic combat system with wall-running, slow-motion gunplay, and devastating spirit powers. Navigate through stylized environments blending modern cityscapes with mystical Asian themes. Collect ancient artifacts to unlock new abilities and uncover the conspiracy behind your clan's destruction. Experience innovative gameplay mechanics including the ability to absorb souls for power-ups and use Drake's immortality to your tactical advantage in intense firefights against rival gangs and supernatural foes.",https://images.launchbox-app.com/74881b4b-27c4-4fd7-8ff5-b05cd30521da.jpg
Dreamfall: The Longest Journey,2006-04-17,,75,Adventure,"Embark on an epic adventure across parallel worlds in this critically acclaimed action-adventure sequel. Play as Zoë Castillo, a student in futuristic Casablanca, April Ryan, the hero from the original game, and Kian, an apostle assassin, as their paths intertwine in a story of dreams and reality. Experience a mature narrative that tackles themes of faith, destiny, and choice while exploring beautifully realized environments from cyberpunk cityscapes to magical realms. Solve puzzles, engage in dialogue-driven gameplay, and make decisions that shape the story. With stunning visuals, an emotional soundtrack, and fully voiced characters, Dreamfall delivers a cinematic experience that blends science fiction with fantasy. Uncover conspiracies, face moral dilemmas, and discover the connection between dreams and the fate of two worlds in this unforgettable journey.",https://images.launchbox-app.com/64e929ae-34ab-4377-93e9-e95cb524bfd9.jpg
Driv3r,2004-06-21,,57,Racing,"Take on the role of undercover cop Tanner in this explosive action-driving thriller spanning three iconic cities - Miami, Nice, and Istanbul. Master over 70 vehicles from high-performance sports cars to motorcycles and speedboats as you infiltrate a global car theft ring. Seamlessly blend white-knuckle driving missions with on-foot gunplay, using an arsenal of weapons to survive deadly shootouts. Experience Hollywood-style car chases through destructible environments, perform insane stunts, and explore massive open-world cities packed with side missions. The innovative Film Director mode lets you capture and edit your own action sequences, creating custom movies of your most spectacular moments. With its gritty storyline, diverse gameplay mechanics, and stunning visuals, DRIV3R delivers the ultimate cops-and-robbers experience where every chase could be your last.",https://images.launchbox-app.com/b730c950-b103-491f-941f-248ddd4acdb1.jpg
Driver: Parallel Lines,2006-03-14,,69,Racing,"Take control of T.K., a skilled wheelman caught in a web of betrayal spanning two distinct eras of New York City. Experience the gritty streets of 1978 and the modern metropolis of 2006 as you seek revenge against those who wronged you. Master over 80 authentic vehicles from muscle cars to motorcycles, each with unique handling and customization options. Engage in high-speed chases, explosive shootouts, and daring heists across a fully explorable Manhattan. Switch seamlessly between on-foot combat and vehicular mayhem as you build your criminal empire. The revolutionary era-jumping storyline lets you witness how your actions in the past shape the future city. Complete diverse missions ranging from taxi driving to assassination contracts while exploring a living, breathing world filled with dynamic weather and day-night cycles.",https://images.launchbox-app.com/9d74bae1-0e04-40c8-b889-2dbbabcf7291.jpg
Dungeons & Dragons: Heroes,2003-09-17,,71,Action RPG,"Venture into the Forgotten Realms in this action-packed hack-and-slash adventure designed exclusively for Xbox. Choose from four distinct heroes - a mighty Fighter, cunning Rogue, powerful Wizard, or divine Cleric - each with unique abilities and playstyles. Battle through dungeons filled with classic D&D monsters like beholders, mind flayers, and dragons while collecting legendary loot and magical artifacts. The game features drop-in/drop-out cooperative gameplay for up to four players, letting friends join your quest at any time. Level up your character, unlock devastating special attacks, and customize your equipment as you fight to stop the evil vampire Kaedin from unleashing an ancient horror upon the world.",https://images.launchbox-app.com/2d202a20-23c8-4ac9-b14b-159db9462e53.jpg
Dynasty Warriors 3,2001-11-15,,74,Action,"Command the greatest warriors of China's Three Kingdoms era in this epic hack-and-slash battlefield experience. Dynasty Warriors 3 delivers massive-scale warfare where you single-handedly face thousands of enemy soldiers in real-time combat. Choose from over 40 legendary officers, each with unique weapons and devastating Musou attacks that can turn the tide of battle. Experience the complete Romance of the Three Kingdoms saga through multiple character perspectives, with branching storylines that change based on your battlefield performance. Master combo systems, unlock powerful fourth weapons, and dominate strategic points to shift morale in your favor. Two-player split-screen co-op lets you conquer ancient China together, while Free Mode offers endless replayability across historic battlefields. Feel the rush of being an unstoppable one-warrior army.",https://images.launchbox-app.com/054ee8c0-1aa7-4439-9563-dbf5ad4bd9e9.jpg
Dynasty Warriors 4,2003-09-30,,78,Action,"Command the battlefield in Dynasty Warriors 4, where ancient China's greatest warriors clash in epic combat. Choose from over 40 legendary officers and carve your path through the chaotic Three Kingdoms era. Master devastating combo attacks and unleash powerful Musou special moves to obliterate hundreds of enemies in spectacular fashion. Experience refined gameplay with the new duel system for intense one-on-one battles against rival generals. Create custom officers, forge weapons, and unlock hidden scenarios across multiple story campaigns. Strategic elements blend with hack-and-slash action as you capture bases, protect allies, and turn the tide of massive battles. With improved graphics, smoother combat, and deeper customization than ever before, Dynasty Warriors 4 delivers the ultimate historical warfare experience.",https://images.launchbox-app.com/74a062ec-ae7c-431c-95fe-fc760113b571.jpg
Dynasty Warriors 5,2005-09-13,,77,Action,"Command legendary warriors across ancient China's most pivotal battles in this epic hack-and-slash adventure. Dynasty Warriors 5 delivers massive-scale warfare where you single-handedly turn the tide against thousands of enemies. Choose from 48 unique officers, each with distinct weapons and fighting styles, as you carve through enemy ranks with devastating combos and powerful Musou attacks. Experience the legendary Three Kingdoms saga through multiple story modes, witnessing history unfold from different perspectives. Strategic elements blend with intense action as you capture bases, rescue allies, and duel rival generals. Unlock new weapons, upgrade your warriors, and discover hidden items across sprawling battlefields. With improved AI, enhanced graphics, and the series' signature one-versus-thousand gameplay, Dynasty Warriors 5 offers the ultimate power fantasy of becoming an unstoppable force on ancient battlefields.",https://images.launchbox-app.com/da3f66f7-dba8-48b5-8eb2-71f0d8d140ad.jpg
EA Sports Fight Night 2004,2004-04-05,,85,Sports,"Step into the ring with EA Sports Fight Night 2004, where raw boxing power meets tactical precision. Create your fighter from the ground up and battle through a deep career mode, starting in dingy gyms and climbing to championship glory. The revolutionary Total Punch Control system puts every jab, hook, and uppercut at your fingertips using the analog stick, delivering unprecedented realism and strategy. Face off against boxing legends like Muhammad Ali, Joe Frazier, and Sugar Ray Leonard, each with authentic fighting styles. Train hard to boost your stats, manage cuts between rounds, and adapt your strategy on the fly. With fluid animations, bone-crushing knockouts, and intense multiplayer battles, Fight Night 2004 captures the brutal beauty of the sweet science like never before.",https://images.launchbox-app.com/f2d9ec6f-01ae-46a5-bdee-371c9db8f497.jpg
EA Sports Fight Night Round 2,2005-02-28,,87,Sports,"Step into the ring as boxing's greatest legends in EA Sports Fight Night Round 2, where every punch counts. Master the revolutionary Total Punch Control system using the right analog stick to throw jabs, hooks, and uppercuts with unprecedented precision. Create your own fighter and rise through the ranks in Career Mode, or go toe-to-toe with boxing icons like Muhammad Ali, Sugar Ray Leonard, and Bernard Hopkins. The innovative Haymaker system lets you wind up devastating knockout blows that can end fights in an instant. Feel every impact with realistic damage modeling that shows cuts, bruises, and swelling as battles intensify. With smoother animations, improved AI, and the thrilling new Cutman mini-game between rounds, this is boxing at its most visceral and strategic.",
"Ed, Edd n Eddy: The Mis-Edventures",2005-11-03,,58,Platform,"Join the Eds in their wildest schemes yet! Play as Ed, Edd, and Eddy in this hilarious 3D platformer based on the hit Cartoon Network series. Switch between all three characters, each with unique abilities - Ed's brute strength smashes through obstacles, Edd (Double D) uses inventions to solve puzzles, and Eddy's speed gets you out of trouble fast. Explore the cul-de-sac and beyond through six outrageous episodes, from haunted houses to wild west showdowns. Collect jawbreakers, pull off classic scams, and outsmart the neighborhood kids in split-screen multiplayer modes. Authentic voice acting and cartoon-style graphics bring the show to life as you platform, puzzle-solve, and cause mayhem in true Ed, Edd n Eddy fashion!",https://images.launchbox-app.com/152cd8e2-4b98-4ac0-a51b-ca44f6157c82.jpg
Egg Mania: Eggstreme Madness,2002-10-10,,71,Puzzle,"Egg Mania: Eggstreme Madness delivers frantic puzzle action as eight quirky egg characters compete in vertical tower-building battles. Race against rising water by stacking falling blocks to build the tallest tower while sabotaging opponents with devious power-ups like hammers, bombs, and weights. Master the strategic balance between speed and stability as poorly placed blocks crumble under pressure. Features include intense multiplayer modes for up to 8 players, a challenging solo campaign, survival challenges, and custom game options. Each character brings unique personality to this addictive blend of Tetris-style mechanics and competitive chaos. Fast-paced gameplay rewards quick thinking and clever trap placement in this egg-cellent party puzzler.",https://images.launchbox-app.com/67fd11c7-373c-42a1-b011-aa4bb4e8c5ce.jpg
The Elder Scrolls III: Morrowind,2002-06-04,,89,RPG,"Step into the alien world of Vvardenfell, where dark elves worship living gods and ancient prophecies unfold. As a prisoner freed by the Emperor's decree, you forge your own destiny in this vast open-world RPG. Master complex magic systems, join rival factions, and uncover the mystery of the Sixth House cult. Every choice shapes your character - from sneaky thief to powerful wizard or brutal warrior. Explore mushroom forests, volcanic ashlands, and ancestral tombs filled with treasures. With no quest markers or hand-holding, Morrowind demands genuine exploration and discovery. Become the Nerevarine of legend, or ignore fate entirely and carve your own path through this strange, beautiful land where gods walk among mortals.",https://images.launchbox-app.com/f1ddf436-dfba-4629-806b-4a73a761f05c.jpg
Enclave,2002-07-29,,71,Action,"Embark on an epic medieval fantasy adventure where the fate of two realms hangs in the balance. Choose your destiny as either a champion of Light defending the civilized Enclave or embrace darkness as a minion of the evil Dreg forces. Battle through intense hack-and-slash combat across 25 unique missions, wielding swords, axes, bows, and powerful magic. Each faction offers completely different campaigns with unique characters - play as knights, wizards, and engineers for Light, or goblins, berserkers, and liches for Darkness. Master strategic combat that rewards timing and positioning over button mashing. Stunning visuals bring the war-torn land of Celenheim to life with detailed environments ranging from besieged fortresses to demon-infested wastelands.",https://images.launchbox-app.com/157d15a4-3b17-47f2-9365-d591dec5b561.jpg
England International Football,2004-06-04,,66,Sports,"Experience the glory of international football as you lead England to World Cup triumph in this official soccer simulation. Take control of England's finest players and compete against the world's best national teams in authentic tournament action. Master tactical formations, execute precision passes, and score spectacular goals as you progress through qualifying rounds and knockout stages. The game features realistic player animations, strategic team management, and multiple difficulty levels to challenge both newcomers and seasoned players. Build your dream squad from England's talent pool, develop winning strategies, and adapt your tactics to counter opposing teams' strengths. With immersive stadium atmospheres, dynamic weather conditions, and commentary that captures the excitement of international competition, every match delivers the tension and drama of real tournament football. Guide the Three Lions through intense rivalries, penalty shootouts, and crucial matches as you chase football's ultimate prize.",https://images.launchbox-app.com/603a2528-fd25-40b1-8176-d965b5dce9aa.jpg
Enter the Matrix,2003-05-14,,66,Action,"Enter the Matrix plunges you into the Matrix universe alongside the film Reloaded. Play as Ghost or Niobe, each with unique fighting styles and story paths that intertwine with movie events. Master the innovative Focus mode to dodge bullets in slow-motion, perform gravity-defying martial arts combos, and unleash devastating special moves. Battle through intense gunfights and hand-to-hand combat using an arsenal of weapons from pistols to assault rifles. Experience exclusive live-action footage shot specifically for the game, featuring original cast members. Drive high-speed chases, pilot the Logos hovercraft, and explore environments from the films plus new locations. Your choices affect the storyline as you hack computers, fight Agents, and uncover secrets that expand the Matrix mythology.",https://images.launchbox-app.com/aa8ba1d8-b523-49b5-ad9f-1d2b373d57e0.jpg
Eragon,2006-11-14,,51,Action,"Step into the world of Alagaësia as Eragon, a farm boy destined to become a legendary Dragon Rider. Master swordplay and archery in intense combat sequences while forging an unbreakable bond with your dragon Saphira. Soar through expansive environments on dragonback, raining fire upon enemies below. Unlock powerful magic abilities and combo attacks as you progress through the epic storyline based on Christopher Paolini's bestselling novel. Switch between Eragon and Saphira for varied gameplay - engage in visceral ground battles or take to the skies for aerial dogfights. Face off against the evil King Galbatorix's forces including Urgals, Ra'zac, and enemy Dragon Riders. Experience two-player co-op mode where friends control Saphira during epic boss battles. Your choices shape Eragon's destiny in this action-RPG adventure.",
ESPN College Hoops,2003-11-13,,75,Sports,"Hit the hardwood with ESPN College Hoops and experience the raw intensity of NCAA basketball! Take control of over 300 Division I schools and lead your team through the excitement of March Madness. The game features authentic college atmospheres with school-specific chants, fight songs, and mascots that bring each arena to life. Master the innovative passing system that lets you thread the needle with precision bounce passes and alley-oops. Build your dynasty in Legacy Mode, recruiting top high school talent and developing them into championship contenders. The deep playbook system offers hundreds of authentic plays from real college coaches. Experience ESPN's broadcast presentation with dynamic camera angles and commentary that captures every momentum swing. From buzzer-beaters to tournament glory, create your own One Shining Moment!",https://images.launchbox-app.com/83a99e27-5f06-4e23-9a47-3fa19d7deeac.jpg
ESPN College Hoops 2K5,2004-11-17,,84,Sports,"Hit the hardwood with ESPN College Hoops 2K5, where passion meets precision in the ultimate college basketball simulation. Experience the raw intensity of NCAA basketball with over 300 authentic Division I schools, complete with real fight songs, mascots, and home court atmospheres that capture each campus's unique spirit. The innovative Legacy Mode lets you build a dynasty from the ground up, recruiting high school phenoms and molding them into championship contenders. Revolutionary IsoMotion 2.0 controls deliver unprecedented ball-handling precision, while the deep playbook system features authentic offensive sets from college basketball's greatest coaches. Feel the electricity of March Madness with dynamic crowd reactions and ESPN's signature presentation style.",https://images.launchbox-app.com/46a51ce3-119d-4251-9867-ff56af5d0766.jpg
ESPN International Winter Sports 2002,2002-02-11,,59,Sports,"Hit the slopes and ice in ESPN International Winter Sports 2002, where winter sports excellence meets arcade excitement. Master ten thrilling events across alpine and Nordic disciplines, from the breakneck speeds of downhill skiing to the precision of figure skating. Experience the rush of ski jumping, navigate treacherous slalom courses, and showcase style in snowboarding halfpipe competitions. The game features authentic ESPN presentation with dynamic camera angles and expert commentary that brings each event to life. Compete as athletes from 16 different nations in pursuit of gold medal glory. Practice mode helps perfect your technique while Championship mode tests your all-around winter sports prowess. Intuitive controls make it easy to jump in, but mastering each event's unique challenges keeps you coming back for more.",https://images.launchbox-app.com/838c3e34-4fd3-46b3-b60c-4bc125a41be7.jpg
ESPN Major League Baseball,2004-04-06,,72,Sports,"Take the field in ESPN Major League Baseball, where authentic baseball action meets broadcast-quality presentation. Experience the thrill of America's pastime with all 30 MLB teams and real players, bringing genuine big league atmosphere to your Xbox. The innovative ESPN presentation delivers dynamic camera angles, detailed commentary, and authentic broadcast overlays that make every game feel like a primetime event. Master intuitive pitching and batting controls that balance accessibility with depth, letting rookies and veterans alike enjoy realistic gameplay. From spring training to the World Series, build dynasties in Franchise Mode or jump into quick Exhibition games. Advanced AI ensures every team plays true to their real-world style, while detailed stadiums and player animations capture the essence of Major League Baseball. Step up to the plate and experience baseball like never before.",https://images.launchbox-app.com/7a189694-e039-4c1d-b596-9c84a120988f.jpg
ESPN MLS ExtraTime 2002,2002-05-14,,70,Sports,"Take control of Major League Soccer in ESPN MLS ExtraTime 2002, the officially licensed soccer experience featuring all 10 MLS teams and their star players from the 2002 season. Execute precision passes, skillful dribbles, and powerful shots as you compete in authentic MLS stadiums. The game delivers realistic ball physics and responsive controls that capture the pace and excitement of professional soccer. Challenge yourself through full season modes, playoffs, and custom tournaments. Create your own dream team with the comprehensive player editor and formation system. Experience dynamic weather conditions and ESPN-style presentation with authentic commentary that brings matches to life. Master advanced techniques like bicycle kicks, diving headers, and tactical set pieces to dominate the pitch and lead your team to MLS Cup glory.",https://images.launchbox-app.com/23940c91-2368-43fe-91f5-058088a89b1b.jpg
ESPN NBA 2K5,2004-09-28,,90,Sports,"ESPN NBA 2K5 revolutionizes basketball gaming with its groundbreaking 24/7 mode, where you create a baller and dominate street courts to earn respect and unlock NBA opportunities. Experience authentic NBA action with incredibly detailed player models, signature moves, and realistic gameplay physics that capture every crossover, dunk, and three-pointer. The innovative IsoMotion control system puts unprecedented offensive moves at your fingertips, while enhanced defensive mechanics let you lock down opponents with precise timing. Build your dream franchise, compete online, or relive classic NBA moments. With ESPN's slick presentation, including halftime shows and SportsCenter highlights, plus the series' deepest roster ever, this remains one of basketball gaming's finest achievements.",https://images.launchbox-app.com/68513add-b653-4a72-b03c-51389f6747f9.jpg
ESPN NFL 2K5,2004-07-20,,94,Sports,"ESPN NFL 2K5 revolutionizes football gaming with its groundbreaking presentation and deep gameplay mechanics. Experience Chris Berman's iconic commentary and full ESPN integration that brings authentic broadcast quality to every game. The innovative VIP system studies your playing style and that of your opponents, creating realistic AI profiles for ultimate strategic depth. First-person football mode puts you directly on the field for an intense, immersive perspective. Build your franchise with comprehensive management tools, negotiate contracts, and develop rookies into superstars. The crib mode lets you customize your player's apartment with unlockable items and mini-games. With silky-smooth animations, responsive controls, and tactical gameplay that rewards football IQ, ESPN NFL 2K5 delivers the complete NFL experience at an unbeatable value.",https://images.launchbox-app.com/35c6ad05-2265-4192-bc65-55eed62a094b.jpg
ESPN NHL 2K5,2004-08-30,,85,Sports,"Experience the pinnacle of hockey simulation with ESPN NHL 2K5, where bone-crushing checks and precision passing define every match. Master the innovative Pro Control stick system for unprecedented puck handling and shooting accuracy. Build dynasties in deep Franchise mode, compete online against rivals worldwide, or relive classic moments in ESPN 25th Anniversary mode. The revolutionary presentation brings authentic ESPN broadcast quality with dynamic commentary and signature SportsCenter highlights. From lightning-fast breakaways to intense playoff battles, every game captures the speed and strategy of professional hockey. Create custom players, develop rookies into superstars, and lead your team through grueling seasons toward Stanley Cup glory.",https://images.launchbox-app.com/2a0496e9-14de-403d-b816-1c7289521e96.jpg
ESPN Winter X Games Snowboarding,2002-02-11,,68,Sports,"Hit the slopes in ESPN Winter X Games Snowboarding, where extreme sports meet arcade action. Carve through massive halfpipes, launch off death-defying jumps, and pull off insane tricks across real X Games venues. Choose from professional snowboarders and compete in multiple events including Big Air, Slopestyle, and Superpipe. Master an intuitive trick system that lets you chain together grabs, spins, and flips for huge combo scores. Race down treacherous mountain courses or focus on freestyle events where style matters most. With responsive controls, authentic ESPN presentation, and a killer soundtrack, experience the rush of competitive snowboarding. Unlock new boards, gear, and hidden riders as you progress through the circuit. Whether grinding rails or soaring through the air, every run pushes you to land that perfect trick.",https://images.launchbox-app.com/6c080b5a-01ec-403d-80b1-098cefb19c58.jpg
Euro 2004 Portugal,2004-05-07,,74,Sports,"Experience the passion and drama of Europe's premier football tournament in EA Sports' official Euro 2004 game. Take control of any of the 51 European national teams and guide them through qualifying rounds to the finals in Portugal. The game features all 8 official stadiums from the tournament, authentic team kits, and realistic player likenesses. Master the new shooting system that gives you precise control over power and placement, while the enhanced first-touch mechanics add a new layer of realism to ball control. Challenge friends in multiplayer matches or test your skills in the scenario mode, recreating famous moments from Euro history. With fluid animations, dynamic weather effects, and authentic crowd chants that capture the electric atmosphere of international football, Euro 2004 delivers the complete championship experience on Xbox.",https://images.launchbox-app.com/47c049eb-90fa-4ec8-8a57-4e0c5fdb536f.jpg
Evil Dead: A Fistful of Boomstick,2003-06-09,,58,Action,"Step into the boots of Ash Williams in this action-packed hack-and-slash adventure set in the Evil Dead universe. Armed with his trademark boomstick and chainsaw hand, battle through hordes of Deadites across Dearborn, Michigan. The game blends intense melee combat with gunplay as you unlock new weapons and combos to dispatch the undead menace. Featuring Bruce Campbell's iconic voice acting, experience Ash's wise-cracking one-liners while dismembering enemies in gloriously over-the-top fashion. Master powerful spell attacks, collect pages from the Necronomicon, and upgrade your arsenal to face increasingly dangerous supernatural threats. With its mix of horror and humor, this cult classic delivers satisfying combat and B-movie charm that fans of the franchise crave.",https://images.launchbox-app.com/3942a580-f7cd-46f2-8383-6c16a6c52ad3.jpg
Evil Dead: Regeneration,2005-09-13,,65,Action,"Step into the boots of Ash Williams in this hilariously twisted action-horror adventure that reimagines the Evil Dead saga. Team up with Sam, your half-Deadite sidekick who you can kick into enemies or use as a weapon. Unleash devastating combos with Ash's iconic chainsaw arm and boomstick, transforming into powerful Evil Ash when your rage meter peaks. Battle through asylum corridors, haunted forests, and hellish dimensions filled with wisecracks and gore. The game features intense melee combat, creative environmental kills, and puzzle-solving using Sam's regenerating abilities. With Bruce Campbell's authentic voice acting, outrageous boss battles, and the perfect blend of comedy and carnage, Evil Dead: Regeneration delivers non-stop action that captures the franchise's signature over-the-top style. Groovy gameplay meets deadite destruction in this cult classic hack-and-slash romp.",https://images.launchbox-app.com/d623165d-ced9-4d36-b6a2-538a48d1052a.jpg
ExaSkeleton,2003-11-20,,55,Action,"Futuristic mech combat meets Eastern mythology in this Japanese-developed action game. Pilot the ExaSkeleton suit through levels inspired by Japanese folklore and architecture. Combat mixes melee and ranged attacks with limited customization. The story blends science fiction with spiritual elements confusing Western audiences. Boss battles against mythological creatures provide memorable encounters. Graphics showcase detailed mech designs and environmental destruction. The difficulty proves punishing with limited checkpoints. Multiplayer includes versus modes for local competition. While interesting conceptually, ExaSkeleton's execution fails to capitalize on unique premise. Cultural differences and mechanical issues limit appeal outside Japan.",https://images.launchbox-app.com/c971575b-6caf-4f9e-ab46-b5e5cd9b5ee9.jpg
F1 2001,2001-11-15,,81,Racing,"Experience the intensity of the 2001 Formula One World Championship in EA Sports' officially licensed racing simulator. Take control of all 11 teams and 22 drivers from the historic season, including Michael Schumacher, David Coulthard, and Mika Häkkinen. Master 17 authentic circuits from Melbourne to Suzuka, each meticulously recreated with accurate track layouts and challenging corners. The advanced physics engine delivers realistic car handling, requiring precise throttle control, strategic tire management, and perfect racing lines. Choose from Quick Race, Championship, or Time Trial modes. Fine-tune your car's setup with adjustable wings, suspension, and gear ratios to gain the competitive edge. Dynamic weather conditions and variable grip levels test your adaptability as you battle wheel-to-wheel for podium positions in the ultimate F1 experience.",https://images.launchbox-app.com/fce24bff-57ce-45be-9802-ea424325565e.jpg
F1 2002,2002-06-18,,83,Racing,"Experience the intensity of the 2002 Formula One World Championship in this officially licensed racing simulation. Take control of all 11 teams and 22 drivers from the historic season, including Michael Schumacher's dominant Ferrari and rising stars like Kimi Räikkönen. Master 17 authentic circuits from Melbourne to Suzuka, each meticulously recreated with accurate track layouts and challenging corners. The advanced physics engine delivers realistic car handling, from tire degradation to aerodynamic effects, while dynamic weather conditions test your adaptability. Choose from multiple game modes including full Championship, Quick Race, and Time Attack. Fine-tune your setup with detailed telemetry data, adjusting everything from wing angles to gear ratios. Split-screen multiplayer lets you race head-to-head against friends in thrilling wheel-to-wheel battles for podium glory.",https://images.launchbox-app.com/efad52b8-1a2c-41a6-ba3e-1231454dbfd0.jpg
F1 Career Challenge,2003-06-23,,72,Racing,"Experience the full intensity of Formula 1 racing across five complete championship seasons from 1999 to 2003. F1 Career Challenge puts you in the cockpit with all official teams, drivers, and circuits from each season, offering unprecedented depth in F1 gaming. Master authentic car handling that evolves with each year's regulations and technical advances. Build your racing legacy through immersive career mode, starting as a test driver and climbing to world champion status. Feel the pressure with dynamic weather conditions and realistic damage modeling that affect your performance. Race on legendary tracks like Monaco, Silverstone, and Suzuka with period-accurate layouts. Challenge yourself with full race weekends including practice, qualifying, and grand prix events, or jump into quick races for instant action.",https://images.launchbox-app.com/fb668c09-e904-43b4-b2a6-ab3dd518d058.jpg
Fable,2004-09-14,,85,RPG,"Step into the boots of a hero whose every choice shapes both your destiny and appearance in this groundbreaking action-RPG. Explore the magical kingdom of Albion, where your decisions between good and evil physically transform your character - sprouting horns for villainy or a halo for heroism. Master swordplay, archery, and powerful magic as you battle bandits, trolls, and ancient evils. Marry villagers, buy property, get tattoos, or terrorize towns - the world reacts to your reputation. Your moral choices affect everything from quest outcomes to NPC relationships. With British humor, a reactive game world, and consequences that matter, Fable revolutionizes how actions define who you become.",https://images.launchbox-app.com/b29c4fa5-fec5-4226-8525-512344d6a074.jpg
Fable: The Lost Chapters,2005-10-18,,87,RPG,"Step into the enchanting world of Albion as a hero whose every choice shapes their destiny. Fable: The Lost Chapters expands the beloved action-RPG with new regions, quests, and enhanced storylines. Your decisions determine whether you become a noble champion or feared villain - watch as your appearance transforms to reflect your moral path. Master melee combat, archery, and powerful magic while exploring vibrant towns and treacherous dungeons. Marry villagers, buy property, get tattoos, and leave your mark on a living world that reacts to your reputation. With British humor, memorable characters, and the freedom to be good or evil, this definitive edition adds hours of content including new armor, enemies, and the ability to continue playing after the main story ends.",https://images.launchbox-app.com/74768da2-d180-498f-a768-84e9f14b4328.jpg
The Fairly OddParents: Breakin' Da Rules,2003-11-03,,56,Platform,"Join Timmy Turner in this magical 3D platformer as he battles through Fairy World and Dimmsdale to stop the evil Vicky from taking over! When Timmy accidentally loses Da Rules book, Vicky finds it and uses its power to wreak havoc. Team up with Cosmo and Wanda as you explore vibrant levels inspired by the hit TV show. Use wish-powered gadgets and abilities to solve puzzles, defeat enemies, and collect special items. Transform into different costumes with unique powers, from a superhero suit to a deep-sea diving gear. Navigate through familiar locations like Timmy's house, the school, and Fairy World itself. Face off against classic villains and obstacles in this action-packed adventure that brings the cartoon's humor and charm to life. Save the day before Vicky's wishes destroy everything!",https://images.launchbox-app.com/8987e9f8-d18d-4abb-a5db-46d5e9422e20.jpg
Fallout: Brotherhood of Steel,2004-01-13,,64,Action RPG,"Blast through post-apocalyptic wastelands in this action-packed spin-off of the legendary Fallout series. Choose from three unique warriors and unleash devastating combos in intense real-time combat against mutants, raiders, and deadly creatures. Team up with a friend in explosive co-op gameplay as you explore ruined cities, toxic sewers, and secret vaults. Collect powerful weapons from pistols to plasma rifles, upgrade your skills, and customize your character with perks. Experience a dark storyline filled with tough choices as you battle the sinister plot threatening humanity's survivors. With its heavy metal soundtrack, brutal melee combat, and non-stop action, Brotherhood of Steel delivers a uniquely aggressive take on the Fallout universe that emphasizes arcade-style carnage over role-playing depth.",https://images.launchbox-app.com/c391ff8e-8229-4621-96f1-33e6f4eec52b.jpg
Family Guy Video Game!,2006-10-06,,52,Action,"Join the Griffin family in their most outrageous adventure yet! Play as Stewie, Peter, and Brian across three hilarious storylines ripped straight from the twisted minds behind the TV series. Stewie's bent on world domination with his army of evil siblings, Peter's destroying Mr. Belvedere on live television, and Brian must escape from prison after being framed for a crime. Battle through Quahog and beyond using each character's unique abilities - Stewie's ray gun and gadgets, Peter's brute strength and fart attacks, and Brian's stealth skills. Packed with the show's signature crude humor, celebrity parodies, and countless references fans will love. Experience fully animated cutscenes featuring the original voice cast delivering brand new dialogue. From boss battles against giant chickens to mini-games that push the boundaries of good taste, this action-platformer captures everything that makes Family Guy unforgettable.",https://images.launchbox-app.com/c9987999-4054-4d3e-83eb-8d8084c8b04f.jpg
Fantastic 4,2005-06-27,,58,Action,"Step into the shoes of Marvel's legendary superhero team in Fantastic 4, where you harness the unique powers of Mr. Fantastic, Invisible Woman, Human Torch, and The Thing. Switch between heroes on the fly as you battle Doctor Doom's mechanical armies through destructible New York environments. Mr. Fantastic stretches to reach distant platforms and grapple enemies, Invisible Woman creates force fields and stealthy takedowns, Human Torch blazes through levels with fiery projectiles, while The Thing delivers devastating melee combos. Team-based puzzles require combining abilities - use Thing's strength with Reed's flexibility or Sue's invisibility with Johnny's flames. Experience cinematic boss battles against classic villains, upgrade each hero's powers, and unlock combo moves that unleash devastating team attacks in this action-packed adventure.",https://images.launchbox-app.com/48233da9-6cbf-4999-a3de-2ce770321517.jpg
ESPN NBA 2Night 2002,2002-02-04,,71,Sports,"ESPN NBA 2Night 2002 brings the excitement of professional basketball to Xbox with authentic NBA action and ESPN's signature presentation style. Take control of all 29 NBA teams and their star players from the 2001-02 season, featuring realistic player models and signature moves. The game delivers smooth, responsive gameplay with intuitive controls that make both casual play and competitive matches engaging. Experience multiple game modes including Season, Playoffs, and Exhibition, plus create custom tournaments. The ESPN license adds broadcast-quality presentation with dynamic camera angles and commentary that captures the feel of watching a live game. Advanced AI provides challenging opponents that adapt to your playing style, while multiplayer support lets you compete against friends in heated matchups. From fast breaks to clutch three-pointers, every aspect of NBA basketball comes alive with fluid animations and realistic physics.",https://images.launchbox-app.com/cfa73699-9497-48f7-a432-8d70fd570e52.jpg
ESPN NBA Basketball,2003-10-21,,83,Sports,"ESPN NBA Basketball brings authentic NBA action to your Xbox with revolutionary 24/7 mode that lets you live the complete life of an NBA superstar. Take control of all 30 NBA teams and their star players, featuring realistic player models and signature moves that capture each athlete's unique playing style. The innovative IsoMotion control system delivers unprecedented ball-handling precision, allowing you to execute crossovers, spins, and behind-the-back dribbles with intuitive right analog stick movements. Experience the intensity of NBA playoffs, participate in slam dunk contests, or create your own player and guide them from rookie to Hall of Fame legend. Dynamic ESPN presentation with commentary from Bill Walton and Tom Tolbert creates an authentic broadcast atmosphere. Advanced AI ensures realistic team strategies and player behaviors that mirror real NBA action.",https://images.launchbox-app.com/8ab4f9a5-f159-42af-8a2b-521e695e226e.png
ESPN NFL Football,2004-08-12,,75,Sports,"ESPN NFL Football revolutionizes virtual gridiron action with groundbreaking first-person football gameplay. Step into the cleats of your favorite NFL superstars through the innovative First Person Football mode, experiencing bone-crushing hits and touchdown celebrations from a player's perspective. Master authentic ESPN presentation with Chris Berman's iconic commentary and SportsCenter highlights. Create your legend in Franchise mode, build dynasties, and compete in online leagues. The game features all 32 NFL teams, realistic stadiums, and dynamic weather conditions that affect gameplay. Advanced AI delivers authentic player behaviors while the Crib mode lets you showcase trophies and unlock exclusive content. From precision passing to devastating tackles, every play captures the intensity of Sunday football.",https://images.launchbox-app.com/5034da96-4f9f-4a1a-ab2c-342bd87307f9.jpg
ESPN NFL PrimeTime 2002,2002-01-27,,72,Sports,"Experience the ultimate NFL simulation with ESPN NFL PrimeTime 2002, where Chris Berman's legendary commentary brings every play to life. Take control of all 32 NFL teams with authentic rosters and playbooks from the 2001-2002 season. Execute precision passes, devastating tackles, and game-changing special teams plays with refined controls and realistic physics. Create your own franchise dynasty in deep season mode, or jump into quick exhibition matches. The game features ESPN's signature presentation style with dynamic camera angles, instant replays, and halftime highlights. Master hundreds of offensive and defensive plays while competing in authentic stadiums. Whether you're threading the needle on a crucial third down or breaking away for a touchdown run, every moment captures the intensity and strategy of professional football.",https://images.launchbox-app.com/fd78b0b7-2da3-4f6c-8268-04a39d9f8491.jpg
ESPN NHL Hockey,2004-09-09,,79,Sports,"ESPN NHL Hockey delivers the ultimate ice hockey experience with ESPN's signature presentation and broadcast-quality commentary. Take control of all 30 NHL teams featuring authentic rosters and arenas from the 2003-04 season. The revolutionary Skill Stick control system puts unprecedented puck handling at your fingertips, letting you deke, pass, and shoot with analog precision. Experience bone-crushing hits with the enhanced checking engine and fight for momentum in realistic scrums along the boards. Create custom tournaments, manage franchises through multiple seasons, or jump into quick exhibition matches. With ESPN's dynamic camera angles, authentic crowd chants, and Gary Thorne's play-by-play commentary, every game feels like a televised broadcast event.",https://images.launchbox-app.com/1635b3de-f622-47c1-9e58-03c88ba70122.jpg
ESPN Winter X-Games Snowboarding 2002,2002-01-14,,67,Sports,"Hit the slopes in ESPN Winter X-Games Snowboarding 2002 and experience the ultimate freestyle snowboarding competition. Carve through meticulously designed courses inspired by real X-Games venues, pulling off massive tricks and combos to dominate the leaderboard. Choose from professional riders and customize your gear as you compete in multiple events including Superpipe, Slopestyle, and Big Air. Master an extensive trick system featuring grabs, spins, flips, and rail grinds to rack up huge scores. The game captures the authentic X-Games atmosphere with ESPN presentation, commentary, and licensed music. Progress through career mode to unlock new riders, boards, and venues while perfecting your style. Dynamic weather and realistic physics create challenging conditions that test your skills.",https://images.launchbox-app.com/6c080b5a-01ec-403d-80b1-098cefb19c58.jpg
Fahrenheit,2005-09-20,,85,Adventure,"Experience a groundbreaking interactive thriller where every choice shapes your destiny. Control multiple characters through a dark supernatural mystery as ordinary people confront extraordinary events. When Lucas Kane commits a murder he can't remember, you guide him and the detectives hunting him through a gripping narrative that blurs reality and madness. Navigate branching storylines with innovative split-screen sequences showing multiple perspectives simultaneously. Master intuitive controls for intense action scenes, tense conversations, and everyday activities that build character depth. Your decisions affect relationships, mental states, and multiple endings. Combining film noir atmosphere with supernatural elements, this psychological thriller revolutionizes storytelling in gaming with its cinematic presentation and emotional depth.",
Fantastic Four,2005-06-27,,54,Action,"Join Marvel's first family in this action-packed beat 'em up adventure! Play as Mr. Fantastic, Invisible Woman, Human Torch, and The Thing, each with unique superpowers and fighting styles. Stretch across gaps, turn invisible to sneak past enemies, fly and throw fireballs, or smash through obstacles with brute strength. Switch between heroes on the fly to solve puzzles and overcome challenges. Battle classic villains like Doctor Doom and Mole Man across diverse locations from New York City to the Negative Zone. Master combo attacks and team-up moves in both single-player and co-op modes. Experience destructible environments and epic boss battles that test your heroic abilities. Save the world with Marvel's Fantastic Four!",
Far Cry Instincts,2005-09-27,,85,Shooter,"Far Cry Instincts unleashes your primal side on a tropical paradise turned nightmare. As ex-soldier Jack Carver, you're stranded on a mysterious archipelago crawling with mercenaries and dark secrets. Harness feral abilities that transform you into a deadly predator - enhanced strength, night vision, and brutal melee attacks give you the edge in this savage survival shooter. Stalk enemies through dense jungles, set elaborate traps using the environment, and choose between stealth or all-out assault. The innovative map editor lets you craft and share custom battlegrounds. With vehicles ranging from hang gliders to jet skis, explosive combat, and a gripping story of genetic experiments gone wrong, Far Cry Instincts delivers raw, visceral action in one of gaming's most beautiful yet dangerous settings.",https://images.launchbox-app.com/f7b804ab-32b6-4f11-8b83-83d7f9d77ef8.jpg
Far Cry Instincts: Evolution,2006-03-27,,82,Shooter,"Experience the ultimate predator as Jack Carver returns in this thrilling expansion to Far Cry Instincts. Unleash devastating feral abilities including enhanced strength, speed, and night vision to hunt enemies through lush tropical environments. Create and share custom maps using the powerful map editor, bringing endless multiplayer possibilities. Stalk prey through dense jungles, set deadly traps, and engage in brutal hand-to-hand combat with evolved predator powers. The campaign continues Jack's transformation with new weapons, vehicles, and environments ranging from volcanic islands to ancient ruins. Master dual-wielding firearms, commandeer boats and ATVs, and choose between stealth or explosive action. Evolution pushes the boundaries with its unique feral gameplay mechanics and expansive multiplayer modes.",https://images.launchbox-app.com/376b1ace-715d-4e63-b1df-3c89e295de36.jpg
Fatal Frame,2002-03-04,,78,Horror,"Step into the haunted Himuro Mansion armed only with an antique camera that captures ghosts. Fatal Frame revolutionizes survival horror by replacing traditional weapons with the Camera Obscura, forcing you to face terrifying spirits head-on through your viewfinder. The closer the ghost, the more damage your shot inflicts, creating heart-pounding risk-reward gameplay. Explore the cursed mansion as Miku searches for her missing brother, uncovering a dark ritual through scattered documents and ghostly visions. Based on Japanese folklore and urban legends, the game delivers psychological horror through oppressive atmosphere and disturbing imagery. Each ghost has a tragic backstory revealed through your lens. The unique photography combat system requires precise timing and nerves of steel as malevolent spirits attack from all angles. Experience true terror where your only defense is to look evil directly in the eye.",https://images.launchbox-app.com/0ddbdad4-f909-408a-a989-1779c7da78ac.jpg
Fatal Frame II: Crimson Butterfly Director's Cut,2004-11-01,,84,Survival Horror,"Step into the haunted village of Minakami in Fatal Frame II: Crimson Butterfly Director's Cut, where twin sisters Mio and Mayu must confront vengeful spirits using only the Camera Obscura - a mystical camera that captures and exorcises ghosts. Navigate decrepit houses and shadowy forests while uncovering the dark ritual that cursed this abandoned village. The Director's Cut enhances the original with new endings, refined controls, additional costumes, and a first-person view mode that intensifies every supernatural encounter. Experience psychological horror at its finest as you photograph malevolent spirits in real-time combat, with more powerful shots rewarded for waiting until ghosts are dangerously close. Every click could be your last.",https://images.launchbox-app.com/2f86967f-5020-4eaa-a484-144ac4460005.jpg
FIFA 06,2005-10-04,,82,Sports,"FIFA 06 brings the beautiful game to life with revolutionary ball physics and enhanced player animations that capture the fluidity of real football. Experience the thrill of over 10,000 licensed players across 500+ teams as you master the refined passing system and deadly finishing moves. The new Manager Mode lets you control every aspect of your club, from transfers to tactics, while the enhanced career mode spans 15 seasons of glory. Challenge friends in multiplayer matches or take your skills online. With improved defending mechanics, realistic goalkeeper AI, and the introduction of team chemistry affecting player performance, every match feels authentic. From local derbies to continental championships, FIFA 06 delivers the complete football experience with stunning stadiums, dynamic weather, and passionate crowds that react to every goal.",https://images.launchbox-app.com/726b4e05-3fb0-4a2c-860f-039a4e0aa072.jpg
FIFA 07,2006-10-03,,83,Sports,"FIFA 07 revolutionizes football gaming with its groundbreaking Interactive Leagues system, letting you play along with real-world fixtures from major European championships. Experience authentic ball physics and refined gameplay mechanics that deliver the most realistic football simulation yet. The innovative Manager Mode puts you in complete control - scout players, negotiate transfers, and build your dream squad across multiple seasons. With over 510 teams and 10,000+ licensed players, every match feels unique. Enhanced AI creates intelligent teammates who make runs, cover space, and react like real professionals. The new shooting system adds unprecedented variety to goals while improved first-touch controls give you precise command over every pass and dribble. From local multiplayer battles to online championships, FIFA 07 captures the passion and unpredictability of the beautiful game like never before.",https://images.launchbox-app.com/7ed9adda-f11e-46a6-b64e-7b7dbdcc450c.jpg
FIFA Football 2003,2002-10-25,,80,Sports,"FIFA Football 2003 revolutionizes soccer gaming with its groundbreaking Freestyle Control system, putting unprecedented ball control at your fingertips. Experience the beautiful game through 16 leagues, 450 teams, and over 10,000 real players with authentic licenses. The new passing model delivers pin-point accuracy while the Dead Ball system lets you bend free kicks like Beckham. Club Championship mode offers deep team management as you guide your squad through grueling seasons. Enhanced AI creates intelligent runs and tactical awareness that mirrors real football. From silky skills to thunderous strikes, every match captures the pace and passion of world football. Master the pitch with intuitive controls that reward creativity and skill in this definitive soccer simulation.",https://images.launchbox-app.com/4e22531e-54b9-482c-bf67-fc4086041806.jpg
FIFA Football 2004,2003-10-17,,82,Sports,"FIFA Football 2004 revolutionizes soccer gaming with its groundbreaking Off The Ball control system, letting you command players away from the action to create runs and open space. Experience authentic gameplay with over 18 leagues, 500 teams, and 10,000+ real players. The enhanced Career Mode spans 15 seasons where you manage transfers, negotiate contracts, and guide your club to glory. Improved first-touch mechanics and realistic ball physics deliver unprecedented control. Dynamic weather affects gameplay while authentic stadium atmospheres capture the passion of match day. From precision through-balls to spectacular volleys, every match tells a unique story. Master new free kick and corner techniques, develop youth players, and compete online via Xbox Live in this definitive football simulation.",https://images.launchbox-app.com/9e94f992-b7b7-4cf4-9f35-d1af8c59ec98.jpg
FIFA Football 2005,2004-10-08,,81,Sports,"FIFA Football 2005 revolutionizes soccer gaming with the groundbreaking First Touch Control system, putting unprecedented ball control at your fingertips. Experience the beautiful game through enhanced Career Mode spanning 15 seasons, where you manage transfers, develop youth academies, and guide your club to glory. The new Create-a-Player feature lets you craft custom superstars with unique attributes and playing styles. Feel the atmosphere with authentic stadiums, dynamic weather effects, and passionate crowds that react to every tackle and goal. Over 350 teams and 10,000+ real players deliver authentic action across multiple leagues. Online multiplayer brings global competition to your console, while improved AI creates more realistic player movements and tactical depth.",
Final Fight: Streetwise,2006-02-28,,59,Beat 'em up,"Return to Metro City's mean streets as Kyle Travers, searching for his kidnapped brother Cody in this gritty 3D beat-'em-up reimagining. Streetwise brings the Final Fight series into dark, realistic territory with brutal combat, upgradeable fighting styles, and an open-world Metro City to explore. Earn money through underground pit fights and side missions, then train at various gyms to expand Kyle's moveset with devastating combos and counters. The instinct system lets you turn opponents' attacks against them while building up powerful rage moves. Between brawls, engage in diverse minigames from arm-wrestling to shooting contests. Series veterans Haggar and Guy join the fight against Father Bella's sinister drug ring. Story mode offers deep progression while arcade mode delivers classic co-op brawling with four playable fighters.",https://images.launchbox-app.com/e2c50acb-bfd6-49c6-a90f-480fe2d1927c.jpg
FIFA Street,2005-02-22,,73,Sports,"FIFA Street brings the beautiful game from pristine stadiums to raw urban playgrounds where style matters as much as victory. Master gravity-defying tricks and devastating skill moves as you dominate 4v4 street matches across exotic global locations from Rio beaches to Amsterdam rooftops. Build your reputation through World Tour mode, creating and customizing your own player to become a street legend. Pull off incredible pannas, rainbow flicks, and acrobatic shots using the innovative Street Ball Control system that rewards creativity and flair. Challenge friends in local multiplayer battles or take your skills online to prove you're the ultimate street footballer. With authentic street culture, licensed teams stripped of their formal kits, and gameplay that celebrates individual brilliance over tactical discipline, FIFA Street delivers pure footballing freedom where every match becomes a showcase of jaw-dropping skills and unforgettable moments.",https://images.launchbox-app.com/a389c855-3603-4700-aa59-e05d24a39ebf.jpg
FIFA Street 2,2006-02-28,,71,Sports,"Take soccer to the streets in FIFA Street 2, where raw skill and creative flair dominate. Pull off gravity-defying tricks and combos as you compete in underground tournaments across iconic global locations from Brazil's beaches to London's back alleys. Build your reputation through the immersive Rule the Street mode, recruiting legendary players and street ballers to create your ultimate crew. Master the revolutionary trick stick controls to execute jaw-dropping moves like the rainbow flick, elastico, and panna. Face off in diverse game modes including Panna Rules, where nutmegging opponents becomes your path to victory. With over 320 professional stars showcasing their street personas and authentic street culture captured through hip-hop beats and graffiti-laden venues, FIFA Street 2 transforms the beautiful game into pure urban expression.",https://images.launchbox-app.com/59060bc7-7ae3-4b8b-b010-b8bf5d4f9245.jpg
Fight Club,2004-11-16,,56,Fighting,"Step into the brutal underground world of Fight Club, where bare-knuckle brawling meets visceral combat mechanics. Master a deep fighting system featuring bone-crushing combos, devastating counterattacks, and environmental weapons as you battle through gritty locations from the cult classic film. Create your own fighter or play as iconic characters including Tyler Durden and the Narrator, each with unique fighting styles and special moves. Experience the savage story mode that expands beyond the movie, unlocking new fighters and arenas as you climb through the ranks of Project Mayhem. Engage in intense multiplayer battles where broken bones and realistic injuries affect your performance. Raw, unforgiving combat combines with strategic gameplay - block, parry, and time your strikes perfectly to dominate opponents. The first rule is simple: survive the chaos.",https://images.launchbox-app.com/9f64c143-c583-46c7-b947-f4be3a5e20ef.jpg
Fight Night 2004,2004-04-05,,81,Sports,"Step into the ring with EA Sports' Fight Night 2004, where boxing transcends button-mashing to become a true sweet science. The revolutionary Total Punch Control system maps every punch to the right analog stick, letting you throw hooks, jabs, uppercuts, and haymakers with intuitive stick movements that mirror real boxing motions. Create your fighter from scratch and guide them through a deep career mode, training in mini-games to boost stats while managing cuts and bruises between bouts. Face off against boxing legends like Muhammad Ali, Sugar Ray Leonard, and Roy Jones Jr., each with authentic fighting styles. The innovative physics engine delivers bone-jarring impacts where every punch matters - lean into hooks, bob and weave to avoid damage, and time your counters perfectly. With stunning graphics that show real-time facial damage and sweat flying with each blow, Fight Night 2004 delivers the most visceral and strategic boxing experience ever created.",https://images.launchbox-app.com/f2d9ec6f-01ae-46a5-bdee-371c9db8f497.jpg
Fight Night Round 2,2005-02-28,,87,Sports,"Step into the ring as boxing's greatest legends in Fight Night Round 2, where every punch counts. Experience the revolutionary Total Punch Control system that puts unprecedented precision at your fingertips - throw jabs, hooks, and uppercuts with intuitive analog stick movements that mirror real boxing mechanics. Create your own fighter and rise through the ranks in career mode, or battle as Muhammad Ali, Sugar Ray Robinson, and other all-time greats. The innovative Haymaker system lets you gamble stamina for devastating knockout blows, while authentic clinch fighting and illegal moves add gritty realism. Bruises, cuts, and swelling accumulate in real-time, affecting fighter performance. With silky-smooth animations and bone-jarring impacts, this is boxing at its most visceral and strategic.",https://images.launchbox-app.com/80157855-869c-4efb-b966-3d5994c05a7b.jpg
Fight Night Round 3,2006-02-20,,85,Sports,"Step into the ring as boxing's greatest legends in Fight Night Round 3, where every punch counts and every round tells a story. Experience the most realistic boxing simulation ever created with the revolutionary Total Punch Control system that puts you in complete command of every jab, hook, and uppercut using the analog sticks. Feel the brutal impact through stunning visual damage as cuts open, swelling develops, and fighters visibly tire throughout intense battles. Create your own fighter and rise through the ranks, or relive historic bouts with legends like Ali, Frazier, and De La Hoya. The innovative first-person Get in the Ring mode delivers bone-jarring action from inside the gloves. With ESPN integration, authentic venues, and career mode depth, this is boxing at its finest.",https://images.launchbox-app.com/06c38078-af03-4888-a9aa-2c671185cd09.jpg
Finding Nemo,2003-05-09,,70,Adventure,"Join Nemo, Marlin, and Dory on an underwater adventure through the Great Barrier Reef and beyond! Play as multiple characters from the beloved Pixar film as you navigate colorful coral reefs, dodge dangerous predators, and solve puzzles in stunning underwater environments. Race through strong currents with Crush and Squirt, sneak past Bruce the shark, escape the jellyfish forest, and explore the mysterious depths of the ocean. Master unique abilities for each character - Nemo's small size lets him squeeze through tight spaces, while Marlin's speed helps outswim threats. Collect hidden sea shells, complete mini-games, and unlock bonus content as you relive key moments from the movie. With vibrant graphics that capture the film's charm and family-friendly gameplay that combines exploration, puzzle-solving, and action sequences, Finding Nemo delivers an immersive ocean adventure perfect for fans of all ages.",https://images.launchbox-app.com/d2550a04-af0d-4cd5-ac14-d0ffe2a07721.jpg
Fire Blade,2002-11-18,,64,Flight Combat,"Take control of advanced attack helicopters in this high-octane aerial combat game where precision flying meets explosive firepower. Pilot cutting-edge choppers through 18 adrenaline-pumping missions across diverse environments, from scorching deserts to frozen tundras and dense jungles. Master both assault and stealth gameplay as you navigate enemy territory, unleashing devastating weapons including missiles, rockets, and chain guns against ground forces and rival aircraft. Experience intense dogfights, strategic bombing runs, and daring rescue operations while upgrading your helicopter's armor, weapons, and special equipment. The game delivers arcade-style action with responsive controls that make pulling off spectacular aerial maneuvers feel smooth and satisfying. Face increasingly challenging objectives that test your combat skills and tactical decision-making as the story unfolds through dramatic cutscenes.",https://images.launchbox-app.com/51cdd184-296f-4100-95af-c771c15f39de.jpg
FlatOut,2005-07-12,,78,Racing,"FlatOut revolutionizes racing with unprecedented physics-driven carnage. Race through dirt tracks, city streets, and forest trails as spectacular crashes send car parts flying and drivers ejecting through windshields. The groundbreaking ragdoll physics system makes every collision unique - watch your driver soar through the air in bone-crunching detail. Beyond traditional racing, mini-games challenge you to launch your driver for maximum distance or accuracy in events like High Jump and Darts. With 16 fully destructible cars that crumple, dent, and lose parts realistically, every race becomes a demolition derby. The aggressive AI ensures constant action as rivals slam into barriers and each other. Experience pure arcade mayhem where finishing first means surviving the chaos. FlatOut delivers visceral thrills that redefined crash racing.",https://images.launchbox-app.com/8d9a10b3-6b3a-4935-a8b7-518c4fee92c4.jpg
FlatOut 2,2006-08-01,,81,Racing,"FlatOut 2 delivers spectacular destruction derby racing where every crash matters. Race through diverse environments from scorching deserts to icy mountains, using aggressive driving tactics to demolish opponents and earn nitro boosts. The revolutionary physics engine makes every collision feel brutally realistic as cars crumple, parts fly off, and drivers launch through windshields in ragdoll mayhem. Beyond traditional racing, unique mini-games let you hurl your driver through the air in events like high jump, darts, and bowling. With 34 customizable cars, 19 tracks, and both arcade and career modes, master the art of controlled chaos. Chain together devastating crashes to fill your nitro meter, then unleash explosive speed bursts. Online multiplayer supports 8 players for ultimate demolition showdowns where strategy meets destruction.",https://images.launchbox-app.com/cf6c2ab4-17ed-48b0-857d-4bd65b19a18e.jpg
Ford Mustang: The Legend Lives,2005-04-19,,62,Racing,"Celebrate 40 years of American muscle through Mustang's complete history. Race every generation from 1964½ classics to modern GTs with authentic handling differences. Career mode progresses through decades unlocking historic models. The story follows three generations of racers adding narrative. Customization includes authentic period modifications and paint. Tracks span famous American circuits and street courses. The showcase mode highlights each era's innovations. Multiplayer supports classic versus modern competitions. Graphics adequately represent each generation's styling. Commentary provides Mustang history lessons between races. While not revolutionary, Mustang fans appreciate the comprehensive tribute. Nostalgic racing for Blue Oval enthusiasts.",https://images.launchbox-app.com/97e85aa0-cc54-43a3-b2ec-315a4d93c702.jpg
Ford Racing 2,2003-10-28,,61,Racing,"Take the wheel in Ford Racing 2, where authentic Ford vehicles meet arcade racing excitement. Race through 30+ diverse tracks spanning cityscapes, deserts, and frozen tundras in meticulously recreated Ford classics and modern performance machines. Choose from over 35 licensed Ford vehicles including the GT40, Mustang, Focus RS, and F-150 Lightning. Master multiple racing disciplines from circuit races to challenging time trials and elimination modes. Feel the difference between muscle cars and nimble sports cars with distinct handling characteristics. Compete in championship seasons, unlock hidden vehicles, and customize your driving experience with adjustable difficulty settings. Split-screen multiplayer lets you challenge friends locally. With realistic damage modeling and dynamic weather effects, every race delivers intense wheel-to-wheel action that captures Ford's racing heritage.",https://images.launchbox-app.com/d46a4880-f63b-4c4c-b6e9-5e6584f985a5.jpg
Ford Racing 3,2004-10-26,,63,Racing,"Experience the ultimate Ford driving experience across 55 officially licensed vehicles spanning 14 different car classes. Race through 26 diverse tracks from city streets to challenging off-road terrain, each demanding different driving techniques and vehicle choices. Master various racing disciplines including circuit racing, point-to-point rallies, and elimination challenges. The advanced physics engine delivers realistic handling that varies dramatically between muscle cars, rally vehicles, and modern performance machines. Compete in comprehensive career mode or challenge friends in split-screen multiplayer. Customize difficulty settings and driving assists to match your skill level. From classic Mustangs to cutting-edge GTs, feel the raw power and heritage of Ford's automotive legacy in this authentic racing simulation.",https://images.launchbox-app.com/89334234-3bb2-412e-86e4-eac986e6957a.jpg
Ford Street Racing,2006-09-05,,49,Racing,"Experience the thrill of street racing with officially licensed Ford vehicles in this high-octane racing game. Tear through city streets, industrial zones, and scenic highways in iconic Ford models including the Mustang GT, Focus RS, and Ford GT. Master realistic handling physics as you drift around corners, dodge traffic, and outrun rivals in intense street races. Customize your rides with authentic Ford performance parts, body kits, and paint schemes to create the ultimate street machine. Challenge opponents in multiple game modes including Circuit Racing, Point-to-Point sprints, and Elimination tournaments. Build your reputation through the underground racing scene, unlocking new cars and tracks as you dominate the competition. Feel the raw power of Ford engineering combined with arcade-style action.",https://images.launchbox-app.com/c4594989-4cfd-43ec-8b2d-75172a541fdb.jpg
Ford vs. Chevy,2005-11-09,,58,Racing,"Experience the ultimate automotive rivalry in this high-octane racing showdown between America's most iconic truck brands. Choose your side in the legendary Ford vs. Chevy debate and prove your loyalty on diverse tracks ranging from muddy backwoods trails to scorching desert circuits. Customize and upgrade authentic Ford and Chevy trucks with performance parts, suspension kits, and visual modifications. Master physics-based driving across challenging terrains including deep mud bogs, rocky mountain passes, and sandy dunes. Compete in multiple race modes from circuit racing to hill climbs and freestyle events. Pull heavy loads in towing challenges that test your truck's true power. Battle friends in split-screen multiplayer or take on AI rivals in career mode. Realistic damage modeling and weather effects add intensity to every race.",https://images.launchbox-app.com/982844f2-f5f6-4abc-81d0-35886816ab6b.jpg
Forgotten Realms: Demon Stone,2004-11-16,,71,Action,"Journey through the Forgotten Realms in this action-packed hack-and-slash adventure where you control three unique heroes simultaneously. Switch between the fierce fighter Rannek, the nimble wood elf Illius, and the deadly drow rogue Zhai as you battle through hordes of enemies using each character's distinct combat styles and special abilities. Experience an original story penned by acclaimed author R.A. Salvatore featuring the legendary Drizzt Do'Urden. Master the innovative team-based combat system to execute devastating combo attacks and synchronize your heroes' powers. Face off against massive bosses including dragons, yuan-ti, and the demonic Ygorl in spectacular battles across diverse environments from dwarven mines to yuan-ti temples.",https://images.launchbox-app.com/54f83285-9598-41ff-a548-db7eaf63e4ff.jpg
Forza Motorsport,2005-05-03,,92,Racing,"Experience the most technically advanced racing simulation ever built. Forza Motorsport delivers unprecedented realism with dynamic time-of-day racing, advanced physics, and real-time ray tracing. Master over 500 real-world cars across 20 environments featuring multiple track layouts. The revolutionary AI system adapts to your skill level while the new car progression system rewards dedication as you build, tune, and upgrade your machines. Feel every tire's grip through enhanced physics modeling and witness stunning visual fidelity at 60fps. From weekend warriors to aspiring professionals, create your perfect racing experience with extensive difficulty options and assist settings. Race solo through the immersive career mode or compete online in ranked multiplayer championships where precision and racecraft determine victory.",https://images.launchbox-app.com/d84ff9ce-26b9-4652-92e1-3800b3cab185.jpg
Freaky Flyers,2003-08-05,,67,Racing,"Take to the skies in this outrageous aerial combat racing game where cartoon chaos meets dogfight mayhem! Choose from a wild roster of characters including a German flying ace, a Canadian Mountie, and even a genius monkey, each piloting their own unique aircraft. Race through exotic locations from tropical islands to the Swiss Alps while engaging in frantic aerial battles. Collect power-ups and unleash devastating special weapons to blast opponents out of the sky. Master barrel rolls, loop-de-loops, and insane stunts to gain the edge. Features include story mode adventures for each character, multiplayer dogfights, and mini-games that test your flying skills. With its blend of racing, combat, and zany humor, Freaky Flyers delivers fast-paced airborne action where anything goes and the sky's definitely not the limit!",https://images.launchbox-app.com/5f225cf0-a377-4ad3-8ed4-5ecdfa83b498.jpg
Freedom Fighters,2003-09-26,,83,Shooter,"In an alternate history where the Soviet Union conquers America, you lead the resistance as Christopher Stone, an ordinary plumber turned freedom fighter. Rally citizens to your cause and build a guerrilla army in the streets of New York City. The innovative charisma system lets you recruit fighters by completing missions and proving your leadership. Command squad tactics in real-time, ordering your rebels to attack, defend, or follow as you liberate Manhattan district by district. Every action impacts your reputation and fighter morale. Sabotage Soviet installations, rescue prisoners, and steal weapons to arm your growing resistance. The dynamic battlefield changes based on your strategic choices - destroy a helipad to prevent enemy reinforcements or capture a media station to broadcast propaganda. Third-person tactical action meets squad management in this gripping tale of revolution against overwhelming odds.",https://images.launchbox-app.com/b8ace7b9-91a8-4439-922b-2877ea7d179f.jpg
Freestyle MetalX,2003-06-24,,65,Sports,"Tear through massive freestyle motocross environments on customized bikes in this extreme sports thriller. Freestyle MetalX delivers heart-pounding MX action across sprawling open worlds where you'll pull off insane tricks, race at breakneck speeds, and explore every corner of the map. Master over 30 gravity-defying stunts including backflips, supermans, and heel clickers while competing in various event types from races to freestyle competitions. The game features deep bike customization, letting you tune performance and appearance to match your riding style. Discover hidden areas, secret jumps, and alternate routes throughout diverse locations from desert canyons to snow-covered mountains. With a killer metal soundtrack pumping adrenaline through every session, intuitive trick controls that reward creativity, and multiplayer modes for head-to-head competition, Freestyle MetalX pushes motocross gaming to the extreme limit.",https://images.launchbox-app.com/16685602-a8fc-4781-8706-52819560e02a.jpg
Freestyle Street Soccer,2005-09-27,,62,Sports,"Take soccer to the streets where attitude matters as much as skill in this aggressive urban sports game. Battle rival gangs across gritty playgrounds using dirty tactics - throw trash cans, knock down opponents with punches and kicks, and turn the environment into your weapon. Choose from crews like Skater Boys, Hardcore Honeys, or Tagging Crew, each with unique home turfs from skate parks to warehouses. Turf Wars mode lets you conquer the city block by block, earning skill points to upgrade your team after each victory. Defend your territory in intense Home Turf battles where one loss means starting over. Master combos, environmental attacks, and street-smart plays across multiple game modes. With its raw attitude, physical gameplay, and gang warfare structure, this delivers soccer with an underground edge.",https://images.launchbox-app.com/9891eaa3-c1ba-4227-8c61-6ced31f12cae.jpg
Frogger: Ancient Shadow,2002-12-11,,59,Platform,"Guide Frogger through a mystical quest across ancient civilizations in this reimagined arcade classic. Navigate treacherous temples, dodge rolling boulders, and leap across crumbling platforms as you uncover the secrets of a mysterious shadow threatening the world. This 3D adventure expands the classic highway-hopping gameplay with puzzle-solving elements, combat mechanics, and epic boss battles. Explore diverse environments from Egyptian pyramids to Asian temples, each filled with unique hazards and hidden treasures. Master new abilities like the tongue grapple and super jump to overcome increasingly complex obstacles. With multiplayer modes for competitive frog-hopping action and a rich story mode featuring full voice acting, Frogger: Ancient Shadow transforms the timeless formula into a modern platforming adventure.",https://images.launchbox-app.com/d7a1040e-46f1-4ee0-bcb1-79513423ec61.jpg
Frogger Beyond,2004-06-01,,80,Strategy,"Hop into a cosmic adventure as Frogger leaps beyond Earth to save his swamp from an alien invasion! Navigate through eight bizarre alien worlds, from volcanic planets to frozen moons, using Frogger's new power-ups and abilities. Master the Super Tongue to grapple across gaps, activate the Time Hop to slow down hazards, and unleash the Power Croak to defeat enemies. Each world features unique challenges mixing classic Frogger gameplay with modern 3D platforming. Dodge laser grids, ride alien creatures, solve environmental puzzles, and face off against massive boss battles. Collect fireflies to unlock bonus levels and rescue baby frogs hidden throughout each stage. With vibrant cartoon graphics, dynamic camera angles, and a quirky soundtrack, Frogger Beyond transforms the classic arcade formula into an interstellar platforming adventure that tests your timing, reflexes, and strategic thinking across the cosmos!",https://images.launchbox-app.com/8aa2294e-dd45-48da-aeed-4785d59978e1.jpg
Full Spectrum Warrior,2006-03-27,,74,Strategy,"Full Spectrum Warrior revolutionizes tactical combat with its authentic squad-based warfare system. Command two fire teams through the war-torn streets of Zekistan, using real US Army doctrine to suppress, flank, and eliminate insurgent forces. Unlike traditional shooters, you issue orders rather than directly control soldiers - every decision matters as you coordinate movements, establish fields of fire, and execute complex military maneuvers. Experience intense urban warfare where cover, suppression, and tactical positioning determine victory. The game's training-simulation origins deliver unparalleled realism, teaching genuine combat tactics while providing challenging strategic gameplay. Master authentic military procedures, from proper room clearing to coordinated assaults, in this groundbreaking fusion of strategy and action.",https://images.launchbox-app.com/108a429b-0c84-455e-a306-636d4941bef7.jpg
Full Spectrum Warrior: Ten Hammers,2004-05-10,,70,Strategy,"Lead your infantry squad through the war-torn streets of Zekistan in this tactical military simulation. Full Spectrum Warrior: Ten Hammers puts you in command of specialized fire teams using authentic US Army urban warfare doctrine. Direct your soldiers through deadly combat zones, utilizing cover, suppression fire, and flanking maneuvers to overcome insurgent forces. Every decision matters as you coordinate multiple squads simultaneously, calling in support from Bradley vehicles and Apache helicopters. Experience enhanced squad control mechanics, destructible environments, and intense multiplayer missions. Master real military tactics including bounding overwatch, smoke deployment, and precision grenade placement to complete objectives while minimizing casualties in this unforgiving battlefield.",https://images.launchbox-app.com/a81ecac1-bec2-4752-840f-66a7af3a5c65.jpg
Futurama,2001-11-15,,73,Party,"Join the Planet Express crew in this action-platformer based on the hit animated series! Play as Fry, Bender, Leela, and Dr. Zoidberg, each with unique abilities to overcome obstacles and enemies. Fry uses his trusty laser gun, Bender can charge through barriers, Leela delivers powerful martial arts attacks, and Zoidberg scuttles through tight spaces. Navigate through 28 levels across familiar locations like New New York, the sewers, and alien worlds. Battle Mom's killer robots, face off against Lrrr of Omicron Persei 8, and thwart the evil schemes threatening Earth. Collect Nibblers hidden throughout levels to unlock bonus content. Features full voice acting from the original cast, bringing the show's humor to life. Experience an original storyline that captures the spirit of Futurama with its blend of sci-fi action and irreverent comedy.",https://images.launchbox-app.com/ca0a1bc5-ba4b-4fe7-9e8d-78ae85f955d5.jpg
Future Tactics: The Uprising,2004-08-03,,71,Adventure,"Future Tactics: The Uprising revolutionizes turn-based strategy with fully destructible 3D environments where every wall, building, and piece of terrain can be obliterated. Command a ragtag team of resistance fighters in this unique tactical combat game that blends strategic planning with action-packed shooting sequences. Each turn lets you position your squad members, then take direct control for precise aiming in third-person view. The innovative targeting system adds tension as you balance risk versus reward - hold your shot longer for better accuracy but expose yourself to enemy fire. With 19 story missions featuring diverse objectives, colorful cartoon-style graphics, and terrain deformation that permanently changes the battlefield, Future Tactics delivers accessible yet deep tactical gameplay where creative destruction becomes your greatest weapon.",https://images.launchbox-app.com/36f7c75e-7877-4c3b-9193-d7e120784fb1.jpg
Fuzion Frenzy,2002-04-15,,71,Action RPG,"Fuzion Frenzy delivers frantic party game mayhem exclusively on Xbox! Battle through 45 wild mini-games across seven futuristic arenas as you compete to become the ultimate champion. Choose from six unique characters and challenge up to three friends in this adrenaline-pumping tournament. Race through twisted obstacle courses, dodge deadly projectiles in elimination rounds, and outmaneuver opponents in strategic territory battles. The game seamlessly blends action, strategy, and pure chaos with its innovative Fuzion rounds where players wager their hard-earned points in winner-take-all showdowns. With its vibrant neon aesthetic, pumping techno soundtrack, and pick-up-and-play controls, Fuzion Frenzy creates instant multiplayer magic. Every mini-game tests different skills - from lightning reflexes to tactical thinking - ensuring no two matches play the same!",https://images.launchbox-app.com/e7f34747-75cf-4d6c-9017-20cc591be46b.jpg
Galaxy Angel,2005-12-12,,60,Action RPG,"Galaxy Angel brings the beloved anime series to life in this charming simulation-adventure hybrid. Command the Angel Brigade, an elite team of five unique female pilots, as they patrol the galaxy in their powerful Emblem Frames. Balance tactical space combat with relationship building through branching dialogue choices that shape your bonds with each Angel. Your decisions directly impact battle performance - stronger relationships unlock devastating combination attacks and improved ship capabilities. Navigate political intrigue across multiple star systems while managing resources and upgrading your fleet. Each Angel possesses distinct personalities and combat specialties, from Milfeulle's luck-based abilities to Forte's heavy firepower. The game seamlessly blends visual novel storytelling with real-time strategic battles, creating an engaging mix of romance, humor, and tactical depth that captures the anime's lighthearted yet dramatic spirit.",
Goblin Commander: Unleash the Horde,2002-01-28,,75,Action,"Lead massive goblin armies in this innovative real-time strategy game that breaks the RTS mold. Command five unique clans - Hellfire, Stonekrusher, Stormbringer, Plaguespitter, and Nighthorde - each with distinct units and devastating powers. Unlike traditional RTS games, you directly control your Titan hero on the battlefield, smashing through enemy lines while commanding your hordes. Build war machines, capture soul fountains to fuel your armies, and unleash clan-specific magic to dominate opponents. The streamlined controls make strategy accessible without sacrificing depth. Battle through a story-driven campaign to unite the clans or challenge friends in split-screen multiplayer mayhem. Pure goblin warfare!",https://images.launchbox-app.com/70adeb9f-7c2a-47a8-8627-eb6fca0bd072.jpg
Galleon,2003-11-04,,65,Action,"Set sail on an epic adventure as Captain Rhama Sabrier in this swashbuckling action-platformer that pushes the boundaries of acrobatic gameplay. Navigate treacherous islands and ancient ruins using revolutionary fluid movement mechanics that let you wall-run, swing from ropes, and perform death-defying leaps with unprecedented precision. Command your loyal crew through strategic ship battles while exploring a vast archipelago filled with mysterious artifacts and hidden treasures. Master intricate combat combining swordplay with athletic prowess as you face mythical creatures and rival pirates. Solve environmental puzzles using your agility and wit to unlock secret passages and ancient mechanisms. With its unique blend of platforming innovation, naval warfare, and cinematic storytelling, Galleon delivers a distinctive pirate experience where every jump, climb, and sword strike flows together in balletic action sequences.",https://images.launchbox-app.com/570e6a24-73a5-49c3-b3b1-932be1f8ed47.jpg
Gauntlet Dark Legacy,2002-04-15,,73,Action RPG,"Embark on an epic quest through eight treacherous realms in this action-packed dungeon crawler. Choose from eight unique character classes including Warrior, Wizard, Valkyrie, and Jester, each with distinct abilities and playstyles. Battle through hordes of monsters, undead armies, and colossal bosses as you collect legendary weapons, magical items, and powerful rune stones. Team up with three friends for chaotic four-player cooperative gameplay where teamwork is essential for survival. Explore sprawling levels filled with secret areas, hidden treasures, and deadly traps. Level up your hero, unlock new abilities, and customize your character's appearance as you progress. Face the corrupted wizard Garm and his demonic forces across diverse environments from haunted graveyards to volcanic fortresses. Classic arcade action meets RPG depth.",https://images.launchbox-app.com/7531d66c-fc17-469a-89e3-9fca636c2640.jpg
Gauntlet: Seven Sorrows,2005-12-12,,59,Action RPG,"Join the legendary warriors of Gauntlet in this dark action-RPG reimagining of the classic dungeon-crawling series. Play as the Warrior, Wizard, Valkyrie, or Elf, each with unique combat styles and devastating special moves. Battle through hordes of enemies across diverse realms, from frozen wastelands to volcanic fortresses, in a quest to defeat six powerful immortal advisors. Experience intense hack-and-slash combat with RPG elements, allowing you to level up abilities and unlock new combos. Team up with friends in 2-player cooperative mode to unleash powerful combination attacks. With its gothic atmosphere, strategic gameplay mixing melee and magic, and the series' signature overwhelming enemy swarms, Seven Sorrows delivers brutal fantasy action that honors its arcade roots while adding modern depth.",https://images.launchbox-app.com/45fba027-d232-4a15-a9ec-6c453709fdc4.jpg
Genma Onimusha,2002-01-28,,74,Action,"Step into feudal Japan as samurai warrior Samanosuke Akechi in this enhanced version of the survival horror classic. Battle demonic forces that have invaded the land using both traditional swordplay and mystical Oni powers. Absorb souls from fallen enemies to upgrade your arsenal of magical weapons and unlock devastating special attacks. Navigate treacherous castle environments filled with deadly traps and puzzles while facing off against grotesque demons and undead warriors. This Xbox-exclusive version features improved graphics, new costumes, additional difficulty settings, and the challenging Green Soul system that tests your combat skills. Experience intense sword combat with precise analog control, dramatic boss battles, and a dark supernatural storyline. Master the art of critical timing to perform devastating Issen instant-kill strikes.",https://images.launchbox-app.com/1c999a5f-9e52-4bac-90ad-b3877af6b497.png
Ghost Master: The Gravenville Chronicles,2004-08-23,,72,Strategy,"Command a spectral bureaucracy in this innovative haunting strategy game where you orchestrate supernatural chaos. Deploy teams of ghosts to terrify mortals across 15 unique locations, each spirit bound to specific objects like murder weapons, water sources, or electrical devices. Manage your limited Plasm resource - generated by frightened humans - to unleash increasingly powerful haunting abilities. Strategically position ghosts based on their fetters: water spirits haunt sinks, murdered souls bind to corpses, and poltergeists wreak havoc on furniture. Complete objectives beyond simple scares, including avenging deaths, recruiting renegade spirits, and increasing supernatural belief. Earn Gold Plasm through efficient hauntings to unlock devastating new abilities for your ghostly subordinates. This clever puzzle-strategy hybrid rewards creative thinking as you manipulate mortals through fear and madness.",https://images.launchbox-app.com/e5d9b2f9-6f82-4ffe-98f6-39d0889212b4.jpg
Gladiator: Sword of Vengeance,2003-11-05,,65,Action,"Step into the sandals of Invictus, a legendary gladiator resurrected by the gods to exact vengeance on the corrupt emperor who destroyed Rome. This visceral hack-and-slash adventure blends brutal arena combat with mythological powers across ancient battlefields. Master devastating combo attacks using swords, axes, and gauntlets while channeling divine abilities like Zeus's lightning and Mars's fury. Battle through Rome's darkest corners, from blood-soaked coliseums to demon-infested catacombs, facing gladiators, mythical beasts, and undead legions. Unlock new weapons and magical powers as you carve your path through intense boss battles. With its fluid combat system, atmospheric visuals, and epic orchestral score, Gladiator delivers raw, satisfying action wrapped in Roman mythology.",https://images.launchbox-app.com/1ce308ea-60b7-452b-a0dd-6e2916a15613.jpg
Gladius,2003-10-28,,81,Tactical RPG,"Enter the deadly world of gladiatorial combat in this tactical RPG where strategy meets spectacle. Build your own school of warriors from diverse classes including barbarians, legionnaires, and mystical channelers, each with unique abilities and combat styles. Navigate the brutal arenas of an ancient fantasy realm split between the civilized Imperial lands and the savage Barbarian territories. Master a deep turn-based combat system that blends positioning, timing, and crowd-pleasing finishing moves to win fame and fortune. Recruit over 16 different character classes, equip them with hundreds of weapons and armor pieces, and develop their skills through branching advancement paths. Experience a rich story campaign across multiple regions or challenge friends in thrilling multiplayer battles where tactical prowess determines victory.",https://images.launchbox-app.com/24982c6e-6f3d-40e2-842a-1b95938bf432.jpg
The Godfather,2006-03-21,,77,Action,"Rise through the ranks of the Corleone crime family in this open-world action game based on the iconic film. Create your own mobster and work alongside legendary characters like Don Vito, Michael, and Sonny Corleone. Build your criminal empire by extorting businesses, bribing cops, and eliminating rival families across 1940s New York. The innovative Blackhand control system lets you grab, punch, and intimidate enemies with brutal efficiency. Execute hits, survive vendettas, and prove your loyalty through missions that parallel and expand the movie's storyline. From street-level enforcer to underboss, every racket you control and every vendetta you survive brings you closer to becoming Don of NYC. Experience the Godfather's world through intimidation, negotiation, and violence as you make offers nobody can refuse.",
Godzilla: Destroy All Monsters Melee,2003-04-16,,67,Fighting,"Battle as the King of Monsters in this epic fighting game featuring Godzilla and his legendary rivals! Choose from iconic kaiju including Godzilla 90s, Godzilla 2000, Anguirus, Rodan, King Ghidorah, Destoroyah, and Megalon. Unleash devastating special attacks, atomic breath, and signature moves unique to each monster. Destroy fully interactive 3D cities as you fight - buildings crumble, military forces attack, and civilians flee in terror. Master each monster's fighting style in intense melee combat with throws, combos, and rage attacks. Battle through Adventure mode to unlock new monsters and arenas, challenge friends in Versus mode, test your skills in Survival, or rampage through Destruction mode. Experience authentic monster roars and city-crushing sound effects that bring the kaiju battles to life!",https://images.launchbox-app.com/a3201965-1a3a-4418-ae78-03036a8daf47.jpg
Godzilla: Save the Earth,2004-11-02,,60,Fighting,"Unleash the fury of cinema's greatest monsters in this explosive fighting game! Choose from 18 legendary kaiju including Godzilla, Mothra, and Mechagodzilla across destructible city environments. Master each monster's unique abilities - from atomic breath to sonic roars - in intense melee combat. Battle through single-player mode or challenge friends in epic multiplayer showdowns. Environmental destruction is key as you weaponize buildings, throw opponents through skyscrapers, and trigger devastating special attacks. Every city becomes your arena as you stomp through fully destructible landscapes from Tokyo to San Francisco. Experience authentic monster combat with motion-captured animations and signature moves straight from the films. The fate of Earth hangs in the balance!",https://images.launchbox-app.com/17aff32e-2890-4f85-ba63-189937c6a597.jpg
GoldenEye: Rogue Agent,2004-11-22,,60,Shooter,"Step into the dark side of espionage as GoldenEye, a rogue MI6 agent cast out for brutal methods. This explosive first-person shooter reimagines the Bond universe from a villain's perspective. Wield devastating dual-wielding combat across iconic locations from classic 007 films. Your cybernetic golden eye grants tactical advantages - see through walls, hack electronics, and unleash electromagnetic blasts. Battle alongside and against legendary villains like Dr. No, Goldfinger, and Scaramanga. Experience intense multiplayer mayhem with customizable death traps and classic split-screen action. Choose your path through morally gray missions where betrayal lurks around every corner in this bold reinvention of Bond mythology.",https://images.launchbox-app.com/9d1b2630-ac96-4cb0-8bbd-a9b9d29d62e4.jpg
Gotcha!,2005-01-18,,54,Shooter,"Experience competitive paintball action in this non-violent first-person shooter inspired by Counter-Strike. Choose from 18 professional male and female players, each with unique skills, and equip yourself with 12 high-tech markers and colored grenades. Battle across 17 diverse locations worldwide featuring realistic weather effects that impact gameplay. Master tactical movement including crouching, prone positions, and strafing as you compete in a full league with 28 teams. Engage in intense multiplayer modes like Team Deathmatch, Capture the Flag, Flag Elimination, Last Man Standing, and Kill the King. Support for up to 12 players via Xbox Live, LAN, or direct connection brings authentic tournament-style paintball competition to your console. With its focus on strategy, teamwork, and precise shooting mechanics, Gotcha! delivers adrenaline-pumping FPS action without the violence.",https://images.launchbox-app.com/bcc301f5-4b02-4d09-b008-642ab41a5d12.jpg
Grabbed by the Ghoulies,2003-10-21,,68,Beat-em-up,"Explore the spooky halls of Ghoulhaven Hall in this quirky beat-'em-up adventure from Rare. As young Cooper, battle through 50 haunted rooms filled with zombies, skeletons, vampires, and mummies using everything from pool cues to toilet plungers as weapons. The innovative control scheme lets you unleash combos with the right analog stick while moving with the left. Each room presents unique challenges - defeat all enemies, survive time limits, or protect innocent captives. The game's distinctive cel-shaded art style brings a Tim Burton-esque world to life with exaggerated characters and atmospheric lighting. Collect bonus books to unlock artwork and mini-games while rescuing your girlfriend from the mansion's ghoulish inhabitants. With its family-friendly horror theme and arcade-style gameplay, this Xbox exclusive delivers accessible fun with surprising depth.",https://images.launchbox-app.com/5581141f-9014-42ab-aa44-ab112881e642.jpg
Grand Theft Auto III,2002-10-31,,97,Action,"Experience Liberty City's criminal underworld in this groundbreaking open-world action game that revolutionized gaming. Play as Claude, a betrayed criminal seeking revenge through the city's seedy districts. Hijack any vehicle, from sports cars to ambulances, and explore a living, breathing metropolis with total freedom. Accept missions from mob bosses, corrupt cops, and street gangs, or simply cause mayhem on your own terms. The pioneering 3D sandbox design lets you approach objectives however you choose - guns blazing, stealthy infiltration, or creative chaos. Radio stations provide the perfect soundtrack as you build your criminal empire through robbery, assassination, and destruction. This is the game that defined open-world gaming.",https://images.launchbox-app.com/c6612799-7d6b-4e3f-98fb-deea03e7a9ec.jpg
Grand Theft Auto: San Andreas,2005-06-07,,93,Action,"Return to the streets of San Andreas, a massive state spanning three cities teeming with gang warfare, corrupt cops, and urban decay. As CJ, fresh back from Liberty City, you're thrust into a web of betrayal and violence that threatens your family and old crew. Build your criminal empire through heists, turf wars, and business ventures. Master everything from street racing to casino robberies, pilot aircraft from jets to jetpacks, and customize CJ's skills, physique, and style. The sprawling open world offers unprecedented freedom - swim, climb, eat, work out, dance, and date across Los Santos, San Fierro, and Las Venturas. With an epic storyline spanning the early 90s gang culture, this groundbreaking sandbox redefined gaming.",https://images.launchbox-app.com/81a02b33-1f0d-4078-bb2e-e70e7783f648.jpg
Grand Theft Auto: Vice City,2003-10-28,,94,Action,"Welcome to 1980s Vice City, a neon-soaked tropical paradise hiding a criminal empire. As Tommy Vercetti, fresh from prison, you'll rise from betrayed foot soldier to kingpin of this Miami-inspired metropolis. Cruise the sun-drenched streets in exotic sports cars, speedboats, and motorcycles while building your criminal empire through drug deals, heists, and hostile takeovers. The city pulses with an authentic '80s soundtrack featuring era-defining hits as you navigate a web of corrupt politicians, drug lords, and rival gangs. From Ocean Beach to Little Haiti, every district offers unique missions and opportunities. Buy properties, eliminate rivals, and experience the dark side of the American Dream in this groundbreaking open-world crime saga that defined a generation.",https://images.launchbox-app.com/b9365954-4a9c-42a2-a62c-4c2e7b95bcaa.jpg
Gravity Games Bike: Street Vert Dirt,2002-09-04,,68,Sports,"Ride alongside BMX legends in this extreme sports title featuring 21 pro riders including Jamie Bestwick, Dennis McCoy, and Fuzzy Hall. Shred through 10 massive levels spanning street courses, vert ramps, and dirt tracks, each packed with objectives to unlock new areas. Pull off insane tricks using an accessible control scheme - one button initiates tricks while another modifies them mid-air for endless combo possibilities. Unlike competitors, this game rewards consistent scoring for repeated tricks, letting you perfect your favorite moves without penalty. Challenge friends in multiple multiplayer modes from trick competitions to racing showdowns. While criticized for technical issues including collision detection and graphical glitches, the game's expansive level designs offer plenty of lines to explore. Experience the official Gravity Games competition atmosphere in Midway's only licensed extreme sports entry.",https://images.launchbox-app.com/e7efbcde-746f-4922-9688-b1ca0544c66e.jpg
The Great Escape,2003-07-22,,62,Stealth Action,"Relive the legendary 1963 film in this stealth-action adventure where 76 Allied POWs plot history's most daring breakout from Stalag Luft III. Play as four distinct characters including Steve McQueen's iconic Hilts, experiencing their backstories through flashback missions before orchestrating the main escape. Master stealth mechanics to avoid German guards, perform reconnaissance, steal vital supplies, and execute the tunneling operation that shocked Nazi Germany. The game expands beyond the movie with thrilling sequences: hijack trains, steal fighter planes, aid the French Resistance, and make desperate motorcycle dashes for the Swiss border. Unlike the film's tragic ending, succeed where history failed as all playable characters reach freedom through rooftop chases, aerial escapes, and border crossings. Combining authentic WWII atmosphere with Hollywood drama, this delivers both faithful adaptation and original storytelling.",https://images.launchbox-app.com/e9e6650b-68aa-4b95-bebb-6178bb02327e.jpg
Greg Hastings' Tournament Paintball,2004-11-16,,77,Sports,"Experience the intense world of competitive paintball in Greg Hastings' Tournament Paintball. Lead your team through authentic tournament scenarios across 29 real-world fields, mastering strategic gameplay that rewards tactical thinking over run-and-gun action. Execute realistic moves like sliding, diving, and snap-shooting while utilizing authentic paintball gear from top manufacturers. The innovative career mode lets you build and customize your team, recruiting players and upgrading equipment as you compete in tournaments worldwide. With split-screen multiplayer for up to 4 players and Xbox Live support, challenge friends in elimination matches or king of the hill battles. The game's unique breakout editor allows you to plan strategies and perfect your approach to each field, bringing unprecedented depth to console paintball gaming.",https://images.launchbox-app.com/d363fd6c-732c-4ed5-8778-db84eee44946.jpg
Greg Hastings' Tournament Paintball MAX'D,2005-10-18,,73,Sports,"Lead your team to paintball glory in the ultimate competitive paintball experience! Command a squad through intense tournaments across 29 real-world fields, from indoor arenas to outdoor battlegrounds. Master authentic paintball tactics using genuine gear from top manufacturers like Smart Parts and JT USA. Experience the thrill of tournament play with multiple game modes including Capture the Flag, Elimination, and Center Flag. Build your dream team, customize equipment, and perfect your skills through career mode. Feel the intensity with realistic ballistics, dynamic weather, and strategic gameplay that rewards tactical thinking. Whether playing solo or with friends in split-screen multiplayer, every match delivers heart-pounding action where teamwork and precision determine victory.",https://images.launchbox-app.com/c06226ca-c11b-415a-bf85-dc4f28b6658f.jpg
Grooverider: Slot Car Thunder,2003-10-27,,62,Racing,"Experience the ultimate slot car racing revolution in Grooverider: Slot Car Thunder! Race through 20 mind-bending tracks that defy gravity and physics, from living rooms to fantasy realms. Master the unique groove-switching mechanic to overtake rivals and discover shortcuts. Choose from 30+ customizable cars with unique handling and speed characteristics. Battle through Championship mode, take on friends in 4-player split-screen mayhem, or perfect your skills in Time Trial. Unleash devastating power-ups like turbo boosts, oil slicks, and electromagnetic pulses to dominate the competition. With arcade-style gameplay, vibrant graphics, and a pumping soundtrack, Grooverider delivers high-octane slot car action like never before.",https://images.launchbox-app.com/bd8ec3fb-ddb6-4f51-8f2d-fedc0af96bde.jpg
Group S Challenge,2003-11-18,,54,Racing,"Race fully licensed supercars from Ford, Chevrolet, and Ruf in this arcade-focused racing experience. Progress through four vehicle tiers in Championship mode, starting with Group C's entry-level cars and climbing to the elite Group S hypercars. Master unique racing disciplines: Line mode rewards precision driving along the optimal racing line for cash bonuses, while Dual mode challenges you to defeat special locked cars using three different vehicles from your garage to unlock them permanently. Arcade modes deliver classic racing thrills with single-player races against AI, split-screen versus battles, One Make races testing pure skill with identical cars, and Time Attack for chasing perfect lap times. The streamlined career mode focuses purely on racing progression without cutscenes or story elements, letting your driving skills and growing car collection tell the only story that matters.",https://images.launchbox-app.com/f813ed84-6c0d-4817-a7ed-147cde7d2340.jpg
Guilty Gear Isuka,2005-11-02,,66,Fighting,"Guilty Gear Isuka breaks the mold of traditional 2D fighters with its innovative four-player simultaneous combat system. This spin-off of the acclaimed Guilty Gear series lets you battle across sprawling multi-tiered stages where fighters can face any direction, adding tactical depth to every encounter. Choose from over 20 unique characters, each wielding distinct fighting styles and supernatural abilities. The game features multiple modes including the strategic Boost Mode where you enhance your fighter's abilities, and the addictive Beat 'Em Up style GG Boost that pits you against waves of enemies. With its signature heavy metal soundtrack, stunning hand-drawn sprites, and fast-paced combat that rewards both aggression and precision, Isuka delivers chaotic multiplayer mayhem while maintaining the series' technical depth.",https://images.launchbox-app.com/f587a75e-76d5-4906-9908-89ae771a69a5.jpg
Guilty Gear X2 #Reload,2004-09-14,,84,Fighting,"Unleash devastating combos in this pinnacle of 2D fighting excellence. Guilty Gear X2 #Reload refines the series' signature high-speed combat with an expanded roster of 20 unique fighters, each wielding distinct weapons and supernatural abilities. Master the innovative Roman Cancel system to extend combos and create unpredictable offense. Experience multiple game modes including Mission Mode's 100 challenges that teach advanced techniques. The stunning hand-drawn sprites and metal-inspired soundtrack by Daisuke Ishiwatari create an unforgettable audiovisual assault. Deep mechanics like Instant Kills, Burst Gauge management, and character-specific systems reward dedication while remaining accessible to newcomers. A fighting game masterpiece that balances technical depth with pure adrenaline-fueled action.",https://images.launchbox-app.com/aac67c28-0526-40be-aec6-98278665a0e1.jpg
Gun,2005-11-08,,79,Western Action,"Saddle up as Colton White in this critically acclaimed Western epic that brings the lawless frontier to life. Navigate an open world where you choose to be righteous gunslinger or feared outlaw, facing resistance fighters, corrupt lawmen, renegade soldiers, and vengeful Apache and Blackfoot warriors. Experience intense third-person gunfights with period-authentic weapons, from six-shooters to rifles, as you hunt buffalo, track bounties, and survive frequent bandit ambushes between towns. The action-RPG gameplay rewards exploration through side missions including poker tournaments, cattle herding, law enforcement duties, and gold mining that earn money for weapon upgrades and stat improvements. Master the quick-draw showdown mechanic, manage your town reputation through the Patience meter, and uncover a revenge story spanning the untamed American West. This Xbox 360 launch title delivered genre-defining Western action that earned GameSpy's Action Game of the Year.",https://images.launchbox-app.com/128c8285-54f4-4d78-8ed9-849f00ba4870.jpg
Gungriffon Allied Strike,2004-12-14,,56,Mech Action,"Take command of a heavily-armed High Mobility Armored Combat System (High-MACS) and blast through intense mechanized warfare across devastated battlefields. This tactical mech combat simulator puts you in the cockpit of customizable walking tanks, engaging enemy forces with an arsenal of missiles, cannons, and energy weapons. Navigate war-torn environments from scorching deserts to frozen tundra as you complete critical missions for the Allied forces. The game features a branching campaign where your performance affects the war's outcome, realistic physics that make every step and shot count, and multiple difficulty modes to challenge pilots of all skill levels. Master your mech's complex controls, manage ammunition and armor integrity, and coordinate with allied units to survive increasingly desperate battles against overwhelming odds.",https://images.launchbox-app.com/21432f5d-f25e-4316-9380-0aa83bde45d5.jpg
Gun Metal,2002-11-26,,62,Mech Action,"Defend humanity's colony on planet Helios by piloting the transformable Havoc Suit in this explosive mech combat game. Seamlessly switch between towering humanoid mech and advanced fighter jet at the push of a button, adapting your tactics to overwhelm enemy forces. Command an arsenal of 24 devastating weapons including napalm strikes, pulse cannons, harpoons, and rocket barrages, with 8 weapons loadouts split between your two forms. Battle through 14 missions defending the human settlement from relentless alien invaders determined to exterminate the colony. As Project Gunmetal's ultimate war machine, utilize electronic shields and strategic transformation to dominate both ground and aerial combat. Unlock new weapons throughout the campaign, allowing customized loadouts that encourage experimentation and replay. This ambitious fusion of mech and flight combat delivers intense action as you become humanity's last hope against extinction.",https://images.launchbox-app.com/3d485bf9-3db8-48cd-aa50-7cf1b78a3d0c.jpg
Gunvalkyrie,2002-03-18,,73,Shooter,"In an alternate 1906 where the British Empire spans the stars, elite soldier Kelly O'Lenmey battles massive alien insects threatening humanity's colonial frontier. GunValkyrie delivers explosive aerial combat as you master the revolutionary Gearskin suit, boosting through alien-infested canyons while unleashing devastating weaponry. Chain together acrobatic maneuvers to build combos, launching yourself skyward before raining destruction on swarms below. Each mission demands mastery of the unique boost-jump mechanics that blend platforming with intense shooting action. Navigate treacherous environments from volcanic wastelands to frozen tundras, facing increasingly dangerous Spaceworms and their grotesque mutations. With its distinctive steampunk aesthetic and challenging skill-based gameplay, GunValkyrie rewards players who perfect its demanding but satisfying control scheme. Pure adrenaline-fueled action awaits those brave enough to don the Gearskin.",https://images.launchbox-app.com/111d48d2-6864-4178-a1d1-c5dba20dac0b.jpg
The Haunted Mansion,,,,,"Step into the shoes of Zeke Holloway, a young aspiring ghost hunter, in this spine-tingling action-adventure based on Disney's beloved attraction. Explore the mysterious Gracey Manor, wielding your magical lantern to capture 999 ghosts haunting its twisted halls. Navigate through cleverly designed rooms filled with supernatural puzzles, hidden passages, and ghostly encounters. Your enchanted lantern serves as both weapon and tool - use it to reveal invisible platforms, unlock secret areas, and battle increasingly challenging spirits. Each captured ghost adds to your collection, unlocking new abilities and backstory elements. The mansion transforms as you progress, with rooms shifting between ethereal and physical states. Face off against powerful boss ghosts, each with unique attack patterns and weaknesses. Atmospheric sound design and eerie visuals create genuine tension as you uncover the dark secrets behind Master Gracey's curse and work to free the trapped souls within.",https://images.launchbox-app.com/4660d97d-a17c-4b98-9022-d9286f350bd3.jpg
Half-Life 2,2005-11-15,,90,Shooter,"Step into the boots of Gordon Freeman in this revolutionary first-person shooter that redefined gaming physics and storytelling. Navigate through City 17's dystopian landscape, fighting against the oppressive Combine forces with an arsenal of weapons including the iconic Gravity Gun that turns everyday objects into deadly projectiles. Experience groundbreaking physics puzzles, intense vehicle sequences, and unforgettable characters like Alyx Vance who fight alongside you. The Source engine delivers stunning visuals and realistic interactions where every object responds naturally to your actions. From claustrophobic zombie-infested tunnels to epic street battles, Half-Life 2 seamlessly blends combat, exploration, and narrative without a single cutscene interrupting your immersion in this masterfully crafted world.",https://images.launchbox-app.com/2c53e9cb-2bcd-472a-9d96-789d713f1202.jpg
Halo: Combat Evolved,2001-11-15,,97,Shooter,"Crash-land on the mysterious ringworld Halo as Master Chief, humanity's last hope against the alien Covenant. Experience the revolutionary first-person shooter that redefined console gaming with its perfect blend of on-foot combat and vehicular warfare. Wield an arsenal of human and alien weapons, from the versatile assault rifle to the devastating energy sword. Battle through diverse environments - from lush jungles to snow-covered canyons and ancient alien structures. The adaptive AI creates dynamic firefights where enemies flank, retreat, and coordinate attacks. Seamless co-op lets you tackle the campaign with a friend, while multiplayer delivers intense 16-player battles across iconic maps. With its epic orchestral score, gripping story, and genre-defining gameplay, Halo sets the standard for sci-fi shooters.",https://images.launchbox-app.com/17573f62-01a3-4a31-85c9-9714297318ad.jpg
Halo 2,2004-11-09,,95,Shooter,"Dual-wield devastating weapon combinations as Master Chief returns to battle the Covenant invasion of Earth and beyond. Experience the legendary campaign that revolutionized console shooters with seamless vehicle combat, epic set pieces, and the shocking cliffhanger that defined a generation. Switch between Master Chief and the Arbiter across two interconnected storylines spanning Earth, mysterious Halo installations, and the Covenant homeworld. Dominate in revolutionary Xbox Live multiplayer with iconic maps like Lockout and Zanzibar, customizable game modes, and clan support that created the blueprint for online console gaming. From the streets of New Mombasa to the ancient halls of Delta Halo, uncover the truth behind the Covenant's Great Journey while humanity fights for survival. Features enhanced graphics, destructible vehicles, boarding mechanics, and the series' most memorable soundtrack.",https://images.launchbox-app.com/ea79d9b4-6cb4-46dd-951d-d7ef9e9beb1b.jpg
Harry Potter and the Chamber of Secrets,2002-11-05,,71,Action Adventure,"Enter the magical world of Hogwarts as Harry Potter returns for his second year at the school of witchcraft and wizardry. Explore the castle's secret passages, hidden rooms, and mysterious corridors while uncovering the dark secret of the Chamber of Secrets. Master new spells including Expelliarmus and Skurge to defeat enemies and solve puzzles. Attend classes to learn magical abilities from professors like Gilderoy Lockhart. Fly on your Nimbus 2000 in exciting Quidditch matches, collect wizard cards and ingredients for potions, and duel rival students in the Dueling Club. Face dangerous creatures including spiders, pixies, and the deadly Basilisk. With action-adventure gameplay combining platforming, puzzle-solving, and spell-casting, experience the enchanting story of Harry's battle against the heir of Slytherin and save Hogwarts from an ancient evil.",https://images.launchbox-app.com/af03520e-c528-445a-b564-3f96c2fca483.jpg
Harry Potter and the Goblet of Fire,2005-11-08,,63,Action Adventure,"Experience the Triwizard Tournament in this action-packed adventure based on the fourth Harry Potter film. Play as Harry, Ron, or Hermione through exciting challenges including the dangerous tasks of the tournament - face dragons, navigate the treacherous Black Lake, and survive the deadly maze. Master powerful spells using intuitive gesture-based casting, combining magic for devastating effects. Team up with friends in cooperative gameplay to solve puzzles and defeat enemies together. Explore iconic locations from Hogwarts to the Quidditch World Cup campsite. Collect magical Triwizard Shields, unlock character upgrades, and discover hidden areas. With stunning visuals that bring the wizarding world to life, every spell feels impactful as you battle Death Eaters and magical creatures.",
Harry Potter and the Philosopher's Stone,2003-12-09,,63,Action Adventure,"Experience the magic of Hogwarts as Harry Potter in his first year at the world's most famous wizarding school. Explore the castle's moving staircases, hidden passages, and enchanted rooms while attending classes to learn spells like Wingardium Leviosa and Flipendo. Master Quidditch on your Nimbus 2000, sneaking past Filch and Mrs. Norris after curfew, and face dangerous creatures from Devil's Snare to trolls. Collect Wizard Cards and Every Flavour Beans while solving puzzles that require both magical skill and clever thinking. Battle through platform challenges, defeat Draco in wizard duels, and ultimately confront the dark forces threatening the Philosopher's Stone. With faithful recreations of iconic locations and John Williams' memorable score, this action-adventure brings J.K. Rowling's beloved world to life.",
Harry Potter and the Prisoner of Azkaban,2004-05-25,,70,Action Adventure,"Step into the magical world of Hogwarts as Harry, Ron, and Hermione in their third year adventure. Master powerful new spells including the Patronus Charm to defend against soul-sucking Dementors. Switch between all three characters, each with unique abilities - Harry's flying skills, Ron's strength, and Hermione's spell knowledge. Explore an expanded Hogwarts with secret passages and hidden areas while attending classes to learn new magic. Face challenging boss battles against werewolves and Dementors. Solve puzzles using teamwork and combine different character abilities. Fly Buckbeak the Hippogriff in thrilling aerial sequences. Uncover the truth about Sirius Black while navigating time-turning mysteries in this action-adventure that brings J.K. Rowling's beloved story to life.",https://images.launchbox-app.com/157c8c9c-d887-43f3-9f4a-ad4e3c9da745.jpg
Harry Potter: Quidditch World Cup,2003-10-28,,68,Sports,"Mount your broomstick and experience the magical sport of Quidditch in this action-packed game based on J.K. Rowling's wizarding world. Choose from all four Hogwarts houses or international teams including USA, Bulgaria, and England as you compete for the Quidditch World Cup. Master spectacular moves like the Bludger Pass and Seeker Special Move while dodging dangerous Bludgers and racing to catch the Golden Snitch. Play through the Hogwarts season to unlock the World Cup tournament, featuring authentic stadiums from around the globe. Execute team special moves, perform combos to fill your boost meter, and unleash devastating finishing moves. With fast-paced arcade-style gameplay, multiple difficulty levels, and two-player versus mode, this captures all the excitement of Quidditch battles. Stunning visuals bring the magical sport to life with dynamic camera angles and spectacular spell effects.",https://images.launchbox-app.com/09fa93de-bb2b-4eff-aa3e-f359355df9e0.jpg
Headhunter Redemption,2004-09-21,,63,Action,"In this cyberpunk sequel, bounty hunter Jack Wade returns to a dystopian future where corporations rule and humanity teeters on extinction. Navigate the gritty streets of a post-apocalyptic world split between the decaying Above and the subterranean Below. Master intense third-person combat mixing stealth takedowns with explosive firefights. Ride motorcycles through dangerous cityscapes while hunting targets and uncovering a conspiracy that threatens what remains of civilization. Upgrade your arsenal with futuristic weapons and gadgets as you tackle varied missions ranging from infiltration to all-out assault. Experience a dark narrative exploring themes of redemption and survival in a world where technology and humanity collide. Your choices determine whether you save or doom what's left of society.",https://images.launchbox-app.com/ed2ae471-3919-4cc9-af7a-8fc63dbbff44.jpg
Hello Kitty: Roller Rescue,2005-08-23,,56,Platformer,"Join Hello Kitty on an action-packed adventure to save Sanrio Town from the mischievous Block-O aliens! This colorful 3D platformer transforms the beloved character into an unlikely hero armed with a magical wand. Navigate through vibrant themed worlds inspired by Sanrio characters, from Badtz-Maru's penguin paradise to Keroppi's pond kingdom. Master platforming challenges, solve environmental puzzles, and defeat quirky enemies using special power-ups. Collect musical notes to unlock bonus content and rescue captured friends including My Melody, Pochacco, and Tuxedosam. With its cheerful soundtrack, accessible gameplay perfect for younger players, and surprising depth in later levels, Hello Kitty: Roller Rescue delivers wholesome fun that appeals to fans of all ages. Experience the magic of friendship and adventure in this delightful journey through the Sanrio universe!",https://images.launchbox-app.com/9b12b474-8f7b-4be7-a738-bad03eae9f4c.jpg
Heroes of the Pacific,2005-09-28,,77,Flight Combat,"Take to the skies in this intense WWII aerial combat game that puts you in the cockpit of authentic warplanes across the Pacific Theater. Pilot over 35 legendary aircraft including the P-51 Mustang, F4U Corsair, and Japanese Zero as you dogfight through historically-inspired missions from Pearl Harbor to Iwo Jima. Experience massive battles with hundreds of planes filling the sky, unleash devastating bombing runs on enemy carriers, and strafe ground targets in heart-pounding attack missions. The arcade-style controls make it easy to jump into action while offering depth for ace pilots. Engage in thrilling multiplayer dogfights or tackle the expansive campaign that recreates pivotal Pacific battles. Dynamic weather and realistic damage modeling heighten the tension as you weave through flak-filled skies.",https://images.launchbox-app.com/fcd88bcb-a111-4309-b72b-386f04054a86.jpg
High Heat Major League Baseball 2004,2003-03-10,,75,Sports,"Step up to the plate in High Heat Major League Baseball 2004, where authentic baseball simulation meets arcade excitement. Experience the most realistic pitching and batting mechanics of its era with the innovative 3D batting interface that lets you read pitches like a real hitter. Build dynasties in the deep Franchise mode spanning multiple seasons, or jump into quick Exhibition games featuring all 30 MLB teams and their 2003 rosters. The advanced AI adapts to your playing style while realistic player tendencies and detailed statistics bring America's pastime to life. From perfectly timed stolen bases to dramatic ninth-inning rallies, every game delivers the tension and strategy of real baseball. With comprehensive roster management, two-player showdowns, and authentic ballpark atmospheres, this is baseball gaming at its finest.",https://images.launchbox-app.com/64d69ce6-4a86-4b2a-8662-453956d9a1f4.jpg
High Rollers Casino,2004-12-13,,57,Gambling,"Experience the thrill of Vegas-style gambling without the risk in High Rollers Casino. Step into a luxurious virtual casino featuring authentic recreations of classic games including Texas Hold'em Poker, Blackjack, Roulette, Craps, and Slot Machines. Challenge AI opponents with adjustable difficulty levels or test your skills against friends in multiplayer modes. Build your bankroll through strategic play and unlock exclusive high-stakes tables reserved for true high rollers. The game features realistic casino ambience with detailed 3D environments, professional dealer animations, and immersive sound effects that capture the excitement of a real casino floor. Track your statistics, earn achievements, and customize your avatar as you climb the ranks from amateur to casino legend.",https://images.launchbox-app.com/c73db01c-55a3-406e-b4c8-2e27e6dc066e.jpg
Hitman 2: Silent Assassin,2002-09-30,,84,Stealth,"Step into the shadows as Agent 47, the world's deadliest assassin, in this masterful stealth action game. Travel across the globe from Sicily to Japan, infiltrating heavily guarded locations to eliminate high-profile targets. Master the art of disguise, blending seamlessly with crowds while planning the perfect kill. Choose your approach: go in guns blazing or become a ghost, using poison, accidents, and environmental kills to remain undetected. Every mission offers multiple paths and methods, rewarding creativity and patience. With an arsenal of weapons from fiber wire to sniper rifles, plus improvised tools found in each location, you control how each contract unfolds. The revolutionary ranking system grades your performance, challenging you to achieve the coveted Silent Assassin rating through pure stealth and minimal casualties.",https://images.launchbox-app.com/f8f088e4-3bbc-4aa9-aa97-f2ef3e9010a9.jpg
Hitman: Blood Money,2006-05-26,,82,Stealth,"Step into the shoes of Agent 47, the world's deadliest assassin, in this masterpiece of stealth action. Blood Money perfects the art of the perfect kill with its revolutionary accident system - stage elaborate ""accidents"" to eliminate targets without raising suspicion. Every mission is a sandbox of deadly creativity where you choose your approach: poison a drink, sabotage equipment, or go in guns blazing. The innovative notoriety system tracks your performance - sloppy kills make future missions harder as witnesses recognize you. Customize weapons, collect blood money from contracts, and traverse stunning locations from Las Vegas casinos to Mississippi riverboats. With multiple disguises, diverse tools, and countless assassination methods, no two playthroughs are the same.",https://images.launchbox-app.com/5067853f-c267-425c-9935-8026764594fc.jpg
Hitman: Contracts,2004-04-20,,74,Stealth,"Enter the dark mind of Agent 47 in this atmospheric stealth thriller. Hitman: Contracts revisits pivotal moments from 47's past through fever-dream flashbacks, presenting reimagined classic missions alongside brutal new contracts. Master the art of the perfect assassination using an arsenal of weapons, poisons, and environmental kills. Each mission offers multiple paths to eliminate your targets - pose as staff, sabotage equipment, or strike from the shadows. The game's noir-inspired visuals and haunting soundtrack create an oppressive atmosphere that reflects 47's deteriorating condition. Plan your approach, exploit AI patterns, and leave no witnesses. Whether you prefer silent takedowns or orchestrated accidents, every kill is a puzzle waiting to be solved.",https://images.launchbox-app.com/ee8c627b-159f-479e-8730-be5d4f4c8d51.png
The Hobbit,2003-11-11,,70,Action Adventure,"Embark on Bilbo Baggins' legendary journey in this action-adventure adaptation of Tolkien's beloved tale. Explore Middle-earth through vibrant levels spanning the Shire to the Lonely Mountain, battling goblins, spiders, and wolves with Sting, your trusty elven blade. Master stealth mechanics to sneak past enemies or engage in combat using stones, walking stick, and magical Ring powers. Solve environmental puzzles, collect treasures, and interact with iconic characters like Gandalf and Gollum. The game blends platforming with combat and exploration, featuring unique courage points that unlock new abilities. Experience memorable scenes from the book including the riddling contest, barrel escape, and confrontation with Smaug, all brought to life with charming visuals and authentic music that captures the magic of Middle-earth.",
Hot Wheels: Stunt Track Challenge,2004-11-09,,68,Racing,"Race through gravity-defying loops and insane jumps in Hot Wheels: Stunt Track Challenge! Build and customize your own radical tracks using the innovative Track Editor, then tear through them in iconic Hot Wheels cars. Master death-defying stunts across 12 extreme environments, from bedroom floors to backyard adventures. Compete in Championship mode, pull off spectacular tricks in Stunt mode, or challenge friends in multiplayer mayhem. Unlock new vehicles and track pieces as you conquer increasingly wild courses. With arcade-style physics that let you boost off ramps and stick impossible landings, every race becomes a spectacular show. Experience the ultimate Hot Wheels fantasy where imagination meets adrenaline-pumping racing action!",https://images.launchbox-app.com/6d8cd870-2fdf-4e86-87c0-755f8badadb1.jpg
Hulk,2003-05-27,,71,Action,"Unleash raw destruction as Marvel's green goliath in this explosive action-adventure epic. Rampage through fully destructible environments, weaponizing cars, lampposts, and even enemies as you battle military forces and supervillains across sprawling cityscapes. Switch between Bruce Banner's stealth segments and Hulk's devastating combat, building rage to unlock increasingly powerful moves and earth-shattering attacks. Experience an original storyline featuring classic foes like Abomination and Leader, brought to life with dynamic comic-book visuals. Chain combos, perform thunderclaps, and execute signature moves like the sonic boom and ground pound. Every building can be climbed, every object weaponized, and every enemy sent flying in this ultimate power fantasy that captures the unstoppable force of the Hulk.",https://images.launchbox-app.com/0da86c7c-3121-46db-b1a0-8eaab7df8d70.jpg
Hummer Badlands,2006-04-11,,43,Racing,"Conquer extreme off-road terrain behind the wheel of iconic Hummer vehicles in this rugged racing experience. Navigate challenging badlands environments where massive SUVs tackle mud, rocks, and steep inclines across seven distinct race types. Push these military-inspired machines to their limits through desert canyons, mountain trails, and treacherous wilderness courses designed to test your driving skills. Master the unique handling characteristics of heavyweight Hummers as you power through obstacles that would stop ordinary vehicles. Compete in diverse events from checkpoint races to endurance challenges, each demanding different strategies to dominate the unforgiving landscape. While critics noted technical shortcomings, the game offers a distinct take on off-road racing focused on the raw power and capability of Hummer's legendary all-terrain vehicles crushing through environments where only the toughest survive.",https://images.launchbox-app.com/a6aecb14-e305-4e99-be25-d14f3b6402c3.jpg
Hunter: The Reckoning,2002-05-21,,77,Action,"Four chosen hunters battle supernatural evil in this intense action game set in a gothic horror world. Wield unique powers and an arsenal of weapons against vampires, zombies, and demonic creatures threatening humanity. Play as the biker Striker with his mighty strength, the cop Father Cortez channeling divine power, the raver Kassandra with supernatural speed, or the ex-con Deuce wielding spectral abilities. Team up with friends in 4-player cooperative gameplay to cleanse the cursed town of Ashcroft. Combine melee combat, ranged attacks, and special Hunter edges to destroy the undead hordes. Face massive boss battles, explore dark environments, and uncover the sinister plot behind the supernatural outbreak. Fast-paced hack-and-slash action meets survival horror in this thrilling GameCube exclusive.",https://images.launchbox-app.com/512961f5-d1a9-490f-ad3a-764cc07f2473.jpg
Hunter: The Reckoning – Redeemer,2003-10-28,,70,Action,"Step into the darkness as one of four supernatural Hunters in this intense action-horror beat 'em up. Hunter: The Reckoning – Redeemer unleashes you against hordes of undead monsters threatening humanity's survival. Choose your Hunter - each with unique abilities and devastating special attacks - then wade into brutal combat using an arsenal of melee weapons, firearms, and mystical Edges. Master combos and supernatural powers to obliterate vampires, zombies, and demonic creatures across gothic environments. Team up with friends in cooperative multiplayer mayhem or face the nightmare alone. With relentless action, RPG character progression, and a dark storyline of redemption, this supernatural brawler delivers visceral combat and atmospheric horror in equal measure.",https://images.launchbox-app.com/4de9beb3-f7cf-41b8-a0f0-9aead261aa9e.jpg
I-Ninja,2003-09-09,,73,Platformer,"Master the way of the ninja in this action-packed platformer that blends martial arts mayhem with quirky humor. As the pint-sized warrior I-Ninja, unleash devastating combos, wall-run across deadly obstacles, and grind rails with your razor-sharp sword. Each level challenges you with unique objectives from stealth missions to intense boss battles. Earn new belt ranks to unlock powerful abilities like the flying shuriken helicopter and the devastating Ninja Berserker rage mode. Pilot giant robots, man anti-aircraft guns, and even surf on spinning shuriken as you battle through diverse environments from bustling dojos to volcanic fortresses. With its cel-shaded art style, responsive controls, and blend of platforming, combat, and mini-games, I-Ninja delivers non-stop ninja action with attitude.",https://images.launchbox-app.com/af8ccb23-ee01-4842-b91f-3ca6e8eb0f11.jpg
Ice Age 2: The Meltdown,2006-03-14,,64,Platformer,"Join Manny, Sid, Diego and the hilarious Scrat in this action-packed adventure based on the hit animated film! As the ice age ends and their valley floods, guide the prehistoric pals through 10 exciting levels filled with puzzles and platforming challenges. Play as multiple characters, each with unique abilities - Manny's strength breaks barriers, Sid's agility reaches new areas, and Diego's speed helps in chase sequences. Master mini-games including Sid's slippery ice slides and Scrat's acorn-chasing antics. Collect hidden items, solve environmental puzzles, and battle dangerous predators while racing against time to reach safety. With colorful graphics faithful to the movie and hilarious character animations, experience the meltdown mayhem firsthand!",https://images.launchbox-app.com/f0049638-642f-42e7-a1ba-e0a8246b161f.jpg
IHRA Drag Racing 2004,2003-10-31,,69,Racing,"Feel the raw power of nitro-fueled drag racing in IHRA Drag Racing 2004, where quarter-mile glory awaits at the starting line. Master the art of the perfect launch across multiple racing classes including Top Fuel, Funny Car, Pro Stock, and Pro Mod. Fine-tune every component of your dragster from gear ratios to tire pressure, building the ultimate speed machine. Experience authentic IHRA tracks with realistic physics that demand split-second timing on the tree. Challenge legendary drivers or create your own racing legacy in career mode. Weather conditions and track temperatures affect performance, adding strategic depth to each race. With over 70 licensed vehicles and deep customization options, this is pure drag racing simulation at its finest.",https://images.launchbox-app.com/bc84ca4a-5c39-4627-997f-c4bb542e254c.jpg
IHRA Drag Racing: Sportsman Edition,2006-03-23,,62,Racing,"Experience the ultimate drag racing simulation with IHRA Drag Racing: Sportsman Edition. Master the art of the perfect launch as you compete in multiple racing classes from Junior Dragsters to Top Sportsman vehicles. Fine-tune your ride with realistic vehicle customization options, adjusting everything from gear ratios to tire pressure for optimal quarter-mile performance. Race on authentic IHRA-sanctioned tracks with accurate physics that reward precision timing and skillful throttle control. Progress through career mode, earning sponsorships and upgrading your vehicles as you climb the ranks. Features split-screen multiplayer for head-to-head competition and time trials to perfect your runs. The ultimate test of reaction time and tuning expertise.",https://images.launchbox-app.com/1e22be84-ea97-4927-b843-515005ba6565.jpg
IHRA Professional Drag Racing 2005,2004-10-14,,67,Racing,"Experience the raw power and precision of professional drag racing in IHRA Professional Drag Racing 2005. Master the art of the perfect launch as you compete in multiple IHRA-sanctioned racing classes including Top Fuel, Funny Car, Pro Stock, and Pro Modified. Fine-tune your ride with extensive customization options, adjusting everything from gear ratios to tire pressure to shave milliseconds off your quarter-mile times. Feel the intensity of staging, watch for the perfect light, and nail your shifts in realistic race simulations. Career mode lets you build your reputation from amateur strips to professional IHRA events. With authentic tracks, licensed vehicles, and true-to-life physics, this is drag racing at its most authentic and thrilling.",https://images.launchbox-app.com/d363803f-5150-480a-9cfa-23233ff04c91.jpg
The Incredible Hulk: Ultimate Destruction,2005-08-23,,83,Action,"Unleash raw power as the Hulk in this explosive open-world rampage through vast cityscapes and badlands. Smash through entire buildings, weaponize vehicles by ripping them apart, and use environmental objects as tools of destruction. The innovative ""Weaponization"" system lets you transform anything - from buses to steel girders - into devastating weapons. Chain together brutal combos with over 150 unique moves and abilities that grow stronger as your rage builds. Face off against military forces, rival monsters, and the sinister Abomination across story missions and destruction challenges. Sprint up skyscrapers, leap miles in a single bound, and leave a trail of chaos in your wake. Pure destructive sandbox gameplay at its finest.",https://images.launchbox-app.com/ab3b8ba0-25bc-415b-a821-60ab7d5f9c94.jpg
The Incredibles,2004-10-27,,69,Action,"Join the Parr family in this action-packed adventure based on the Pixar film! Play as Mr. Incredible, Elastigirl, Dash, and Violet, each with unique superpowers. Punch through enemies with Mr. Incredible's super strength, stretch across gaps as Elastigirl, speed through levels as Dash, and turn invisible with Violet. Battle Syndrome's deadly Omnidroids across 18 levels spanning exotic locations from the movie and beyond. Experience exclusive storylines that expand the film's universe, including Mr. Incredible's glory days and Frozone's solo missions. Switch between characters to solve puzzles and overcome obstacles using their special abilities. Face off against classic villains like Bomb Voyage while mastering combo attacks and power moves. With vibrant graphics faithful to the movie's style and voice acting from the original cast, The Incredibles delivers superhero action for the whole family.",https://images.launchbox-app.com/r2_3d336939-9a47-4963-b6ee-0cce1e02e868.png
James Bond 007: Everything or Nothing,,,,,"Play as Pierce Brosnan's James Bond in this explosive third-person action adventure. Everything or Nothing delivers an original storyline where 007 must stop villain Nikolai Diavolo from unleashing nanotechnology that threatens global destruction. Experience cinematic combat with hand-to-hand fighting, precision shooting, and stealth takedowns. Race through intense vehicle sequences featuring Aston Martins, motorcycles, and helicopters. Use Q's gadgets including rappel devices, thermovision, and the Q-Spider nano-robot. The co-op mode lets two players tackle exclusive missions together. With Hollywood actors including Willem Dafoe and Heidi Klum, plus locations from Egypt to Peru, this Bond adventure combines espionage, action, and style in true 007 fashion.",https://images.launchbox-app.com/aa2c6b56-b3d0-4a53-8bc0-01d0b99e09c8.jpg
The Incredibles: Rise of the Underminer,2005-11-01,,65,Action,"Team up as Mr. Incredible and Frozone in this action-packed co-op adventure that picks up where the Pixar film left off. Battle the villainous Underminer through his elaborate underground lair as you punch, freeze, and combo your way through waves of evil robots. Switch between heroes on the fly in single-player or grab a friend for dynamic two-player cooperative gameplay. Upgrade your super powers, from Mr. Incredible's devastating ground pounds to Frozone's ice bridges and projectiles. Solve environmental puzzles using each hero's unique abilities while exploring massive subterranean levels filled with destructible objects. Experience Pixar-quality humor and voice acting as you save Metroville from total destruction in this family-friendly brawler.",https://images.launchbox-app.com/7be12756-aadd-4649-a30a-25c14de43b2b.jpg
Indiana Jones and the Emperor's Tomb,2003-03-25,,75,Action Adventure,"Wield Indiana Jones' iconic whip and fists in this action-packed adventure spanning the globe from Ceylon jungles to Prague castles. Battle Nazi forces and Chinese gangsters while uncovering the mystical Heart of the Dragon artifact before it falls into evil hands. Master Indy's signature brawling combat with improvised weapons, environmental takedowns, and bone-crunching combos. Navigate treacherous tombs filled with deadly traps, solve ancient puzzles, and swim through flooded passages. Experience ten exotic locations featuring authentic 1935 atmosphere, from Hong Kong's neon streets to the Ottoman Emperor's sunken palace. With Harrison Ford's likeness and John Williams' legendary score, every whip crack and punch feels authentically Indiana Jones.",https://images.launchbox-app.com/068ad321-920b-4222-a67a-fd976f78fe9a.jpg
IndyCar Series,2003-05-29,,73,Racing,"Experience the ultimate open-wheel racing simulation with IndyCar Series, delivering the full intensity and precision of America's premier racing championship. Master the art of oval and road course racing across authentic tracks including the legendary Indianapolis Motor Speedway. Feel the raw power of 650-horsepower machines reaching speeds over 220 mph as you battle wheel-to-wheel with official IndyCar drivers and teams. The advanced physics engine captures every nuance from aerodynamic drafting to tire wear, demanding perfect racing lines and strategic pit stops. Career mode lets you rise from rookie to champion, managing sponsorships and team relationships. With customizable difficulty settings, dynamic weather conditions, and realistic damage modeling, every race presents unique challenges that test your skill and nerve in the quest for racing glory.",https://images.launchbox-app.com/25c53c84-c983-479f-b54a-90125545608f.jpg
IndyCar Series 2005,2004-06-22,,71,Racing,"Experience the thrill of America's premier open-wheel racing championship in IndyCar Series 2005. Take control of authentic IndyCar vehicles and compete across 15 real-world tracks including the legendary Indianapolis Motor Speedway. Master the art of high-speed oval racing and technical road courses as you battle against 33 licensed drivers from the 2005 IRL IndyCar Series season. Fine-tune your car's setup with detailed customization options covering aerodynamics, suspension, and gear ratios. Feel the intensity of wheel-to-wheel racing at over 220 mph, where split-second decisions determine victory or defeat. Build your career through multiple seasons, earning sponsorships and improving your team's performance to become IndyCar champion.",https://images.launchbox-app.com/075150c2-2358-4be2-8358-c4d0dc43f4c5.jpg
The Italian Job,2003-09-09,,65,Racing Action,"Based on the 2003 film, The Italian Job puts you behind the wheel in heart-pounding heist missions across LA and Venice. Master the art of the getaway as you race MINI Coopers through narrow alleyways, subway tunnels, and busy streets while evading police pursuit. Plan and execute elaborate robberies using each crew member's unique skills - from safe cracking to demolition expertise. Experience intense chase sequences with responsive arcade-style driving that captures the thrill of the movie's iconic scenes. Navigate through destructible environments, use shortcuts to outsmart opponents, and pull off daring stunts in split-second escapes. With story mode missions following the film's plot plus additional racing challenges, create your own chaos or compete in multiplayer mayhem. The Italian Job delivers accessible yet exciting driving action where every heist becomes an adrenaline-fueled race against time.",https://images.launchbox-app.com/23749bbc-9c3c-47bd-bfa3-aebd6b0a4e17.jpg
Intellivision Lives!,2004-02-03,,67,Compilation,"Experience a treasure trove of gaming history with Intellivision Lives!, featuring over 60 classic games from the golden age of home consoles. Relive the groundbreaking titles that defined a generation, from the strategic depths of Utopia and Sea Battle to the arcade action of Astrosmash and Night Stalker. Navigate dungeons in Advanced Dungeons & Dragons, compete in realistic sports simulations, or blast through space in Star Strike. Each game comes complete with original box art, instruction manuals, and nostalgic overlays that recreate the authentic Intellivision controller experience. Discover fun facts, developer interviews, and historical commercials that transport you back to the early 1980s. Whether you're a veteran who grew up with these classics or a newcomer curious about gaming's roots, this collection delivers timeless gameplay with enhanced presentation for modern systems.",https://images.launchbox-app.com/e706d773-b8a7-4d81-bf6f-bbcadf5430f6.jpg
International Superstar Soccer 2,2002-05-15,,68,Sports,"Experience the ultimate soccer simulation with International Superstar Soccer 2, delivering unparalleled realism and fluid gameplay on Xbox. Master precision ball control with the innovative analog stick system while executing spectacular bicycle kicks, diving headers, and pinpoint through-balls. Choose from 52 international teams featuring authentic player stats and formations. The revolutionary AI adapts to your playing style, creating dynamic matches where no two games feel alike. Weather effects and realistic physics impact every pass and shot. Career mode lets you guide your nation through qualifying campaigns to World Cup glory. With silky-smooth animations, tactical depth, and arcade accessibility perfectly balanced, ISS2 sets the standard for soccer excellence.",https://images.launchbox-app.com/ed02d2e7-71f5-46bb-8755-33fd50bbf634.jpg
Jade Empire,2005-04-12,,89,Action RPG,"Step into the mystical world of ancient China as a martial arts master in this stunning action RPG from BioWare. Master dozens of fighting styles including magical arts, weapon techniques, and transformation abilities that let you become powerful demons. Your choices shape the story as you follow the Way of the Open Palm or the brutal Closed Fist philosophy, determining whether you become a noble hero or feared tyrant. Engage in real-time combat that blends martial arts with supernatural powers, switching styles on the fly to exploit enemy weaknesses. Recruit colorful companions who fight alongside you, each with unique abilities and personal quests. Explore breathtaking environments from bamboo forests to imperial palaces, uncovering ancient secrets and confronting mythical creatures. Your decisions affect everything from romance options to the fate of an empire in this epic tale of destiny and martial arts mastery.",https://images.launchbox-app.com/b42d595c-7ec5-4e3c-9689-21d9d3bb41b6.jpg
James Bond 007: Agent Under Fire,2002-03-12,,70,Shooter,"Step into the shoes of the world's most famous secret agent in this original Bond adventure. Agent Under Fire delivers explosive first-person action across exotic locations from Hong Kong to the Mediterranean. Master Bond's arsenal of high-tech gadgets including the Q-Claw grappling hook, Q-Laser, and remote-controlled devices to outwit enemies and navigate treacherous environments. Drive iconic vehicles like the Aston Martin Vanquish in thrilling chase sequences. The game seamlessly blends stealth infiltration with intense firefights, letting you choose your approach - go in guns blazing or use cunning and gadgets to complete objectives. Featuring split-screen multiplayer with classic modes and unique Bond-themed variations, plus an original storyline with femme fatales and megalomaniac villains true to the 007 legacy.",https://images.launchbox-app.com/30d731bb-bfd3-4cac-a23f-d83f29ca1b7c.jpg
James Bond 007: From Russia with Love,2005-11-01,,74,Action,"Step into the shoes of the legendary 007 in this thrilling third-person action game that brings Sean Connery's iconic Bond to life. Experience an original storyline inspired by the classic 1963 film, featuring Connery's own voice and likeness. Master Bond's lethal combat skills with hand-to-hand takedowns, precision shooting, and explosive gadgets from Q-Branch including the signature Aston Martin DB5 with ejector seat. Navigate through exotic locations from Istanbul to Venice, engaging in intense firefights, high-speed vehicle chases, and stealth infiltration missions. Use Bond Focus mode to target enemies with deadly accuracy and perform spectacular stunts. With its blend of espionage action, cinematic presentation, and authentic 1960s style, From Russia with Love delivers the ultimate classic Bond gaming experience.",https://images.launchbox-app.com/0d50ac17-d924-44a7-936a-ee5f9b59e99f.jpg
James Bond 007: Nightfire,2002-11-18,,78,Shooter,"Step into the world of international espionage as James Bond in this thrilling first-person shooter. Navigate exotic locations from Paris to the South Pacific, utilizing an arsenal of Q-Branch gadgets including laser watches, grappling hooks, and remote-controlled missiles. Drive iconic vehicles like the Aston Martin V12 Vanquish equipped with machine guns and rockets in high-speed chases. Master stealth infiltration or go in guns blazing across diverse missions featuring snow fortress assaults, underwater base infiltrations, and zero-gravity space station battles. Experience original storyline with Pierce Brosnan's likeness, spectacular set pieces, and multiplayer modes including classic GoldenEye-style split-screen combat with customizable scenarios and AI bots.",
James Cameron's Dark Angel,2002-09-03,,57,Action,"Based on the popular TV series, James Cameron's Dark Angel puts you in the shoes of genetically enhanced super-soldier Max Guevara in post-apocalypse Seattle. Master devastating martial arts combos and stealth tactics as you infiltrate hostile territories and take down enemies with superhuman agility. The game blends intense hand-to-hand combat with acrobatic platforming, letting you wall-run, perform incredible leaps, and execute brutal finishing moves. Use Max's enhanced vision to spot enemies through walls and plan your attacks. Switch between aggressive assault and careful stealth approaches as you uncover conspiracies and fight to protect fellow transgenics. Experience an original storyline that expands the Dark Angel universe with full voice acting from the TV cast, including Jessica Alba. Dynamic combat system rewards skillful timing and combo mastery while environmental puzzles challenge your enhanced abilities.",https://images.launchbox-app.com/2b725994-4552-4971-b4d1-f8f2272875ca.jpg
Jaws Unleashed,2006-05-23,,54,Action,"Become the ultimate apex predator in Jaws Unleashed! You are Jaws, the legendary great white shark, terrorizing the waters of Amity Island in this open-world action game. Hunt unsuspecting swimmers, destroy boats, and wreak havoc on beach communities as you explore a massive underwater environment. Execute brutal combo attacks, use your powerful tail to launch enemies, and trigger cinematic slow-motion carnage with the Shark Vision mode. Complete story missions to exact revenge on those who wronged you, or roam freely causing mayhem in side challenges. Upgrade Jaws' abilities including speed, hunger, and health as you progress. From shallow beaches to deep ocean trenches, no one is safe when you're on the hunt. Experience the Jaws universe from the shark's perspective in this visceral underwater adventure where you're the monster everyone fears!",https://images.launchbox-app.com/5ce00c4b-38a1-425c-a19b-ed8d54759677.jpg
Jet Set Radio Future,2002-02-25,,88,Action Sports,"Grind, tag, and groove through Tokyo-to's neon-soaked streets in this stylish cel-shaded skating adventure. As part of the GG gang, you'll battle rival crews for turf supremacy by spraying massive graffiti pieces while evading the authoritarian Rokkaku Police. Chain together incredible tricks on rails, walls, and rooftops to build your boost meter and reach impossible spots. The game's revolutionary cel-shaded visuals pop with vibrant colors and comic book style, while an eclectic soundtrack mixing hip-hop, electronic, and funk keeps your momentum pumping. Recruit new members with unique abilities, customize your tags, and master each district's vertical playground. With its seamless blend of extreme sports, artistic expression, and anti-establishment attitude, Jet Set Radio Future delivers an unforgettable urban rebellion.",https://images.launchbox-app.com/7d4a5e44-3563-4925-bb3c-d8dc41f56c46.jpg
Jikkyō World Soccer 2002,2002-05-02,,,Sports,"Experience Konami's acclaimed soccer franchise in this international edition released as International Superstar Soccer 2 outside Japan. This arcade-focused football game delivers fast-paced matches with responsive controls and fluid gameplay that made the series a favorite among soccer gaming enthusiasts. Choose from international teams and compete in various tournaments featuring authentic stadiums and atmospheric crowds. The game emphasizes pick-up-and-play accessibility while maintaining tactical depth through formations, strategies, and player positioning. Master precision passing, powerful shots, and skillful dribbling moves as you guide your team to victory. With its balanced gameplay mechanics, smooth animations, and exciting match presentation complete with dynamic commentary, this entry continues Konami's tradition of creating engaging soccer experiences that appeal to both casual players and football fanatics seeking arcade-style action over simulation.",
Judge Dredd: Dredd vs. Death,2003-10-17,,58,Shooter,"Step into the boots of Judge Dredd, the ultimate lawman in Mega-City One! Battle through intense FPS action as you dispense instant justice against the undead menace of Judge Death and his Dark Judges. Wield Dredd's iconic Lawgiver pistol with multiple ammo types - from incendiary rounds to ricochet shots. Arrest perps or execute them on the spot using the Justice Meter system that rewards both merciful and lethal approaches. Experience 11 campaign missions featuring vampires, zombies, and city-wide chaos. Face off in multiplayer modes including Deathmatch and unique Judge vs. Perp scenarios. With authentic 2000 AD atmosphere, dark humor, and non-stop action, lay down the law Dredd-style!",https://images.launchbox-app.com/efc549cf-9ac1-4811-a204-0b95d151a51e.jpg
Juiced,2005-06-13,,71,Racing,"Build your reputation in the underground street racing scene of Angel City. Juiced delivers intense arcade racing where respect matters as much as speed. Customize over 50 licensed vehicles with authentic aftermarket parts, then show them off in pink-slip races where you can win or lose cars permanently. Master the unique crew racing system, commanding AI teammates through strategic calls while hitting nitrous-fueled speeds. The innovative Respect system tracks your reputation with rival crews - drive dirty and face the consequences, or race clean to unlock exclusive events. From circuit races to drag strips, each victory earns cash for deeper customization options including body kits, decals, and performance upgrades. Online multiplayer lets you prove your skills against racers worldwide. With its risk-reward pink slip gambling and crew-based gameplay, Juiced stands apart in the street racing genre.",https://images.launchbox-app.com/d47f160e-a132-49c1-95ba-6a11f9995e2e.jpg
Jurassic Park: Operation Genesis,2003-03-10,,72,Simulation,"Build your own Jurassic Park in this captivating park management simulation where you resurrect dinosaurs and create the ultimate prehistoric attraction. Extract DNA from fossils, breed over 25 species of dinosaurs including T-Rex and Velociraptors, and design elaborate enclosures to showcase your creatures. Balance visitor entertainment with safety as you construct viewing platforms, safari tours, and amenities while maintaining security systems to prevent escapes. When disasters strike, take direct control of rangers in action-packed missions to tranquilize rampaging dinosaurs or rescue trapped guests. Research new technologies, manage park finances, and respond to emergencies ranging from disease outbreaks to severe weather. Create stunning landscapes across multiple islands, each presenting unique challenges and opportunities.",https://images.launchbox-app.com/e8356419-9df3-45be-b1f8-88ccc3d15cba.jpg
Just Cause,2006-09-27,,72,Action,"Take on the role of Rico Rodriguez, a specialist in regime change, as you liberate the tropical island of San Esperito from a corrupt dictator. Just Cause delivers explosive open-world action where creativity meets destruction. Hijack helicopters, boats, and cars across 250,000 acres of diverse terrain. Use your grappling hook and parachute to perform death-defying stunts and create unique combat strategies. Trigger massive explosions, topple government infrastructure, and incite rebellion among the populace. With over 300 missions and side activities, approach each objective your way - go in guns blazing or use guerrilla tactics. The revolutionary physics engine ensures every explosion, vehicle collision, and stunt feels spectacular. Freedom is your weapon in this ultimate sandbox of chaos.",https://images.launchbox-app.com/b8d63309-daaa-4b02-9672-2accd5838ce8.jpg
Justice League Heroes,2006-10-17,,70,Action RPG,"Unite the world's greatest superheroes in this action-packed adventure where you control the legendary Justice League. Play as Batman, Superman, Wonder Woman, Flash, Green Lantern, Martian Manhunter, and Zatanna as they battle an unprecedented threat orchestrated by Brainiac and Darkseid. Master each hero's unique powers - from Superman's heat vision and super strength to Batman's martial arts and gadgets. Team up in cooperative gameplay, combining abilities for devastating combo attacks. Customize your heroes with unlocked costumes and upgrade their powers through an RPG-style progression system. Battle through iconic DC locations including Metropolis, Gotham City, and Mars. Face off against classic villains like Doomsday, Queen Bee, and The Key in this epic brawler that brings comic book action to life.",https://images.launchbox-app.com/b42150ea-c0df-4bb1-8857-434032007a6c.jpg
Kabuki Warriors,2001-11-15,,25,Fighting,"Step into feudal Japan's theatrical underworld where honor meets spectacle in this unique 3D fighting game. Kabuki Warriors brings the dramatic art of Kabuki theater to life through intense one-on-one combat. Choose from 24 distinct fighters, each wielding authentic Japanese weapons like katanas, naginatas, and war fans. Master the innovative fighting system that blends traditional martial arts with theatrical flair - execute devastating combo attacks, dramatic throws, and signature Kabuki poses that grant special powers. Battle across beautifully rendered stages inspired by classical Japanese settings, from cherry blossom gardens to ancient temples. The game features multiple modes including Story, Versus, and Time Attack. Experience the fusion of Japanese culture and fighting action as warriors perform elaborate victory dances and dramatic entrances true to Kabuki tradition.",https://images.launchbox-app.com/18aa814c-beaf-4a4d-a9eb-21113e60002b.jpg
Kakuto Chojin: Back Alley Brutal,2002-11-19,,64,Fighting,"Enter the underground world of Kakuto Chojin, where brutal street fighters clash in savage combat across shadowy urban battlegrounds. Master devastating martial arts techniques from 13 unique warriors, each wielding their own lethal fighting style inspired by real-world disciplines. Unleash bone-crushing combos and supernatural special moves as you battle through grimy back alleys, abandoned warehouses, and neon-lit cityscapes. The innovative fighting system blends realistic strikes with mystical powers, while the dark atmosphere and mature themes set this brawler apart from typical fighters. Experience visceral combat with detailed damage modeling and fluid animations that capture every brutal impact. Rise through the ranks of this underground tournament where only the strongest survive.",https://images.launchbox-app.com/9d55e97f-d60e-48b2-a295-4f49564e6e96.jpg
Kao the Kangaroo: Round 2,2004-03-23,,64,Platformer,"Join Kao, the brave boxing kangaroo, on an epic 3D platforming adventure to rescue his friends from the evil Hunter Barnaba! Master Kao's powerful boxing moves and boomerang attacks as you battle through vibrant worlds filled with dangerous enemies and challenging obstacles. Explore lush jungles, frozen mountains, mysterious temples, and tropical islands while collecting magical crystals to unlock new abilities. Face off against memorable bosses including pirates, Vikings, and mechanical monsters in this action-packed sequel. With colorful cartoon graphics, smooth controls, and a mix of combat and platforming challenges, Kao delivers classic mascot platformer fun. Unleash devastating combo attacks, discover hidden secrets, and save the day in this charming adventure that captures the spirit of classic 3D platformers!",https://images.launchbox-app.com/97e0cd91-cdc1-4b78-a265-89ebf2b39f5a.jpg
Karaoke Revolution,2003-11-18,,76,Rhythm,"Transform your living room into a concert stage with Karaoke Revolution, the groundbreaking rhythm game that brings professional singing to your Xbox. Grab the microphone and belt out hits from top artists across rock, pop, R&B, and country genres. The innovative pitch detection technology scores your vocal performance in real-time, rewarding accurate pitch and timing with points and crowd cheers. Choose from multiple difficulty levels and game modes including Quick Play, Career, and multiplayer Duet mode where friends harmonize together. Build your virtual singing career, unlock new songs and venues, and customize your on-screen avatar. With dozens of chart-topping songs and dynamic visual effects that respond to your performance, Karaoke Revolution delivers the ultimate interactive singing experience for solo artists and party crowds alike.",https://images.launchbox-app.com/b3ae5fd6-f32f-42b0-b908-40945230047a.jpg
Karaoke Revolution Party,2005-11-08,,74,Rhythm,"Transform your living room into the ultimate karaoke stage! Karaoke Revolution Party brings the excitement of performance gaming to Xbox with over 50 chart-topping hits spanning multiple genres. Grab the microphone and belt out classics from artists like Alicia Keys, Outkast, and The Jackson 5. The game's advanced pitch detection technology scores your vocal accuracy in real-time, rewarding perfect performances with enthusiastic crowds and dazzling stage effects. Challenge friends in multiplayer modes including competitive duets and pass-the-mic battles. Create custom playlists, unlock new venues from intimate clubs to massive arenas, and customize your on-screen avatar with trendy outfits. With party-friendly mini-games and multiple difficulty levels, everyone from shower singers to aspiring stars can join the fun.",https://images.launchbox-app.com/090878fe-2722-4e2e-9b4c-e1f8fdf1501d.jpg
Kelly Slater's Pro Surfer,2002-09-16,,78,Sports,"Ride the world's most legendary waves in Kelly Slater's Pro Surfer, where authentic surfing meets arcade action. Master radical aerial maneuvers, carve massive barrels, and pull off insane trick combos as you compete across exotic beaches from Hawaii to Australia. Choose from Kelly Slater and other pro surfers, each with unique styles and signature moves. The innovative wave physics system creates dynamic, ever-changing swells that challenge your timing and skill. Build your reputation through career mode, unlocking new boards, locations, and secret spots. Execute floaters, cutbacks, and tube rides using intuitive controls that capture the flow of real surfing. With multiplayer competitions and freesurf sessions, experience the ultimate virtual surfing championship.",https://images.launchbox-app.com/eaf818ff-35d4-463d-b1cc-32b91a95bfd2.jpg
Kill Switch,2003-10-28,,71,Shooter,"Kill Switch revolutionizes third-person tactical combat with its innovative ""Offensive Cover System"" that lets you blind-fire around corners and over obstacles while staying protected. Take control of elite operative Nick Bishop as he infiltrates hostile territories across North Africa and the Caspian Sea, uncovering a conspiracy that threatens global security. The game's unique mechanic allows you to remain in cover while precisely targeting enemies, creating intense firefights where positioning is everything. Experience destructible environments, advanced enemy AI that flanks and suppresses, and a gritty military storyline. From war-torn cities to remote military installations, each mission demands tactical thinking and split-second decisions. Master the art of cover-based warfare in this groundbreaking shooter that redefined tactical combat mechanics.",https://images.launchbox-app.com/54de662a-946e-4b84-8935-ae2d5cdc9e36.jpg
King Arthur,2004-11-16,,69,Action Adventure,"Lead your knights into epic medieval battles in this tactical action game that brings Arthurian legend to life. Command legendary heroes like Lancelot and Gawain as you forge Excalibur's destiny across mystical Britannia. Master a unique blend of role-playing and real-time strategy, where every decision shapes your kingdom's fate. Recruit and upgrade your Knights of the Round Table, each with distinct abilities and fighting styles. Engage in massive battles featuring hundreds of warriors, magical creatures, and siege warfare. Choose between righteous and tyrant paths that dramatically alter your story and unlock different units. Experience dynamic weather and seasons that affect combat tactics. Conquer territories, manage resources, and make moral choices that test your honor as the Once and Future King.",
Kingdom Under Fire: The Crusaders,2004-10-12,,81,Action Strategy,"Lead massive armies in spectacular real-time battles where strategy meets action combat. Kingdom Under Fire: The Crusaders revolutionizes warfare by seamlessly blending RTS command with hack-and-slash gameplay. Control legendary heroes on the battlefield while directing cavalry charges, archer volleys, and siege weapons against hundreds of on-screen enemies. Switch instantly between tactical overview and brutal melee combat as you carve through enemy ranks. Choose from multiple campaigns featuring unique races and playstyles - from human crusaders to dark elves and orcs. Experience epic castle sieges, dramatic cavalry charges, and massive fantasy battles with unprecedented scale on console. Master both strategic positioning and visceral combat to conquer a war-torn fantasy realm.",https://images.launchbox-app.com/9d2ee5a1-00c9-4501-866e-e1e508eb85d5.jpg
L.A. Rush,,,,,"L.A. Rush throws you into the illegal street racing scene of Los Angeles, where reputation is everything and pink slips are on the line. Race through a massive open-world recreation of L.A., from Hollywood Hills to Santa Monica Beach, with no load times or boundaries. Build your empire by acquiring garages across the city, customizing rides with licensed parts, and taking on rival crews in high-stakes races. The unique ""Retribution"" system lets you get revenge on opponents who cross you, while spectacular crash physics turn every collision into a cinematic moment. With West Coast hip-hop legends providing the soundtrack and story, you'll navigate the underground racing hierarchy, earning respect through pure driving skill and strategic territory control.",https://images.launchbox-app.com/eb908374-4184-4dfa-aed3-05e85b15197c.jpg
Kingdom Under Fire: Heroes,2005-09-20,,79,Action Strategy,"Lead massive armies in spectacular real-time battles where strategy meets action RPG combat. Kingdom Under Fire: Heroes blends tactical warfare with hands-on hero gameplay as you command seven unique leaders across two epic campaigns. Switch seamlessly between directing thousands of troops in strategic formation and diving into the fray for visceral melee combat. Master diverse unit types from cavalry and archers to war machines and flying units, each with distinct strengths against enemy forces. Experience branching storylines spanning 50+ missions where your battlefield decisions shape the fate of nations. Customize your heroes with powerful skills and equipment while managing resources to strengthen your armies between battles.",https://images.launchbox-app.com/2ff1ebaa-3390-4c39-8096-b41660505a05.jpg
The King of Fighters 2002,2005-02-15,,74,Fighting,"The King of Fighters 2002 marks the epic return to the series' roots with pure 3-on-3 team battles and no striker system. Choose from 44 fighters spanning the entire KOF universe, including fan favorites and boss characters, in this dream match celebration. Master the devastating MAX Mode system that grants unlimited super moves for explosive combos. Execute bone-crushing Super Desperation Moves when your health runs low, turning the tide of battle in seconds. The refined fighting engine delivers perfectly balanced gameplay with faster combat, improved animations, and responsive controls. Challenge friends in versus mode or conquer the ruthless AI in team play mode. With its massive roster, strategic depth, and refined mechanics, KOF 2002 stands as the definitive classic KOF experience that hardcore fans demanded.",https://images.launchbox-app.com/57bcefad-4374-4a20-ae85-7c810c267b45.jpg
The King of Fighters 2003,2005-03-22,,70,Fighting,"The King of Fighters 2003 marks a pivotal evolution in SNK's legendary fighting series, introducing the revolutionary Tag Team system that transforms combat dynamics. Choose three fighters from a roster of 35 warriors and seamlessly switch between them mid-battle, creating explosive combo opportunities and strategic depth. The new Leader Super Special Move system adds tactical layers - designate your team captain to unleash devastating attacks that can turn the tide instantly. Experience refined gameplay mechanics with improved movement speed and enhanced defensive options. Classic characters like Kyo, Iori, and Terry return alongside mysterious newcomers, each bringing unique fighting styles. The intricate storyline continues the NESTS saga conclusion while setting up future conflicts. Master advanced techniques, discover hidden team combinations, and prove your skills in this fast-paced, combo-heavy fighter that rewards both aggressive rushdown and patient strategy.",https://images.launchbox-app.com/1bc8c652-5ab5-4737-94d6-c2eaa0a80932.jpg
The King of Fighters Neowave,2006-04-06,,68,Fighting,"The King of Fighters Neowave brings SNK's legendary fighting series to new heights with refined 2D combat and an extensive 43-character roster. Choose from three distinct fighting modes - Super Cancel for combo masters, Guard Break for defensive strategists, and Max2 for devastating super moves. Team up three warriors from across the KOF universe, including classic favorites like Kyo, Iori, and Terry Bogard, plus hidden bosses Geese Howard and King Lion. The Heat Mode system adds strategic depth as your power gauge transforms based on combat performance. Fluid animation, precise controls, and the series' signature 3-on-3 team battles create intense matches where timing and team synergy determine victory. Master each character's unique fighting style in this ultimate KOF experience.",
Knight's Apprentice: Memorick's Adventures,2004-09-14,,52,Action Adventure,"Embark on an Arthurian quest as Memorick, Merlin's ambitious pupil seeking knighthood, in this budget-priced action-adventure. Battle through eleven levels across eight mystical worlds to save Avalon from the evil Morganna, Mordred, and the imprisoned Queen Mab. Master sword combat and shield defense while collecting orbs to unlock magical leylines that transport you between realms. Explore diverse environments on foot, horseback, griffin-back, or even shield-surfing down water courses. Upgrade your weapons and shields to unlock special powers and shield bash attacks. Search for health potions in treasure chests and use Oracle Stones to reveal hidden objectives across Avalon's map. Despite its simple controls and straightforward gameplay, the adventure offers variety through different traversal methods and platforming challenges as you strive to prevent Mab's dark resurrection and prove yourself worthy of knighthood.",https://images.launchbox-app.com/d739df47-8091-4a4c-9b3f-7965da54130e.jpg
Knights of the Temple: Infernal Crusade,2004-03-09,,58,Action,"Step into the boots of Paul de Raque, a medieval Templar knight on a divine mission to rescue the kidnapped Adelle from demonic forces. This action-packed hack-and-slash adventure blends intense combat with sacred purpose as you wield blessed weapons against hordes of undead and demons. Master devastating combo attacks, unlock powerful divine abilities, and collect holy artifacts to strengthen your crusade. Navigate through cursed monasteries, demon-infested dungeons, and hellish realms while solving puzzles that guard ancient secrets. The game's Gothic atmosphere combines religious mythology with dark fantasy, featuring brutal melee combat where faith becomes your greatest weapon against the infernal legions threatening mankind.",https://images.launchbox-app.com/4d011499-d24c-40a2-9dd3-56627c0e45ac.jpg
Knights of the Temple II,2005-11-29,,55,Action,"Embark on an epic crusade as Paul de Raque, a battle-hardened Templar Knight seeking vengeance against dark forces threatening medieval Europe. This action-packed sequel blends intense hack-and-slash combat with exploration across diverse environments from ancient monasteries to demon-infested dungeons. Master devastating combo attacks using swords, axes, and divine powers while solving puzzles to unlock sacred artifacts. Face hordes of undead warriors, demonic creatures, and corrupted knights in visceral battles. Upgrade your abilities through an RPG-style progression system, unlocking new combat techniques and holy magic. Experience improved graphics and refined gameplay mechanics that build upon the original's foundation. Journey through atmospheric medieval locations rendered in stunning detail as you uncover a sinister plot involving ancient evil artifacts and fallen angels bent on destruction.",https://images.launchbox-app.com/f63839f5-0e79-4b4c-ab19-b467083b92d3.jpg
Knockout Kings 2002,2002-03-04,,74,Sports,"Step into the ring with Knockout Kings 2002, where boxing legends and rising stars collide in EA Sports' premier fighting simulation. Master the sweet science with an intuitive control system that puts every jab, hook, and uppercut at your fingertips. Create your own fighter and climb from amateur bouts to championship glory in Career Mode, or test your skills against Muhammad Ali, Sugar Ray Leonard, and other all-time greats. The game's advanced damage system shows real-time cuts and bruises as fights intensify. With multiple weight classes, authentic venues, and commentary that captures the drama of each bout, every match feels like a main event. Train hard, study your opponents, and prove you have what it takes to become the undisputed champion in this deep boxing experience.",https://images.launchbox-app.com/22f16f37-c2e8-4015-913a-122374acae11.jpg
KOF: Maximum Impact: Maniax,2005-06-30,,66,Fighting,"KOF: Maximum Impact: Maniax brings the legendary King of Fighters series into explosive 3D combat exclusively on Xbox. Choose from over 20 iconic fighters including Terry Bogard, Kyo Kusanagi, and Iori Yagami as you master devastating combos and super moves in fully realized 3D arenas. The game features enhanced Xbox-exclusive content including new characters, additional costumes, and refined gameplay mechanics. Experience classic KOF team battles in Story Mode, test your skills in Mission Mode's unique challenges, or battle friends in versus matches. With its signature three-on-three team system, players strategically build their squad and unleash tag combos for maximum damage. Stunning visual effects and hard-hitting action make every match intense.",https://images.launchbox-app.com/6c623a0a-24c5-4646-a8f1-5c09466d3e15.jpg
Kung Fu Chaos,2003-02-25,,74,Fighting,"Kung Fu Chaos transforms your living room into a wild kung fu movie set where up to four players become stunt fighters competing in outrageous battles. Race through collapsing film sets, dodge rolling boulders, and unleash devastating kung fu moves while the eccentric director shouts instructions from his megaphone. Each of the nine quirky characters brings unique fighting styles inspired by classic martial arts cinema. Battle across 25 movie-themed stages including pirate ships, Wild West towns, and alien invasions - all while the set literally falls apart around you. Mini-games between rounds add variety with challenges like dodging thrown shuriken or breaking boards. The game perfectly captures the campy charm of 1970s kung fu films with its over-the-top action, comedic timing, and frantic multiplayer mayhem that keeps everyone laughing.",https://images.launchbox-app.com/42883e40-08a3-4436-bcb2-d6898692a4ef.jpg
Land of the Dead: Road to Fiddler's Green,2005-10-18,,46,Horror Shooter,"Survive the zombie apocalypse in this intense first-person shooter based on George A. Romero's horror universe. Battle through the streets of a city overrun by the undead, using an arsenal of melee weapons and firearms to fight off relentless hordes. Play as farmer Jack or explore the prequel story of outlaw cowboy McWatt in single-player campaigns that blend action and survival horror. Barricade doors, conserve ammunition, and use environmental objects as weapons when overwhelmed. Experience the terror of Romero's vision with shambling zombies that never stop coming, forcing you to balance aggression with resource management. Features both ranged and brutal melee combat systems, atmospheric environments from farmhouses to urban sprawls, and the constant dread of being surrounded by the living dead.",https://images.launchbox-app.com/33a6ea30-ba1d-4434-82a2-501d59b15522.jpg
Largo Winch: Empire Under Threat,2002-09-20,,55,Action Adventure,"Step into the world of high-stakes corporate espionage as Largo Winch, billionaire CEO turned action hero. This thrilling adventure game blends stealth, combat, and puzzle-solving as you uncover a conspiracy threatening your global empire. Navigate exotic locations from New York penthouses to Mayan temples, using martial arts, gadgets, and quick thinking to survive. Switch between third-person action and strategic planning as you manage corporate assets while dodging assassins. Face tough moral choices that impact the story's outcome. With its unique mix of boardroom drama and explosive action sequences, Empire Under Threat delivers a sophisticated spy thriller where brains matter as much as brawn in your fight to save both your company and your life.",https://images.launchbox-app.com/c6e29f43-2233-405a-8240-4e76e79185fa.jpg
Legacy of Kain: Defiance,2003-11-11,,75,Action Adventure,"Legacy of Kain: Defiance delivers an epic conclusion to the Soul Reaver saga, letting you control both Kain and Raziel in their intertwined destinies. Switch between the vampire lord and his spectral lieutenant as you unravel ancient conspiracies threatening Nosgoth's existence. Wield devastating telekinetic powers as Kain, hurling enemies and objects with brutal force. As Raziel, devour souls and shift between material and spectral realms to solve puzzles and overcome obstacles. Experience refined combat with enhanced combo systems, aerial attacks, and signature weapons - Kain's Soul Reaver blade and Raziel's wraith blade. Navigate gothic environments filled with dark atmosphere, from crumbling temples to otherworldly dimensions. The dual narrative structure reveals different perspectives of the same events, building toward a climactic confrontation that will determine the fate of all existence.",https://images.launchbox-app.com/af84b5b5-9538-4ada-b98b-c95e1b00c670.jpg
The Legend of Spyro: A New Beginning,2006-10-10,,68,Action Adventure,"Reborn as a young purple dragon, unleash devastating elemental powers in this action-packed reboot of the beloved Spyro series. Master fire, ice, electricity, and earth attacks through intuitive combat combos as you battle the forces of the Dark Master. Experience Spyro's origin story voiced by Elijah Wood, featuring stunning environments from swamps to volcanic wastelands. Chain together aerial attacks, ground pounds, and fury mode transformations in this darker, more combat-focused reimagining. Learn new abilities from dragon elders, solve environmental puzzles, and discover hidden secrets across sprawling levels. With epic boss battles, upgradeable breath weapons, and a sweeping orchestral score, this fresh take delivers intense dragon combat while honoring the franchise's platforming roots.",https://images.launchbox-app.com/27b6ee97-3d36-4e57-bc55-b0ab01a297df.jpg
Legends of Wrestling,2001-12-04,,54,Wrestling,"Step into the squared circle with wrestling's greatest legends in this arcade-style brawler that celebrates the golden age of professional wrestling. Choose from over 40 iconic superstars including Hulk Hogan, Bret ""The Hitman"" Hart, and Andre the Giant, each with authentic signature moves and finishing maneuvers. Battle through an extensive career mode, creating your own legend and earning respect in territories across America. The game features a unique grappling system that emphasizes timing and strategy over button mashing, letting you chain together devastating combos and counters. Compete in various match types including steel cage, tag team, and battle royals. With create-a-legend mode, build your own wrestler from scratch and take them from rookie to champion. Experience the nostalgia of classic wrestling with modernized gameplay mechanics.",https://images.launchbox-app.com/c126b98c-5962-4edd-bfdc-d8555123414e.jpg
Legends of Wrestling II,2002-11-26,,61,Wrestling,"Step into the ring with over 65 wrestling legends spanning five decades of sports entertainment! Legends of Wrestling II delivers intense grappling action with an enhanced fighting engine featuring new reversal systems and combo moves. Create your own wrestler with the deep creation suite, then battle through the new Career Mode where your choices shape your path to glory. Experience authentic wrestling atmospheres in classic venues like Madison Square Garden and the ECW Arena. The improved gameplay includes region-specific fighting styles, interactive environments with weapons, and a momentum-based special move system. From Hulk Hogan to Bret Hart, Andre the Giant to Jerry Lawler, control the greatest wrestlers ever in exhibition matches, tag team bouts, cage matches, and more. Relive wrestling's golden eras with realistic movesets and signature finishers.",https://images.launchbox-app.com/e59a9cdb-d2e5-4c2b-af37-bf153dce1c0b.jpg
Lego Star Wars: The Video Game,2005-03-29,,80,Action Adventure,"Relive the epic Star Wars prequel trilogy in LEGO form! Play through iconic moments from Episodes I-III with beloved characters reimagined as charming LEGO minifigures. Switch between different Jedi, Sith, and heroes, each with unique abilities - use the Force, wield lightsabers, or blast through enemies. Experience the magic of drop-in/drop-out co-op gameplay perfect for all ages. Solve clever puzzles, collect LEGO studs, and unlock over 50 playable characters including Darth Vader and Yoda. The game's signature humor transforms dramatic Star Wars scenes into laugh-out-loud moments without dialogue. Build, destroy, and explore expansive levels from Naboo to Mustafar. This groundbreaking title launched the beloved LEGO game franchise, combining accessible gameplay with authentic Star Wars action.",https://images.launchbox-app.com/2b5a7be8-5497-497f-b0fa-d959fe38db04.jpg
Lego Star Wars II: The Original Trilogy,2006-09-12,,86,Action Adventure,"Relive the classic Star Wars trilogy in hilarious LEGO form! Play through iconic moments from Episodes IV-VI with trademark LEGO humor and charm. Control over 50 playable characters including Luke Skywalker, Princess Leia, Han Solo, and Darth Vader, each with unique abilities. Build and ride vehicles like X-wings, speeder bikes, and the Millennium Falcon. Experience drop-in/drop-out co-op gameplay perfect for friends and family. Create custom characters by mixing and matching LEGO parts in the Mos Eisley Cantina hub. Solve puzzles, collect studs, and unlock secrets across 18 action-packed levels spanning Tatooine, Hoth, and the Death Star. The game brilliantly combines classic Star Wars action with LEGO's signature slapstick comedy and creative building mechanics.",
Leisure Suit Larry: Magna Cum Laude,2004-09-30,,53,Adventure,"Follow college nobody Larry Lovage as he attempts to win the heart of talk show host Swingles and transform from zero to campus hero in this raunchy comedy adventure. Navigate Walnut Log Community College through a series of outrageous mini-games including quarters, streaking, and conversation battles where choosing the right dialogue options determines your romantic success. Collect Secret Tokens to unlock provocative bonus content while pursuing a diverse cast of college women, each with unique personalities and storylines. This adults-only entry in the legendary franchise ditches point-and-click gameplay for free-roaming 3D exploration filled with crude humor, sexual innuendo, and party game challenges. Experience Larry's misadventures through fully voiced dialogue and cartoon-style graphics that bring the over-the-top campus hijinks to life.",https://images.launchbox-app.com/f6b6f4e5-27e6-4859-95c4-dcaae3fdf347.jpg
Lemony Snicket's A Series of Unfortunate Events,2004-11-10,,66,Platformer,"Join the Baudelaire orphans in this darkly whimsical adventure based on the hit film and books. Play as Violet, Klaus, and Sunny, each with unique abilities - Violet invents gadgets, Klaus deciphers clues, and baby Sunny bites through obstacles. Navigate through Count Olaf's sinister schemes across multiple environments including his mansion, Uncle Monty's reptile room, and Aunt Josephine's house. Solve puzzles using teamwork, switching between siblings to overcome challenges. Collect puzzle pieces to unlock bonus content and movie clips. The game captures the series' signature gothic humor with Tim Curry reprising his role as narrator. Face off against Count Olaf's theatrical disguises while uncovering secrets and protecting each other from unfortunate events in this clever platformer.",https://images.launchbox-app.com/3bf3e724-6bd0-4b7f-8bd3-4ea52df07cb3.jpg
Links 2004,2003-11-11,,86,Sports,"Hit the links with the most realistic golf simulation on Xbox! Links 2004 delivers an authentic PGA Tour experience featuring real-world courses meticulously recreated down to every bunker and water hazard. Master your swing with the innovative True Swing system that captures the nuance of real golf - from powerful drives to delicate putts. Challenge yourself across legendary courses including Pebble Beach, St Andrews, and Torrey Pines. Create your own golfer and rise through the ranks in Career Mode, or compete against friends in multiplayer tournaments. Advanced ball physics and dynamic weather conditions test your skills as wind, rain, and course conditions affect every shot. With comprehensive course designer tools, build and share your dream courses. Whether you're a seasoned pro or weekend warrior, Links 2004 offers the deepest, most rewarding golf experience with stunning graphics that bring each fairway to life.",https://images.launchbox-app.com/4dd0dcbe-3970-48c9-9280-71f3bd3772ec.jpg
LMA Manager 2003,2002-11-29,,,Sports Management,"Take control of your football club's destiny in LMA Manager 2003, the comprehensive football management simulation that puts you in the hot seat. Build your squad from over 30,000 real players across European leagues, negotiate transfers, manage tactics, and guide your team to glory. Experience realistic match engines with detailed commentary, handle press conferences that affect team morale, and develop youth academies to nurture future stars. Balance budgets, upgrade facilities, and keep demanding boards happy while pursuing domestic and European trophies. With in-depth training systems, scout networks spanning the globe, and dynamic player interactions, every decision shapes your club's future. From lower divisions to elite football, prove your managerial prowess across multiple seasons.",https://images.launchbox-app.com/852b618a-fafc-4dc5-a5cc-be30cf4b85b5.jpg
LMA Manager 2004,2003-11-28,,,Sports Management,"Take control of your favorite football club and guide them to glory in LMA Manager 2004. Build your dream team through shrewd transfers, develop youth talent, and master tactical formations to outwit opponents. Experience the pressure of matchday with detailed 3D match engine bringing your strategic decisions to life. Navigate the transfer market with over 30,000 real players across leagues worldwide. Handle press conferences, manage club finances, and keep your board happy while chasing silverware. From training ground to trophy cabinet, every decision shapes your legacy. Deal with player morale, injuries, and squad rotation as you balance domestic and European campaigns. The most comprehensive football management simulation on Xbox delivers authentic club management with accessible gameplay that welcomes newcomers while offering depth for veterans.",https://images.launchbox-app.com/d04deb22-025c-4de5-bce2-4a99f97a9a4f.jpg
LMA Manager 2005,2004-10-29,,,Sports Management,"Take control of your football club's destiny in LMA Manager 2005, the comprehensive football management simulation that puts you in the hot seat. Build your squad from over 30 leagues worldwide, scout promising talent, and develop youth academies to nurture future stars. Master tactical formations, make crucial substitutions, and watch matches unfold in the enhanced 3D match engine. Handle press conferences, manage player morale, and balance the books as you navigate the pressures of professional football management. Deal with board expectations, negotiate transfers, and forge your path from lower divisions to continental glory. With detailed player statistics, realistic transfer markets, and dynamic league systems, every decision shapes your legacy. Can you handle the pressure and lead your team to championship success?",https://images.launchbox-app.com/174b2af0-055e-412c-9c22-07ab77bc2899.jpg
LMA Manager 2006,2005-10-28,,,Sports Management,"Take control of your favorite football club in LMA Manager 2006, the comprehensive football management simulation that puts you in the hot seat. Build your squad through shrewd transfers and youth development while managing finances, tactics, and team morale. Experience realistic match engines with detailed 3D highlights showing key moments as your tactical decisions unfold on the pitch. Navigate the pressure of board expectations, handle the media, and develop training regimes to maximize player potential. With extensive databases covering leagues across Europe, scout emerging talent, negotiate contracts, and guide your team from lower divisions to continental glory. Whether you're masterminding formations, rotating squads through grueling fixture lists, or making crucial substitutions, every decision counts in your quest for silverware.",https://images.launchbox-app.com/28d02036-d96f-490c-b480-980a0fe203fd.jpg
Loons: The Fight for Fame,2002-09-20,,53,Fighting,"Battle for cartoon supremacy in this wacky Xbox exclusive fighter where toon physics meet competitive combat. Choose from a roster of zany animated characters, each with their own slapstick fighting style and outrageous special moves. Master the unique ""Toon Time"" mechanic that lets you bend reality with cartoon logic - drop anvils, paint fake tunnels, or pull giant mallets from nowhere. Fight across interactive stages filled with comedic hazards and environmental gags. Challenge friends in local multiplayer mayhem or tackle the single-player Fame Tour to become the ultimate toon champion. With cel-shaded graphics that bring Saturday morning cartoons to life, every match delivers unpredictable laughs and strategic depth. Prove you're no second banana in this madcap brawler where anything can happen.",https://images.launchbox-app.com/aad281ca-ebef-479f-9ce9-d50389b7bbac.jpg
The Lord of the Rings: The Fellowship of the Ring,2002-09-24,,61,Action Adventure,"Step into Middle-earth as Frodo Baggins in this action-adventure epic following Tolkien's beloved tale. Journey from the Shire to Rivendell and beyond, wielding Sting against orcs, trolls, and the fearsome Nazgûl. Play as Aragorn and Gandalf in exclusive levels, each with unique combat styles and abilities. Explore iconic locations like Weathertop and the Mines of Moria while solving puzzles and discovering hidden paths. Master stealth mechanics to avoid detection or engage in sword combat with intuitive controls. Collect lore items that unlock bonus content and deeper Middle-earth mythology. Experience the Fellowship's quest through stunning environments faithful to the books, featuring original music and voice acting that brings the classic story to life.",https://images.launchbox-app.com/f51a809b-61e4-4511-b457-ae3986755772.jpg
The Lord of the Rings: The Return of the King,2003-10-31,,82,Action,"Step into Middle-earth's climactic battles as heroes from the epic trilogy. Play as Aragorn, Legolas, Gimli, Gandalf, and more across massive battlefields from Helm's Deep to the Black Gate. Master each character's unique combat moves and devastating special attacks. Slash through hordes of orcs with fluid combo-based melee combat that rewards skillful play. Upgrade weapons and abilities as you progress through the campaign. Experience iconic movie moments with stunning visuals directly from the films. Team up in cooperative multiplayer to defend Minas Tirith or storm Isengard. Every swing of your sword shapes the fate of Middle-earth in this definitive action adaptation of Tolkien's masterpiece.",https://images.launchbox-app.com/47213875-b830-4073-a20b-145f49fd8db3.jpg
The Lord of the Rings: The Third Age,2004-11-02,,73,RPG,"Journey through Middle-earth in this epic turn-based RPG that follows a unique fellowship paralleling the events of the film trilogy. Create your party from diverse characters including a Gondorian soldier, Rohirrim warrior, and elven mage, each with distinct abilities and skill trees. Experience iconic locations from Moria to Pelennor Fields through the eyes of new heroes whose quest intertwines with Frodo's journey. Master the innovative combat system featuring powerful team combos and cinematic special attacks. Collect legendary weapons and armor from fallen foes, craft powerful items, and unlock devastating abilities as you level up. Face off against the Balrog, Witch-king, and other fearsome enemies in strategic battles that reward tactical thinking. With stunning visuals that bring Tolkien's world to life and Howard Shore's magnificent score, this overlooked gem offers a fresh perspective on the War of the Ring.",https://images.launchbox-app.com/7b4c6456-8f05-4caf-95ef-4d0e0a609593.jpg
Madden NFL 2004,,,,,"Madden NFL 2004 revolutionizes football gaming with the innovative Playmaker Control system, letting you adjust plays on the fly with the right analog stick. Call audibles, direct receivers, and shift defensive formations in real-time to outsmart opponents. Experience authentic NFL action with all 32 teams, realistic stadiums, and the complete roster of NFL superstars. The new Owner Mode puts you in charge of the entire franchise - set ticket prices, upgrade facilities, and relocate your team to build a dynasty. Enhanced graphics showcase bone-crushing tackles and spectacular catches while Al Michaels and John Madden deliver legendary commentary. Master offensive and defensive playbooks with over 100 formations per team. Create custom players, design unique plays, and dominate online competition.",
The Lord of the Rings: The Two Towers,2002-10-21,,82,Action,"Step into Middle-earth's epic battles as heroes from The Two Towers film. Play as Aragorn, Legolas, or Gimli across intense hack-and-slash combat missions following key movie moments. Battle through Helm's Deep's massive siege, defend the walls of Minas Tirith, and face the fearsome Uruk-hai in visceral melee combat. Each character brings unique fighting styles - Aragorn's balanced swordplay, Legolas's deadly bow skills, and Gimli's devastating axe attacks. Seamlessly blended film footage creates cinematic transitions between levels. Upgrade abilities, unlock devastating combo moves, and earn secret characters including Isildur. Experience Jackson's vision through dynamic third-person action.",https://images.launchbox-app.com/697d2205-786e-4270-9313-5709f36a285e.jpg
Lotus Challenge,2003-12-12,,68,Racing,"Race through breathtaking environments in this exhilarating arcade racer featuring the legendary Lotus sports cars. Master precision handling as you push iconic vehicles like the Elise, Esprit, and Exige to their limits across diverse tracks spanning sun-drenched coastlines, treacherous mountain passes, and bustling city circuits. Experience intense wheel-to-wheel racing with responsive controls that capture the raw power and agility of Lotus engineering. Challenge yourself through Championship mode, tackle time trials, or compete in thrilling multiplayer races. Dynamic weather conditions and day-night cycles test your skills while stunning visuals showcase each meticulously detailed vehicle. With multiple difficulty levels and unlockable content, Lotus Challenge delivers pure racing excitement that rewards both casual players and driving enthusiasts seeking authentic high-speed thrills.",https://images.launchbox-app.com/be11dca3-4e04-42d1-8bbe-5890aef11855.jpg
Mace Griffin: Bounty Hunter,2003-06-20,,68,Shooter,"Become Mace Griffin, a former Ranger turned bounty hunter seeking revenge in this unique sci-fi shooter that seamlessly blends first-person combat with space flight. Hunt dangerous criminals across the galaxy, transitioning from intense firefights in space stations to piloting your ship through asteroid fields without any loading screens. The game's revolutionary seamless gameplay lets you board enemy vessels, engage in corridor shootouts, then jump back in your ship for dogfights - all in one continuous experience. Armed with an arsenal of futuristic weapons and your customizable spacecraft, track bounties through a gritty universe filled with corrupt corporations and alien threats. Experience a noir-inspired story of betrayal and redemption as you uncover the conspiracy that destroyed your life.",https://images.launchbox-app.com/91aec75f-44b7-49cb-9142-d2495e8527be.jpg
Mad Dash Racing,2001-11-15,,74,Racing,"Mad Dash Racing delivers a wild fusion of kart racing and on-foot combat that sets it apart from typical racing games. Sprint through vibrant cartoon worlds as one of nine zany characters, each with unique abilities and personality. The twist? You're running on your own two feet, not driving vehicles. Bash through opponents with melee attacks, unleash special powers, and grab speed-boosting items while navigating treacherous obstacles and shortcuts. Four-player split-screen multiplayer brings chaotic party game energy as racers sabotage each other with hammers, bombs, and environmental hazards. The game features multiple racing modes across exotic locations from prehistoric jungles to futuristic cities. With its emphasis on combat-heavy footracing, collectible power-ups, and slapstick humor, Mad Dash Racing offers an unconventional take on the mascot racer genre that rewards both speed and strategic aggression.",https://images.launchbox-app.com/0eb98db3-8c29-402b-b7e3-a2a258da6740.jpg
Madagascar,2005-05-24,,64,Platformer,"Join Alex the Lion, Marty the Zebra, Gloria the Hippo, and Melman the Giraffe in this action-packed adventure based on the DreamWorks animated film! Play as all four zoo animals as they escape from New York's Central Park Zoo and find themselves stranded on the exotic island of Madagascar. Master each character's unique abilities - Alex's powerful roar and claws, Marty's speed and kicks, Gloria's charging attacks, and Melman's helicopter spin and projectiles. Navigate through 11 vibrant levels including the bustling streets of New York, a wild ship voyage, and the lush jungles of Madagascar. Collect power-ups, solve puzzles, and battle against the scheming Foosa enemies. Mini-games like lemur dancing and penguin bowling add variety to the platforming action. Experience the movie's humor through cutscenes featuring the original voice actors.",https://images.launchbox-app.com/2e293247-8134-45ea-a6ce-1076ebb30224.jpg
Madden NFL 06,2005-08-08,,88,Sports,"Take control of the gridiron in Madden NFL 06, where precision passing meets bone-crushing defense. Experience the revolutionary QB Vision Control that transforms how you read defenses and deliver pinpoint throws. The innovative Superstar Mode puts you in the cleats of a rookie sensation, guiding your career from draft day to Hall of Fame glory. Master the new Precision Passing system for unprecedented control over your aerial attack. Lead your franchise through multiple seasons with enhanced Owner Mode features. Hit Stick 2.0 delivers devastating defensive plays that change momentum instantly. With authentic NFL teams, stadiums, and players, plus refined running mechanics and improved blocking AI, every snap feels authentic. Online leagues let you compete against rivals worldwide in the ultimate test of gridiron strategy and skill.",https://images.launchbox-app.com/6fe2dcf8-a17e-44fc-b0a7-78a5a2c4ddb4.jpg
Madden NFL 07,2006-08-22,,84,Sports,"Madden NFL 07 revolutionizes football gaming with the innovative Lead Blocker Control, putting you in command of devastating blocks that spring your running back for huge gains. Experience the intensity of NFL Superstar mode where you create a rookie and guide their entire career from the NFL Combine to the Hall of Fame. The new Highlight Stick delivers bone-crushing tackles and acrobatic moves with the right analog stick, while the improved Run to Daylight control lets you find holes in the defense like never before. Team-specific playbooks and authentic stadium atmospheres capture the essence of each franchise. With enhanced graphics showcasing player emotions and realistic weather effects, every game feels like Sunday. Master the new kicking meter for clutch field goals and dominate online leagues.",
Madden NFL 08,2007-08-14,,80,Sports,"Experience the gridiron like never before in Madden NFL 08, where revolutionary gameplay mechanics transform every play into a strategic masterpiece. Master the innovative Hit Stick 2.0 for bone-crushing tackles and game-changing turnovers. The groundbreaking Weapons system identifies elite players with unique abilities - speedsters who break away, possession receivers who dominate traffic, and shutdown corners who erase top threats. Lead your franchise through decades of glory, draft future Hall of Famers, and build dynasties. Superstar mode puts you in the cleats of a single player, living the NFL dream from rookie to legend. With authentic stadiums, realistic weather effects, and commentary that captures every moment's intensity, Madden NFL 08 delivers the ultimate football simulation where strategy meets spectacle.",
Madden NFL 09,2008-08-12,,81,Sports,"Experience the most authentic NFL simulation as Madden NFL 09 delivers unprecedented realism and control. Master the new Virtual Trainer that adapts to your skill level, providing personalized tips and strategies to improve your game. Take command with enhanced play-calling mechanics and the innovative Madden IQ system that tailors difficulty to match your abilities perfectly. Feel the momentum shift with the dynamic Backtrack feature, allowing you to rewind and replay crucial moments. Build your dynasty in Franchise mode with deeper roster management and scouting tools. From bone-crushing tackles to spectacular catches, every play showcases improved animations and physics. Whether competing online or dominating locally, Madden NFL 09 represents the pinnacle of football gaming excellence.",
Madden NFL 2002,2001-11-15,,78,Sports,"Madden NFL 2002 revolutionizes virtual football with enhanced gameplay mechanics and stunning visuals. Experience the intensity of NFL action through improved player animations, realistic tackles, and precise passing controls. The innovative Madden Cards system adds strategic depth, allowing you to boost player abilities and unlock legendary teams. Create your own franchise and guide it through multiple seasons, making crucial draft picks and managing team dynamics. Two-Minute Drill and Tournament modes offer quick competitive thrills, while Practice mode helps perfect your plays. Featuring all 31 NFL teams with updated rosters, authentic stadiums, and John Madden's expert commentary, this edition delivers the most immersive football experience yet. Master the playbook and dominate the gridiron.",
Madden NFL 2003,2002-08-12,,89,Sports,"Madden NFL 2003 revolutionizes virtual football with its groundbreaking gameplay and stunning presentation. Experience the thrill of NFL action as you control all 32 teams with updated rosters and authentic stadiums. The innovative Mini Camp mode lets you hone your skills through challenging drills while unlocking legendary players. Master the new Playmaker Control system to adjust plays on the fly, directing receivers and blockers with precision timing. Lead your franchise through multiple seasons, managing trades, drafts, and contracts to build a dynasty. John Madden's expert commentary brings every play to life with strategic insights. From bone-crushing tackles to spectacular touchdown catches, every moment captures the intensity of professional football.",
Madden NFL 2005,2004-08-09,,91,Sports,"Experience the gridiron like never before in Madden NFL 2005, where defensive play takes center stage with the revolutionary Hit Stick. Time your tackles perfectly to deliver bone-crushing hits that can force fumbles and shift momentum. The new Storyline Central brings drama off the field with dynamic storylines affecting player morale and team chemistry. Create your own superstar in enhanced Franchise Mode, developing skills through mini-games while managing contracts and team dynamics. Precision passing controls let you lead receivers and place balls exactly where needed. Features authentic stadiums, real NFL teams and players, plus Tony Bruno's radio show adding color commentary between games. Online play brings heated rivalries to life.",
Mafia,2004-03-12,,77,Action,"Step into the shoes of Tommy Angelo, a cab driver thrust into the dangerous world of 1930s organized crime. Navigate the authentic streets of Lost Heaven, a city inspired by Depression-era Chicago and New York. Rise through the Salieri family ranks by completing missions ranging from bootlegging runs to intense shootouts with rival gangs. Experience a gripping narrative that explores loyalty, betrayal, and the price of power. Drive period-accurate vehicles through a living city, engage in visceral gunfights with tommy guns and revolvers, and witness the golden age of the American Mafia. Your choices shape Tommy's fate as you balance survival with morality in this atmospheric open-world crime saga where every decision carries deadly consequences.",https://images.launchbox-app.com/409d9b4b-8c15-4b39-94a1-08acfa7fa436.jpg
Magic: The Gathering – Battlegrounds,2003-11-11,,72,Strategy,"Magic: The Gathering – Battlegrounds transforms the legendary card game into explosive real-time combat. Command powerful wizards across dynamic arenas, summoning creatures and casting devastating spells in fast-paced battles. Master five unique magic colors, each offering distinct playstyles and strategies. Build your spell book from hundreds of authentic Magic cards, then unleash them in intense duels where timing and positioning matter as much as deck composition. Single-player quest mode teaches advanced tactics while multiplayer battles test your skills against opponents worldwide. Experience Magic's deep strategy reimagined for action-packed gameplay where every second counts.",https://images.launchbox-app.com/517dfbbf-2a21-448d-aa8a-c5042bce4899.jpg
Major League Baseball 2K5,2005-04-18,,78,Sports,"Step up to the plate in Major League Baseball 2K5, where authentic baseball action meets cutting-edge gameplay. Experience the thrill of America's pastime with all 30 MLB teams and their real rosters from the 2005 season. The innovative K-Zone pitching system gives you pinpoint control over every throw, while the new Slam Zone hitting mechanic lets you time your swings perfectly for devastating home runs. Build dynasties in Franchise mode, create custom players, or jump into quick exhibition matches. Commentary from ESPN's Jon Miller and Joe Morgan brings each game to life with broadcast-quality presentation. From nail-biting pitcher duels to explosive offensive showdowns, every game captures the strategy and excitement of real baseball.",https://images.launchbox-app.com/6af23e8b-c39f-4fc0-be12-3c2cda60707b.jpg
Major League Baseball 2K5: World Series Edition,2005-10-25,,77,Sports,"Step up to the plate in Major League Baseball 2K5: World Series Edition, where championship dreams come alive. Experience the most authentic baseball simulation with enhanced pitching and batting mechanics that capture every nuance of America's pastime. Command all 30 MLB teams with updated rosters, or create your dynasty in the deep Franchise mode. The innovative K-Zone pitching system gives you pinpoint control over every pitch, while the new Slam Zone hitting lets you target your swings with precision. Relive historic World Series moments in Scenario mode, or build your own legend in Career mode. With ESPN's broadcast presentation, dynamic commentary, and realistic player animations, every game feels like October baseball at its finest.",https://images.launchbox-app.com/45d5af9a-6cce-4e31-9135-c1318dd2ee85.jpg
Major League Baseball 2K6,2006-04-03,,67,Sports,"Step up to the plate in Major League Baseball 2K6, where authentic baseball action meets cutting-edge gameplay. Experience the thrill of America's pastime with innovative pitching and batting mechanics that put you in complete control. The revolutionary Swing Stick hitting system lets you check swings, foul off pitches, and crush home runs with precision timing. Master the art of pitching with the K-Zone system, painting corners and mixing speeds to dominate batters. Features all 30 MLB teams, authentic stadiums, and real player rosters. Build dynasties in Franchise mode, relive classic moments in Situation mode, or jump online to challenge players worldwide. With dynamic commentary, realistic physics, and ESPN-style presentation, every game feels like a primetime broadcast.",https://images.launchbox-app.com/5218f10c-01c3-4925-8603-a423ee9df8c3.jpg
Major League Baseball 2K7,2007-03-05,,54,Sports,"Step up to the plate in Major League Baseball 2K7, where precision pitching meets explosive batting in the most authentic baseball simulation. Master the innovative Total Control Pitching system using analog stick movements to paint corners and fool batters with devastating breaking balls. Experience the thrill of clutch situations with dynamic player emotions affecting performance under pressure. Build dynasties in deep Franchise mode, featuring full minor league systems and realistic player development. Signature Style technology captures each player's unique batting stances and pitching motions. From diving catches to turning double plays, every moment feels authentic with fluid animations and responsive controls. Features all 30 MLB teams, complete rosters, and classic stadiums rendered in stunning detail.",https://images.launchbox-app.com/cf77f486-cc38-4644-91a6-02e2af517a2a.jpg
Malice,2004-06-02,,64,Platformer,"Embark on a whimsical adventure as Malice, a goddess stripped of her powers who must reclaim her strength to defeat the evil Dog God. This action-platformer blends humor with hack-and-slash combat across diverse magical realms. Transform using unique weapons that grant special abilities - wield the Mace of Clubs to smash enemies, use the Clockwork Hammer to slow time, or soar with the Wings of Despair. Navigate floating platforms, solve environmental puzzles, and battle bizarre creatures in vibrant worlds ranging from lush forests to mechanical fortresses. With its distinctive art style, irreverent humor, and creative weapon-based mechanics, Malice delivers a quirky twist on classic 3D platforming that rewards exploration and mastery of each transformative tool in your divine arsenal.",https://images.launchbox-app.com/0fedb887-83d6-4348-a290-bfd2f1ec8ff0.jpg
Manchester United Manager 2005,2004-11-12,,,Sports Management,"Take control of Manchester United, one of the world's most iconic football clubs, in this comprehensive management simulation. Build your dream squad through strategic transfers and youth development while managing every aspect of the club from tactics to finances. Experience the pressure of the Premier League, Champions League, and domestic cups as you make crucial decisions on match day. Deploy formations, adjust tactics in real-time, and watch your strategic choices unfold in detailed match engines. Handle press conferences, manage player morale, and navigate board expectations while dealing with injuries and suspensions. Scout emerging talent worldwide, negotiate contracts, and develop training regimes to maximize player potential. From Old Trafford to away grounds across Europe, prove you have what it takes to maintain United's winning tradition.",https://images.launchbox-app.com/2e32f252-60bb-45ca-aad5-c1641a41133b.jpg
Manhunt,2003-11-18,,75,Stealth Horror,"Survive a twisted nightmare in Rockstar's most controversial thriller. You are James Earl Cash, a death row inmate forced to participate in a sadistic snuff film directed by a mysterious voice in your earpiece. Navigate through decrepit urban environments using shadows and sound to evade ruthless gangs hunting you down. Execute brutal stealth takedowns with improvised weapons ranging from plastic bags to crowbars - the longer you hold the attack, the more vicious the kill. Each execution is rated for style and captured on CCTV for your captor's sick entertainment. Master three levels of executions, from quick and quiet to grotesquely violent. Use distractions like thrown bottles and bodies to manipulate enemy patrols. The innovative sound detection system makes every footstep matter as hunters track your movements. This psychological horror experience pushes boundaries with its unflinching violence and dark atmosphere.",https://images.launchbox-app.com/e961bb4b-99a1-4249-84c3-af4ddb37b67a.jpg
Marc Ecko's Getting Up: Contents Under Pressure,2006-02-14,,72,Action,"Transform into Trane, a young graffiti artist fighting to make his mark in the oppressive city of New Radius. Battle corrupt authorities and rival crews through a unique blend of street art creation and urban combat. Master an innovative graffiti system to tag walls, create massive murals, and bomb the city with your art while evading police. Navigate sprawling urban environments using parkour-inspired movement, scaling buildings and traversing rooftops. Engage in brutal hand-to-hand combat combining street fighting with improvised weapons. Experience a gritty narrative featuring voice work from hip-hop legends like Talib Kweli and RZA. Unlock new artistic styles and techniques as you rise through the underground scene. This groundbreaking title merges graffiti culture with action gameplay in ways never seen before.",https://images.launchbox-app.com/acac1d16-9fe0-46b3-9226-bc3b2f8ad633.jpg
Marvel: Ultimate Alliance,2006-10-24,,82,Action RPG,"Assemble the ultimate superhero dream team in Marvel: Ultimate Alliance, an action-RPG that puts the fate of the Marvel Universe in your hands. Choose from over 20 iconic heroes including Spider-Man, Captain America, Thor, and Wolverine to form your perfect squad of four. Battle through diverse locations from Atlantis to Asgard as Doctor Doom unleashes his Masters of Evil. Customize your heroes with unique costumes that unlock new abilities, and develop their powers through an extensive upgrade system. Team up with friends in 4-player co-op to execute devastating combo attacks and special team bonuses. Switch between characters on the fly to adapt your strategy against classic villains like Ultron and Galactus. With branching storylines and moral choices that impact the ending, every playthrough offers new possibilities in this epic Marvel adventure.",https://images.launchbox-app.com/7b8bf357-bf0c-4e5d-aba1-400ac0607c02.jpg
Marvel Nemesis: Rise of the Imperfects,2005-09-20,,60,Fighting,"Marvel Nemesis: Rise of the Imperfects unleashes an explosive superhero brawler where Marvel icons clash with deadly original characters called the Imperfects. Choose from Spider-Man, Wolverine, Iron Man, and other beloved heroes, or master the dark powers of new villains like Johnny Ohm and Brigade. Battle through destructible environments in intense one-on-one combat featuring devastating super moves and environmental weapons. The innovative fighting system blends traditional controls with easy-to-execute combos, letting you unleash spectacular powers. Story mode reveals how an alien invasion forces heroes and villains into uneasy alliances. With fully interactive arenas that crumble under your might, every fight becomes a cinematic spectacle of superhuman warfare.",https://images.launchbox-app.com/f05c203a-614a-4577-be8f-dbdcb50e101e.jpg
Marvel vs. Capcom 2,2003-03-27,,85,Fighting,"Marvel vs. Capcom 2 delivers the ultimate tag-team fighting experience with an unprecedented roster of 56 playable characters from both universes. Choose your three-fighter dream team and unleash devastating aerial combos, hyper combos, and screen-filling special moves in fast-paced 3-on-3 battles. The game's refined assist system lets you call in partners for strategic attacks and defensive saves while mastering the art of snapbacks, delayed hyper combos, and infinite prevention mechanics. From Spider-Man and Wolverine to Ryu and Mega Man, each fighter brings unique playstyles and team synergies to discover. With its vibrant comic book visuals, jazzy soundtrack, and incredibly deep combat system that rewards both newcomers and veterans, this legendary crossover fighter remains the gold standard for versus fighting games.",https://images.launchbox-app.com/55398c6b-2239-4d0f-9920-8822f49f21f8.jpg
Mashed: Drive to Survive,2004-06-15,,74,Racing,"Mashed: Drive to Survive delivers explosive top-down arcade racing where winning means more than crossing the finish line first. Battle through 13 treacherous tracks using missiles, machine guns, and barrel bombs to obliterate rivals while dodging their attacks. The innovative camera system eliminates lagging drivers from the screen, creating intense elimination-style races where survival is everything. Master four distinct racing modes including the chaotic Fully Loaded battles and strategic Air Strike challenges. With 4-player split-screen multiplayer, customizable vehicles, and physics-based crashes that send cars flying off cliffs and into explosive collisions, every race becomes an unpredictable war on wheels where dirty tactics reign supreme.",https://images.launchbox-app.com/cd37e5e5-f5bc-4143-833d-ec972f5bbd35.jpg
Mashed: Fully Loaded,2005-08-26,,70,Racing,"Get ready for explosive top-down racing mayhem in Mashed: Fully Loaded! Battle up to four players in frantic arcade racing where anything goes. Unleash devastating weapons like missiles, machine guns, and air strikes to blast opponents off the track. Master 18 unique tracks across diverse environments from icy tundras to scorching deserts. Choose from 13 distinct vehicles, each with different handling and speed characteristics. The innovative camera system keeps all racers on screen, creating intense close-quarters combat. Compete in multiple game modes including traditional races, elimination battles, and the chaotic Ice Hockey mode. With its pick-up-and-play controls and addictive multiplayer action, Mashed delivers pure arcade racing carnage that'll have you and your friends battling for hours.",https://images.launchbox-app.com/30e64be2-c55d-4f4f-9e26-e250beba8c95.jpg
Mat Hoffman's Pro BMX 2,2002-08-12,,73,Sports,"Mat Hoffman's Pro BMX 2 delivers the ultimate BMX experience with legendary rider Mat Hoffman leading an all-star cast of pro riders. Pull off insane tricks across massive environments including Chicago, Las Vegas, and Oklahoma City. Master over 200 tricks and combos while exploring open-world levels packed with secret areas and hidden challenges. The innovative trick modifier system lets you tweak grabs, spins, and flips mid-air for endless creativity. Compete in intense competitions, complete pro challenges, or session freely in the expansive Road Trip mode. Create custom riders and parks with the robust editor tools, then take your skills online for multiplayer mayhem. With its killer soundtrack, smooth controls, and endless replayability, this BMX masterpiece pushes extreme sports gaming to new heights.",https://images.launchbox-app.com/a434941e-411a-4556-9b35-26a63137374b.jpg
The Matrix: Path of Neo,2005-11-08,,73,Action,"Step into Neo's journey from Thomas Anderson to The One in this action-packed adaptation of the Matrix trilogy. Master the innovative martial arts combat system featuring Focus abilities that let you dodge bullets in slow motion, run on walls, and perform gravity-defying moves straight from the films. Battle through pivotal scenes including the lobby shootout, rooftop chase, and climactic showdown with Agent Smith. Learn new fighting techniques and combos as Neo's powers evolve, unlocking devastating abilities like the legendary ""One"" powers. Experience expanded storylines with new scenes created exclusively for the game, offering deeper insight into Neo's path. Face off against familiar foes including Agents, SWAT teams, and deadly programs in both film-accurate and original levels that expand the Matrix universe.",https://images.launchbox-app.com/562dd906-e725-4215-a0ec-7f94433c1224.jpg
Metal Arms: Glitch in the System,,,,,"In a world of mechanical mayhem, you are Glitch, a pint-sized robot with oversized firepower on a mission to save your kind from the tyrannical General Corrosive. Blast through 40+ levels of explosive combat across diverse environments from mines to space stations. Hijack enemy robots and turn their own weapons against them with the innovative Tether Gun. Arsenal includes 17 upgradeable weapons from rivet guns to rocket launchers. Experience clever level design mixing platforming with intense shootouts. Multiplayer modes support 4-player split-screen battles. With sharp humor, destructible environments, and satisfying metal-on-metal combat, Metal Arms delivers a unique twist on third-person action that stands apart from typical mascot shooters.",https://images.launchbox-app.com/96f8315c-1329-4098-802c-6d603c34d5c9.jpg
Max Payne,2001-12-18,,89,Shooter,"Max Payne revolutionizes action gaming with its groundbreaking bullet-time mechanic, letting you slow time to dodge bullets and deliver precise shots in spectacular shootouts. Play as Max Payne, an undercover cop framed for murder, fighting through New York's criminal underworld to uncover a conspiracy and avenge his family. The noir-inspired narrative unfolds through graphic novel panels and Max's hardboiled narration, creating an atmospheric crime thriller. Experience intense gunplay across gritty locations from subway stations to corporate skyscrapers. Master dual-wielding pistols, shotguns, and automatic weapons while diving through the air in slow motion. The revolutionary physics engine makes every shootout cinematic, with destructible environments and realistic bullet impacts. Dark, mature storytelling combines with innovative gameplay to create an unforgettable action experience that defined a genre.",https://images.launchbox-app.com/75525c80-30e5-466d-a58e-01a795947b88.jpg
Max Payne 2: The Fall of Max Payne,2003-11-25,,86,Shooter,"Max Payne returns in this noir masterpiece where love is a loaded gun. Experience revolutionary bullet-time gunplay as you dive through the air in slow motion, dodging bullets while unleashing precise devastation. The sequel perfects the formula with enhanced physics, more destructive environments, and seamless narrative integration. Play as both Max and femme fatale Mona Sax through a twisted tale of conspiracy and betrayal. Every shootout becomes a cinematic ballet of violence with ragdoll physics and detailed weapon effects. The haunting soundtrack and graphic novel storytelling create an unforgettable atmosphere. Face impossible odds in spectacular set pieces, from construction sites to fun houses. This is action gaming at its most stylish and brutal.",https://images.launchbox-app.com/b084a6f5-c3bf-487e-9e7c-3672c37de6de.jpg
Maximum Chase,2003-09-23,,48,Racing,"Experience high-octane vehicular combat as undercover operative Rick Summer in this Xbox-exclusive action racer from Genki. Seamlessly blend intense driving sequences with explosive shooting sections across cinematic missions featuring live-action cutscenes with professional actors. Choose from over 20 licensed car brands including Chevrolet Corvette, Pontiac Firebird, Lexus, and Nissan, each offering distinct handling characteristics reminiscent of Project Gotham Racing's arcade-sim balance. Engage in thrilling pursuits through city streets and highways, switching between precision driving and targeting enemies while maintaining control of your vehicle. The unique gameplay alternates between white-knuckle racing segments and strategic combat phases where timing and accuracy determine survival. With its blend of licensed vehicles, Hollywood-style presentation featuring actors like Chris Hatfield, and innovative dual-mode gameplay, Maximum Chase delivers a distinctive vehicular action experience.",https://images.launchbox-app.com/2c5a5279-a91f-43fb-89e7-eebb17312672.jpg
MechAssault,2002-11-12,,87,Mech Action,"Command the battlefield in massive BattleMechs as you fight to save the Inner Sphere from the ruthless Word of Blake clan. MechAssault delivers explosive mech combat with streamlined controls that make piloting 40-foot war machines incredibly intuitive. Choose from over a dozen iconic BattleMechs, each with unique weapons and abilities, from the nimble Cougar to the devastating Atlas. Unleash devastating firepower with lasers, missiles, and ballistic weapons while managing your heat levels to avoid shutdown. Battle across destructible environments where buildings crumble and forests burn under your assault. Experience the first BattleTech game designed specifically for console, featuring arcade-style action that captures the essence of mech warfare. Dominate in multiplayer battles via Xbox Live or tackle the campaign to liberate planets from enemy forces.",https://images.launchbox-app.com/a10f96a1-543f-4785-a713-bac20b5d292a.jpg
MechAssault 2: Lone Wolf,2004-12-28,,79,Mech Action,"Pilot towering BattleMechs and agile Battle Armor in this explosive sequel that revolutionizes mech combat. MechAssault 2: Lone Wolf puts you in control of massive war machines armed with devastating weapons like pulse lasers, autocannons, and missile barrages. Experience the innovative Neurohacking system to hijack enemy mechs mid-battle, turning their firepower against them. Switch seamlessly between piloting 35-ton mechs and nimble Battle Armor suits that can climb buildings and board enemy vehicles. Fight through a gripping campaign across war-torn planets or challenge friends in intense Xbox Live multiplayer battles supporting up to 12 players. Master vertical combat with the VTOL aircraft and unleash destruction with the new BattleMech configurations. Every battlefield becomes your weapon in this ultimate mech warfare experience.",https://images.launchbox-app.com/da92795a-db07-477a-8b4f-5d93a581af7e.jpg
Medal of Honor: European Assault,2005-06-06,,73,Shooter,"Lead your squad through the most pivotal battles of WWII in Medal of Honor: European Assault. Command Allied forces across four authentic European campaigns, from the Battle of the Bulge to the Soviet advance on Berlin. Experience intense combat with revolutionary squad mechanics - issue tactical orders, call for covering fire, and revive fallen teammates. Each mission offers multiple paths and objectives, rewarding strategic thinking over run-and-gun tactics. Unleash devastating Adrenaline Mode to turn the tide of battle with enhanced accuracy and invincibility. Historic weapons, destructible environments, and cinematic storytelling combine with a gripping multiplayer mode supporting up to 8 players. Your leadership will determine victory.",https://images.launchbox-app.com/524b4b3f-1198-4773-9438-22e87f2ae67a.jpg
Medal of Honor: Frontline,2003-11-07,,78,Shooter,"Step into the boots of OSS operative Lt. Jimmy Patterson in this acclaimed World War II shooter that defined console FPS gaming. Storm the beaches of Normandy on D-Day, infiltrate Nazi strongholds, and sabotage the German war machine across six intense campaigns. Experience cinematic battles enhanced by Michael Giacchino's sweeping orchestral score that rivals Hollywood war films. Master authentic WWII weapons from the M1 Garand to the Panzerschreck as you fight through meticulously recreated European battlefields. Each mission blends stealth, action, and strategy - disguise yourself as a German officer, commandeer vehicles, or go guns blazing. With its perfect balance of historical authenticity and pure action, Frontline delivers the definitive WWII shooter experience.",https://images.launchbox-app.com/d0b83c2e-05d3-4a49-8521-1de835f9a0fb.jpg
Medal of Honor: Rising Sun,2003-11-11,,65,Shooter,"Experience the Pacific Theater of WWII through the eyes of Marine Corporal Joseph Griffin in this intense first-person shooter. Battle through seven historic campaigns from Pearl Harbor to the Philippines, wielding authentic period weapons including the M1 Garand, Thompson submachine gun, and captured Japanese firearms. Fight alongside AI squadmates through lush jungles, war-torn islands, and enemy strongholds while engaging in fierce firefights against Imperial Japanese forces. Features split-screen cooperative campaign mode where two players can tackle missions together, plus four-player competitive multiplayer battles. Commandeer vehicles like PT boats and elephant mounts for tactical advantages. The orchestral score and realistic sound design immerse you in the chaos of Pacific warfare as you sabotage enemy operations, rescue POWs, and turn the tide of history.",https://images.launchbox-app.com/89881bab-ed89-45b4-a46e-1a96569c2945.jpg
Mega Man Anniversary Collection,2005-03-15,,85,Compilation,"Blast through gaming history with Mega Man Anniversary Collection, featuring eight classic action-platformers that defined a generation. Control the Blue Bomber across the complete original series from Mega Man 1 through 8, plus two arcade fighters. Master precision jumping and shooting as you battle Robot Masters, stealing their unique weapons to exploit enemy weaknesses. Each game delivers increasingly complex level designs, memorable boss patterns, and that signature challenge that made Mega Man legendary. Experience enhanced features including updated controls, save states, and unlockable artwork galleries. From the series' humble NES origins to its PlayStation evolution, witness how Mega Man revolutionized action gaming with tight controls, strategic weapon selection, and some of gaming's most iconic music. Whether you're a veteran or newcomer, this definitive collection offers the ultimate test of skill and reflexes.",https://images.launchbox-app.com/b2c4fa52-6dbe-4e6e-bdd0-b6d9efabb966.jpg
Melbourne Cup Challenge,2006-10-26,,,Sports,"Experience the thrill of Australia's most prestigious horse racing event in Melbourne Cup Challenge. Take control of champion thoroughbreds and guide them to victory across iconic racecourses including Flemington, Caulfield, and Moonee Valley. Master realistic racing mechanics as you navigate tight pack racing, time your sprint perfectly, and find the ideal racing line. Build your stable from promising yearlings to champion racehorses through strategic training and breeding programs. Compete in over 30 major racing events throughout the season, culminating in the race that stops a nation. Features authentic jockey silks, detailed horse animations, and dynamic weather conditions that affect race strategy. Challenge friends in multiplayer races or build a racing dynasty in career mode.",https://images.launchbox-app.com/r2_1e7aafc7-5135-40e4-8c5e-94adb7d6fb6f.jpg
Men of Valor,2004-10-19,,74,Shooter,"Experience the brutal reality of the Vietnam War in Men of Valor, a gripping first-person shooter that puts you in the boots of Marine Dean Shepard. Fight through historically-inspired battles from 1965 to 1968, including the intense Tet Offensive and siege of Khe Sanh. Navigate dense jungles, booby-trapped tunnels, and war-torn villages while facing an elusive enemy. Command squad tactics, call in artillery strikes, and utilize authentic Vietnam-era weapons from M16 rifles to flamethrowers. The game blends intense firefights with quieter moments that explore the human cost of war through letters home and interactions with fellow Marines. With its gritty realism, atmospheric soundtrack, and unflinching portrayal of combat, Men of Valor delivers one of gaming's most authentic Vietnam experiences.",https://images.launchbox-app.com/893444a2-e7e8-46c7-94ad-a13aa5455ab7.jpg
Mercenaries: Playground of Destruction,2005-01-11,,85,Action,"Step into the boots of a ruthless mercenary in this explosive open-world action game set in war-torn North Korea. Choose from three unique operatives and hunt down the infamous ""Deck of 52"" - high-value targets inspired by the Iraq War's most wanted list. Every structure can be destroyed with an arsenal of weapons ranging from C4 to bunker busters, while you call in devastating airstrikes, artillery barrages, and vehicle drops. Hijack tanks, helicopters, and military vehicles to wreak havoc across a massive battlefield. Accept contracts from rival factions including China, South Korea, the Russian Mafia, and the Allied Nations, playing each side for maximum profit. Your playground of destruction awaits.",https://images.launchbox-app.com/a2d029a4-41af-4d07-875a-bb4b0a3e2924.jpg
Metal Dungeon,2002-12-30,,48,RPG,"Metal Dungeon thrusts you into a sci-fi dungeon crawler where your team of cyborgs battles through ten massive randomly-generated levels filled with deadly monsters and traps. Choose from five unique cyborg characters, each with distinct abilities and upgrade paths, as you explore the mysterious depths of a research facility gone wrong. The game blends traditional turn-based JRPG combat with roguelike elements - death means starting over, but you keep your experience and unlocked abilities. Customize your cyborgs with over 100 different parts and weapons, from plasma rifles to energy swords. With multiple endings based on your choices and performance, plus a hardcore survival mode that tests your resource management skills, Metal Dungeon offers a challenging fusion of dungeon crawling and mecha customization that rewards both strategic planning and adaptability.",https://images.launchbox-app.com/9fe5e6a8-fe43-4418-8c27-efab5a213f73.jpg
Metal Gear Solid 2: Substance,2003-11-04,,88,Stealth,"Metal Gear Solid 2: Substance delivers the complete tactical espionage experience with enhanced content beyond the original Sons of Liberty. Play as both Solid Snake and newcomer Raiden across a gripping story of deception, conspiracy, and advanced warfare set on a marine tanker and offshore cleanup facility. Master stealth mechanics including first-person aiming, hanging from ledges, and holding up guards. Substance adds over 500 VR missions, alternative missions featuring Snake, and skateboarding mini-games. Experience groundbreaking AI where enemies coordinate attacks, call for backup, and investigate disturbances realistically. The game pushes boundaries with its meta-narrative that questions reality, identity, and the nature of sequels themselves.",https://images.launchbox-app.com/75e25651-fce3-4f32-b968-1cc5216bce13.jpg
Metal Slug 3,2004-05-25,,76,Shooter,"Join Marco, Tarma, Eri, and Fio in the ultimate run-and-gun adventure as Metal Slug 3 delivers the series' most explosive entry yet. Battle through branching mission paths that offer multiple routes and secret areas, ensuring no two playthroughs are the same. Face off against zombies, giant crabs, alien invaders, and the returning rebel army in beautifully animated 2D environments. Transform into a zombie, gain weight from eating too much food, or pilot incredible vehicles including submarines, helicopters, and the iconic Metal Slug tank. The game's legendary difficulty ramps up with massive boss battles and screen-filling bullet patterns that demand quick reflexes and pattern memorization. Two-player cooperative action lets you team up to tackle the chaos together, combining firepower and strategy to overcome seemingly impossible odds.",https://images.launchbox-app.com/3eb410c2-f622-4cb6-82de-2ecac7fd6cca.jpg
Metal Slug 4,2005-05-10,,65,Shooter,"Join Marco, Fio, and newcomers Trevor and Nadia as they battle a cyber-terrorist organization threatening the world with a stolen virus! Metal Slug 4 delivers the series' signature run-and-gun action with explosive new features. Blast through beautifully animated stages filled with enemy soldiers, massive mechanical bosses, and screen-filling explosions. Master the new dual-machine gun system and metallish combo scoring to rack up huge points. Commandeer classic vehicles like the Metal Slug tank and new additions including the powerful Bradley and menacing Tokhausen mech. Experience branching pathways that add replay value as you uncover hidden routes and rescue POWs. With its fluid animation, intense cooperative gameplay, and arsenal of devastating weapons from heavy machine guns to rocket launchers, Metal Slug 4 continues the franchise's legacy of frantic arcade action and humor.",https://images.launchbox-app.com/8afba63c-9ea0-4922-9402-3322748c2747.jpg
Metal Slug 5,2005-05-10,,63,Shooter,"Metal Slug 5 unleashes the most explosive chapter in SNK's legendary run-and-gun series. Battle through seven intense missions as Marco, Tarma, Eri, or Fio, facing a mysterious militant group stealing secret military data. The signature hand-drawn animation delivers stunning detail as you blast through hordes of enemies with an expanded arsenal including the devastating Dual Machine Gun and Enemy Chaser. Commandeer new Slugs like the agile Slug Gunner mech and spider-like Slug Mobile to dominate land and air combat. Master the new slide maneuver to dodge attacks and reach hidden areas packed with POWs and power-ups. From ancient ruins to futuristic bases, each meticulously crafted stage culminates in epic boss battles against mechanical monstrosities. With branching paths, hidden secrets, and relentless action, Metal Slug 5 perfects the series' blend of humor and hardcore gameplay.",https://images.launchbox-app.com/8ecd2c82-6c51-462d-aace-2f46035df939.jpg
Metal Wolf Chaos,2004-12-22,,,Mech Action,"Take control of the President of the United States in a massive mech suit to reclaim America from a military coup! Metal Wolf Chaos delivers over-the-top action as you pilot your presidential power armor across iconic American locations, from the White House to the Golden Gate Bridge. Unleash devastating firepower with over 100 weapons including machine guns, bazookas, and missile launchers. This FromSoftware cult classic features destructible environments, boss battles against giant mechs, and a gloriously patriotic storyline filled with memorable one-liners. Switch between eight weapon slots on the fly, chain massive combos, and save America one explosion at a time in this uniquely Japanese take on American action cinema.",https://images.launchbox-app.com/98147725-f003-4bcf-99d3-e0837b4f09ae.jpg
Micro Machines,2002-10-18,,61,Racing,"Race miniature vehicles through oversized household environments in this frantic top-down racing game. Navigate tiny cars, boats, and helicopters across kitchen tables, garden paths, and desktop battlefields where everyday objects become challenging obstacles. Master tight corners around cereal boxes, jump ramps made from rulers, and dodge hazards like spilled milk and desktop clutter. Features intense 4-player competitive racing with unique catch-up mechanics that keep races nail-bitingly close. Choose from diverse vehicle types including sports cars, tanks, and hovercrafts, each with distinct handling. The innovative share-controller mode lets two players use one gamepad for instant multiplayer mayhem. With dozens of creative tracks set in familiar locations transformed into racing circuits, precise controls, and chaotic weapon pickups, Micro Machines delivers addictive arcade racing where scale is everything and one mistake can cost you the race.",
Midnight Club II,2003-04-08,,84,Racing,"Take on the world's most notorious street racers in this adrenaline-fueled sequel that revolutionizes illegal racing. Tear through the sprawling streets of Los Angeles, Paris, and Tokyo at breakneck speeds, weaving through traffic and launching off ramps in spectacular aerial stunts. Choose from exotic sports cars and motorcycles, each with unique handling and customization options. The innovative Cruise mode lets you explore massive open cities freely, discovering hidden shortcuts and challenging rivals to spontaneous races. With aggressive AI opponents who learn your tactics, every race becomes an intense battle for supremacy. Experience dynamic weather, destructible environments, and a pumping soundtrack that captures the underground racing scene. Race online against players worldwide or dominate the streets solo in this ultimate midnight racing experience.",https://images.launchbox-app.com/642554d5-c092-4134-b1c3-df5467795f30.jpg
Midnight Club 3: Dub Edition,2005-04-11,,84,Racing,"Race through the neon-lit streets of San Diego, Atlanta, and Detroit in the ultimate street racing showdown. Midnight Club 3: Dub Edition delivers heart-pounding arcade racing with unprecedented customization options. Choose from licensed cars and motorcycles, then transform them with thousands of visual and performance upgrades. Master three distinct racing styles - Agro, Balanced, and Trickster - each offering unique abilities like ramming through traffic or pulling off gravity-defying stunts. Challenge rivals in intense races, cruise the open cities, or compete in specialized tournaments. With its revolutionary ROAR engine delivering blazing speeds, dynamic weather, and a thumping hip-hop soundtrack, this racer pushes urban racing to the extreme.",https://images.launchbox-app.com/6419ce34-5432-4c17-8fe8-7fccfd95f036.jpg
Midnight Club 3: Dub Edition Remix,2006-03-13,,78,Racing,"Race through the streets of San Diego, Atlanta, and Detroit in the ultimate street racing experience. Midnight Club 3: Dub Edition Remix puts you behind the wheel of over 60 licensed vehicles including tuners, muscle cars, choppers, and luxury rides. Customize your ride with an unprecedented array of visual and performance upgrades, from body kits to hydraulics and nitrous systems. Challenge rivals in intense arcade-style races across sprawling open cities with no set paths - create your own route to victory. The Remix edition adds new vehicles, music tracks, and the explosive Tokyo city to explore. With its pioneering ROAR engine delivering 60fps action, deep customization system, and pumping hip-hop soundtrack, this is street racing at its most stylish and intense.",https://images.launchbox-app.com/55d749ee-2a00-40cb-a39b-c4121b1708a0.jpg
Midtown Madness 3,2003-06-17,,76,Racing,"Race through the streets of Paris and Washington D.C. in Midtown Madness 3, the ultimate urban racing experience on Xbox. Choose from over 30 licensed vehicles including sports cars, SUVs, and classic muscle cars, then tear through meticulously recreated city streets filled with shortcuts, jumps, and destructible objects. Master multiple game modes from checkpoint races to capture the flag, or create chaos in free roam mode. Challenge friends in split-screen multiplayer or take the action online via Xbox Live with up to 8 players. Dynamic weather effects and day/night cycles add variety to each race. Smash through outdoor cafes, leap over monuments, and discover hidden routes as you dominate two of the world's most iconic cities in this arcade racing thrill ride.",https://images.launchbox-app.com/fcf15359-4954-4a3a-9572-8ca1082fda7e.jpg
Midway Arcade Treasures,2003-11-18,,83,Compilation,"Dive into gaming history with Midway Arcade Treasures, the ultimate collection of 24 classic arcade games from the golden age. Experience timeless favorites like Spy Hunter's high-speed espionage action, Defender's frantic alien-blasting gameplay, and Robotron 2084's twin-stick shooting mayhem. Race through the streets in Super Sprint, battle mythological creatures in Gauntlet, or master the martial arts in Mortal Kombat. Each game features authentic arcade-perfect emulation, preserving the original graphics, sounds, and gameplay that defined a generation. Unlock exclusive behind-the-scenes content including vintage commercials, developer interviews, and design documents that reveal the stories behind these legendary titles. From Joust's medieval combat to Rampage's city-crushing chaos, every game delivers pure arcade excitement.",https://images.launchbox-app.com/927f5b61-ae18-4536-8e31-26536d46f3e4.jpg
Midway Arcade Treasures 2,2004-10-11,,75,Compilation,"Relive the golden age of arcade gaming with Midway Arcade Treasures 2, featuring over 20 legendary coin-op classics from the '80s and '90s. Battle through the revolutionary Mortal Kombat II and 3, master the brutal combos of Primal Rage, and experience the visceral action of NARC and Total Carnage. Race through championship tracks in Hard Drivin' and Race Drivin', soar through aerial combat in Cyberball 2072, and test your reflexes with Rampage World Tour. This collection preserves arcade history with authentic emulation, original attract modes, and bonus content including developer interviews and concept art. From fighting games to racing simulators, each title delivers the exact arcade experience with customizable controls and display options. Unlock achievements, discover Easter eggs, and compete for high scores across multiple genres in this definitive retro compilation.",https://images.launchbox-app.com/5197d808-3ed9-448a-b168-9ad61e09c533.jpg
Midway Arcade Treasures 3,2005-09-26,,69,Compilation,"Midway Arcade Treasures 3 delivers eight legendary racing games from arcade history in one explosive collection. Burn rubber in Rush 2049's futuristic San Francisco, complete with gravity-defying stunts and hidden shortcuts. Master the original Off Road Thunder and its sequel, conquering dirt tracks in powerful trucks. Experience the visceral thrills of Hydro Thunder's speedboat racing across exotic waterways. Relive S.T.U.N. Runner's high-speed tunnel racing and Race Drivin's pioneering 3D polygonal tracks. San Francisco Rush The Rock brings Alcatraz Island racing, while Badlands offers top-down vehicular combat. Each game features authentic arcade gameplay with enhanced graphics and multiplayer modes. Unlock bonus content including developer interviews and arcade cabinet artwork as you progress through this definitive racing compilation.",https://images.launchbox-app.com/77e33408-f717-4e5f-8d8c-af5f247413c5.jpg
Mike Tyson Heavyweight Boxing,2002-05-28,,63,Sports,"Step into the ring as the baddest man on the planet in Mike Tyson Heavyweight Boxing! Experience bone-crushing power and lightning-fast combinations as you fight your way through a roster of fierce opponents to claim the championship belt. Master Iron Mike's signature peek-a-boo style, devastating uppercuts, and explosive knockouts that made him a legend. Create your own boxer and train them from amateur to heavyweight champion, or play as Tyson himself and relive his greatest fights. Features authentic boxing mechanics, multiple game modes including career and exhibition matches, and intense multiplayer battles. Feel every punch with realistic damage modeling and dynamic knockdowns. The road to glory is brutal - do you have what it takes to become the undisputed champion?",https://images.launchbox-app.com/5b6eae13-46bd-4ded-a72e-aace0952619a.jpg
Minority Report: Everybody Runs,2002-11-18,,63,Action,"Step into the shoes of John Anderton, Chief of Washington D.C.'s elite PreCrime unit, in this intense action thriller based on the Spielberg film. Framed for a future murder you didn't commit, you're now fugitive from the very system you once upheld. Navigate through futuristic cityscapes using revolutionary ragdoll physics that make every fight unpredictable and visceral. Wield an arsenal of non-lethal weapons including the Concussion Rifle and Riot Shotgun to incapacitate enemies without killing them. Master hand-to-hand combat with context-sensitive attacks that adapt to your environment. Solve puzzles, evade spider-bots, and use your PreCog visions to stay one step ahead of your pursuers. Experience a dark conspiracy that goes deeper than the movie as you fight to clear your name and expose the truth behind PreCrime.",https://images.launchbox-app.com/b99699f6-abd9-437a-848c-ec73836e0d30.jpg
Mission: Impossible – Operation Surma,2003-12-02,,62,Stealth Action,"Step into the shoes of IMF agent Ethan Hunt in this stealth-action thriller that brings the impossible missions to life. Master the art of espionage as you infiltrate heavily guarded facilities using cutting-edge gadgets, from micro cameras to electronic lockpicks. Execute precision takedowns with hand-to-hand combat moves or utilize an arsenal of high-tech weapons when stealth fails. Navigate through exotic locations across the globe, from ice-covered military bases to Middle Eastern compounds. Employ disguises to bypass enemies, hack security systems to gain tactical advantages, and rappel down skyscrapers in heart-pounding sequences. Face off against the sinister SURMA corporation bent on global domination. Every mission demands strategy and split-second decisions.",https://images.launchbox-app.com/0521774e-64fa-4fbf-8859-920ab3b77ffb.jpg
MotoGP: Ultimate Racing Technology,,,,Sports,"Experience the ultimate motorcycle racing simulation with MotoGP: Ultimate Racing Technology. Take control of authentic MotoGP bikes and riders from the official 2002 season, mastering every circuit on the championship calendar. Feel the intense physics engine that realistically simulates bike handling, tire wear, and weather conditions affecting grip and performance. Challenge yourself across multiple game modes including Championship, Quick Race, and Time Trial. Fine-tune your machine with detailed setup options adjusting suspension, gearing, and brake balance to gain the competitive edge. Race wheel-to-wheel against aggressive AI opponents or test your skills in multiplayer split-screen battles. Every race demands precision as you navigate racing lines, manage tire temperature, and execute perfect overtakes.",https://images.launchbox-app.com/58837ca8-ddb8-4693-b740-ee8af0ac6bb7.jpg
MLB Slugfest 2003,2002-08-26,,77,Sports,"MLB Slugfest 2003 transforms America's pastime into an over-the-top arcade spectacle where baseball meets brutal combat. Forget traditional rules - punch out baserunners, charge the mound, and ignite players on fire with blazing fastballs. This Midway masterpiece features all 30 MLB teams and real players, but throws realism out the window for pure fun. Turbo meters enable superhuman plays, while spectacular catches and impossible home runs defy physics. Commentary from Tim Kitzrow and Jim Shorts adds hilarious play-by-play to the mayhem. Unlock secret teams, big head modes, and outrageous stadiums. Four-player multiplayer turns every game into a chaotic brawl where winning means combining skillful batting with strategic violence.",https://images.launchbox-app.com/e9fa2cf2-183a-462c-b16f-9f318b30803e.jpg
MLB Slugfest 2004,2003-03-31,,78,Sports,"Step up to the plate in MLB Slugfest 2004, where baseball gets an adrenaline-fueled makeover! This isn't your typical sim - it's arcade baseball cranked to eleven. Unleash turbo-charged pitches, devastating power swings, and bone-crushing collisions that send players flying. Build up your ""On Fire"" meter to become an unstoppable force, throwing unhittable blazing fastballs or launching moon shots out of the stadium. Features all 30 MLB teams and real players with exaggerated abilities. The fighting system lets you charge the mound and duke it out when tensions rise. Create custom players with outrageous stats, compete in Home Run Derby mode, or battle through a full season. With over-the-top commentary and spectacular special effects, every at-bat becomes a highlight reel moment.",https://images.launchbox-app.com/c7772e40-cb44-4028-a90a-8efd11772aa0.jpg
MLB Slugfest 2006,2006-06-06,,68,Sports,"Step up to the plate in MLB Slugfest 2006, where baseball meets over-the-top arcade action! This isn't your typical sim - it's baseball with attitude. Charge the mound, throw wild pitches at batters, and ignite your bat on fire with turbo-powered swings. Pull off insane diving catches, execute bone-crushing slides, and watch players literally catch fire when they're on a hot streak. Features all 30 MLB teams and real players with authentic stadiums. The Create-a-Player mode lets you build your ultimate slugger, while multiplayer delivers intense couch competition. With its aggressive gameplay, spectacular animations, and unique combo system that rewards aggressive base-running and batting, Slugfest 2006 transforms America's pastime into an adrenaline-pumping arcade experience where anything goes!",https://images.launchbox-app.com/4fe04870-7699-4331-8315-ee2aae597bc6.jpg
MLB Slugfest: Loaded,2004-06-21,,75,Sports,"MLB Slugfest: Loaded brings outrageous arcade baseball action to Xbox with over-the-top gameplay that throws realism out the window. Punch, kick, and body-check opponents while rounding the bases in this no-holds-barred sports brawler. Execute spectacular turbo-charged pitches that literally set the ball on fire, and unleash devastating power hits that send fielders flying. Create custom teams and players, then dominate in multiple game modes including the brand-new Home Run Pinball mini-game. With Tim Kitzrow's legendary commentary, unlockable legends, and wild special effects like flaming fastballs and matrix-style slow-motion catches, this isn't your typical baseball sim. Four-player multiplayer battles let you settle scores on and off the diamond in the most chaotic baseball experience ever created.",https://images.launchbox-app.com/ae79a0b9-28cd-4533-b87b-435449aedf62.jpg
Mojo!,2003-08-26,,55,Puzzle,"Roll your marble through 100 challenging puzzle levels in this addictive physics-based brain teaser. Navigate treacherous mazes filled with colored blocks, deadly traps, and mind-bending obstacles that test your precision and problem-solving skills. Master the marble's momentum and physics to break all colored blocks while avoiding hazards like spikes, moving platforms, and bottomless pits. Race against the clock to earn time bonuses and unlock new challenges across increasingly complex stages. The robust stage editor lets you design and share custom levels, extending gameplay indefinitely. Compete with friends in multiplayer modes that add competitive twists to marble mayhem. While sharing DNA with Super Monkey Ball and Marble Madness, Mojo! distinguishes itself with deeper puzzle elements, strategic block-breaking mechanics, and a vast array of creative obstacles that keep each level fresh and engaging.",https://images.launchbox-app.com/cd5ec81b-897f-40d8-a9ea-8056bfede6dd.jpg
Monopoly Party,2002-10-28,,69,Board Game,"Monopoly Party brings the classic board game to life with exciting multiplayer mayhem for up to four players. Race around themed game boards collecting properties, building monopolies, and driving opponents to bankruptcy in this fast-paced digital adaptation. The game features simultaneous play where all players move at once, eliminating downtime and keeping everyone engaged. Choose from multiple themed boards beyond the classic Atlantic City, each with unique visual styles and property sets. Mini-games add variety between turns, letting players compete for extra cash and advantages. Customizable house rules let you tweak gameplay to your preferences, from free parking jackpots to speed die options. With colorful 3D animations, lively sound effects, and Mr. Monopoly himself as your guide, this party edition transforms the traditional real estate empire building into a dynamic social experience perfect for game night.",https://images.launchbox-app.com/76ee5e55-da2e-45f7-8aca-6286040ba9ce.jpg
Monster 4x4: World Circuit,2006-03-23,,58,Racing,"Take control of massive monster trucks and conquer challenging off-road circuits around the globe in Monster 4x4: World Circuit. Race through diverse environments from dusty deserts to muddy swamps, each demanding different driving strategies. Master realistic physics as your truck bounces, tilts, and crushes obstacles beneath oversized tires. Choose from multiple licensed monster trucks, each with unique handling characteristics and customizable parts. Tackle championship mode across international venues, compete in time trials, or challenge friends in split-screen multiplayer battles. Execute spectacular jumps, navigate treacherous terrain, and perform crowd-pleasing stunts while maintaining speed. With arcade-style accessibility and simulation depth, this racer delivers authentic monster truck thrills.",https://images.launchbox-app.com/d2599b63-a4c3-4495-97ff-4fd7af4d04dd.jpg
Monster Garage,2004-11-02,,47,Racing,"Transform everyday vehicles into outrageous monster machines in this high-octane customization game based on the hit Discovery Channel series! Work alongside Jesse James and his crew to create insane automotive hybrids that defy convention. Take ordinary cars, trucks, and bikes, then rebuild them into wild creations like a PT Cruiser wood chipper or a VW Beetle swamp buggy. Each build challenges you with timed missions where you must select the right parts, manage your budget, and complete modifications before the deadline. Test your creations in action-packed challenges that push your monsters to their limits. With dozens of vehicles to transform, hundreds of parts to choose from, and multiple garage locations, Monster Garage delivers the ultimate automotive fantasy where creativity meets horsepower.",https://images.launchbox-app.com/d42db232-64af-4d47-8656-466fb8a78002.jpg
Mortal Kombat: Armageddon,2006-10-09,,73,Fighting,"Mortal Kombat: Armageddon delivers the ultimate fighting experience with the largest roster in MK history - over 60 kombatants including every warrior from the franchise's past. Create your own fighter with the revolutionary Kreate-A-Fighter mode, customizing appearance, fighting style, and special moves. Battle through the all-new Konquest adventure mode featuring Taven's epic journey to prevent Armageddon. Master the deadly Kreate-A-Fatality system that lets you chain together brutal finishing moves on the fly. Race through kombat in the returning Motor Kombat mini-game. With enhanced aerial combat, interactive environments, and devastating super moves, this marks the explosive culmination of the Mortal Kombat saga on sixth-generation consoles.",https://images.launchbox-app.com/4158167f-985d-451e-b9dd-43ff8eb27fce.jpg
Mortal Kombat: Deadly Alliance,2002-11-16,,81,Fighting,"Mortal Kombat: Deadly Alliance revolutionizes the legendary fighting franchise with a deadly new 3D combat system. Choose from over 20 warriors, each mastering multiple martial arts styles you can switch between mid-fight for devastating combos. The sinister alliance of Shang Tsung and Quan Chi threatens all realms as they resurrect the Dragon King's undefeatable army. Master each fighter's unique weapons, from Sub-Zero's Kori Blade to Scorpion's Mugai Ryu, unlocking brutal new Fatalities that push the boundaries of kombat. Test your skills in Konquest mode's extensive training or dive into the mysterious Krypt to unlock hidden characters, costumes, and concept art. This dark chapter delivers the deepest, most strategic Mortal Kombat experience yet.",https://images.launchbox-app.com/1423b12c-c9fa-429e-836c-43ffdcd2d0d7.jpg
Mortal Kombat: Deception,2004-10-04,,77,Fighting,"Mortal Kombat: Deception unleashes brutal kombat with groundbreaking features that redefine the fighting genre. Master deadly combos across 26 playable warriors, each wielding unique fatalities and hara-kiris. Navigate interactive multi-tiered arenas where death traps add strategic depth to every match. Experience the expansive Konquest mode, an action-RPG adventure spanning six realms where you train as Shujinko and unlock secrets. Test skills in Chess Kombat, a deadly board game fusion, or race through Puzzle Kombat's addictive gem-matching battles. Create custom fighters, master new fighting styles, and discover weapon-based combat systems. With online multiplayer, stage fatalities, and the series' darkest storyline yet, Deception delivers the most complete Mortal Kombat experience ever created.",https://images.launchbox-app.com/r2_9707c552-7497-4097-a4b7-2974c1281d72.jpg
Mortal Kombat: Shaolin Monks,2005-09-16,,79,Beat-em-up,"Journey through Mortal Kombat's untold saga as Liu Kang and Kung Lao in this explosive action-adventure brawler. Battle through hordes of enemies using devastating combos, environmental kills, and signature fatalities in fully 3D environments. Master each warrior's unique fighting style - Liu Kang's fierce fire attacks or Kung Lao's deadly razor-hat techniques. Explore iconic realms from the Living Forest to Goro's Lair, solving puzzles and uncovering secrets. Team up with a friend in seamless co-op mode to unleash brutal tag-team fatalities and combination attacks. Experience the events following the first tournament through a dark, visceral campaign filled with boss battles against series villains. Unlock classic characters, alternate costumes, and bonus content as you progress.",https://images.launchbox-app.com/0346404e-4675-457c-a937-e07886247bbe.jpg
Motocross Mania 3,2005-04-27,,59,Racing,"Rev your engines for the ultimate dirt bike experience in Motocross Mania 3! Master over 40 challenging tracks across diverse environments from dusty deserts to muddy forests. Pull off insane stunts with the enhanced trick system featuring backflips, superman grabs, and heart-stopping combinations that rack up massive points. Choose from multiple game modes including Championship, Freestyle, and intense head-to-head races. Customize your rider and bike with unlockable gear and upgrades to dominate the competition. The refined physics engine delivers realistic bike handling while maintaining arcade-style fun. Weather effects and track deformation add strategic depth as conditions change mid-race. Whether you're hitting huge jumps or battling for position in tight corners, every race delivers pure adrenaline-pumping action!",https://images.launchbox-app.com/08ea1a42-5369-4a47-bf70-a8a3ca061590.jpg
MotoGP: Ultimate Racing Technology 2,2003-05-16,,82,Racing,"Experience the ultimate motorcycle racing simulation with MotoGP: Ultimate Racing Technology 2. Master authentic MotoGP bikes from the 2002 season across 16 official circuits, feeling every bump and curve through advanced physics modeling. Push your skills to the limit with realistic bike handling that demands precise throttle control, proper racing lines, and strategic braking. Challenge legendary riders like Valentino Rossi in Career mode, climbing from rookie to champion. Fine-tune your machine with extensive customization options affecting performance and handling. Weather conditions and tire wear add strategic depth to every race. Features split-screen multiplayer for intense local competition and time trials to perfect your racing lines.",https://images.launchbox-app.com/b7c466a7-f830-4d81-9093-54a9c9101de8.jpg
MotoGP: Ultimate Racing Technology 3,2005-08-30,,72,Racing,"Experience the ultimate motorcycle racing simulation with MotoGP: Ultimate Racing Technology 3. Master the art of two-wheeled racing across authentic circuits featuring the complete 2005 MotoGP season roster. Feel every bump and curve through advanced physics that demand precise throttle control, strategic braking, and perfect racing lines. Choose from MotoGP, 250cc, and 125cc classes, each offering distinct handling characteristics. The revolutionary Extreme Mode transforms races into adrenaline-fueled arcade battles with boost pads and spectacular stunts. Career mode challenges you to rise from rookie to champion, managing bike development and team relationships. Weather conditions and tire wear add strategic depth to every race.",https://images.launchbox-app.com/2f67d0b5-c8ff-4fb6-98fa-a0091ded1d5e.jpg
MTV Music Generator 3,2004-06-22,,68,Music,"MTV Music Generator 3: This Is the Remix brings professional music creation to your Xbox. Create original tracks across multiple genres including hip-hop, R&B, rock, and electronica using an extensive library of over 3000 samples, loops, and sound effects. The intuitive interface lets you layer beats, basslines, melodies, and vocals with precision timing. Record your own vocals or instrumental performances using Xbox Live headset or USB devices. Share your musical creations online and collaborate with other producers worldwide. Features music videos you can customize with visual effects synchronized to your beats. Whether you're an aspiring producer or just love making music, this powerful studio puts professional-grade tools at your fingertips. Mix, remix, and master your way to musical greatness.",https://images.launchbox-app.com/d4eda972-e17e-4fbe-9568-7e68c07925d1.jpg
MTX Mototrax,2004-03-02,,78,Racing,"MTX Mototrax revolutionizes motocross gaming with its groundbreaking physics engine and authentic freestyle tricks. Race through massive outdoor environments and indoor supercross arenas, pulling off insane stunts with the innovative dual-analog control system. Master over 100 real tricks from motocross legends like Travis Pastrana and Nate Adams. Create custom tracks with the robust track editor, then challenge friends in split-screen multiplayer mayhem. Career mode lets you rise from amateur to pro, upgrading your bike and gear along the way. With licensed bikes from Honda, Yamaha, and Kawasaki, plus realistic rider animations and ragdoll physics, every race feels intense and unpredictable. The game's signature feature is its fluid trick system that rewards creativity and style over simple button mashing.",https://images.launchbox-app.com/0241eb28-ebe4-4013-9dd8-92bd6777ef70.jpg
Murakumo: Renegade Mech Pursuit,2002-03-06,,65,Mech Action,"Pilot advanced mechs through futuristic cityscapes in this high-octane combat racer from FromSoftware. Murakumo blends lightning-fast mech combat with arcade racing as you pursue rogue AIs through sprawling urban environments. Choose from multiple customizable mechs, each with unique weapons and abilities. Dash through destructible environments, leap between buildings, and engage in intense firefights while maintaining breakneck speeds. The innovative lock-on system lets you target enemies while navigating complex 3D spaces at full throttle. Master the art of simultaneous combat and navigation as you chain together combos, dodge incoming fire, and race against time. With branching mission paths, unlockable mechs, and a pumping electronic soundtrack, Murakumo delivers a unique fusion of mech action and racing thrills that pushes your reflexes to the limit.",https://images.launchbox-app.com/8b6c4b03-593e-49f3-827c-7089193fcfd3.jpg
MVP 06: NCAA Baseball,2006-01-17,,77,Sports,"Step up to the plate in MVP 06: NCAA Baseball, where college diamond dreams come alive! Experience the intensity of NCAA baseball with over 100 authentic Division I teams, complete with official stadiums, fight songs, and mascots. Master the innovative Load and Fire batting system that puts you in total control of your swing timing and power. Build your own baseball legend in Career Mode, starting as a freshman and working your way to the College World Series in Omaha. The deep recruiting system lets you scout and sign top high school talent to build a dynasty program. With realistic pitching mechanics, dynamic weather effects, and ESPN-style presentation, every game feels like a televised championship matchup. Whether you're turning double plays or launching grand slams, MVP 06 delivers the ultimate college baseball experience.",https://images.launchbox-app.com/82ca2596-566c-46bd-93de-ff28f348761b.jpg
MVP Baseball 2003,2003-03-10,,85,Sports,"Step up to the plate in MVP Baseball 2003, EA Sports' acclaimed baseball simulation that delivers the most authentic diamond experience. Choose from all 30 MLB teams and over 1,500 real players, each with accurate stats and signature moves. The innovative Pitcher/Batter Interface puts you in complete control, letting you paint corners with precision pitching or crush mistake pitches into the bleachers. Build dynasties in Franchise Mode spanning multiple seasons, or create your own superstar in the new Player Mode. With fluid animations, realistic ball physics, and dynamic commentary from Duane Kuiper and Mike Krukow, every at-bat feels like the real thing. Whether you're turning double plays, robbing home runs, or managing your bullpen in crucial situations, MVP Baseball 2003 captures the strategy and excitement of America's pastime.",https://images.launchbox-app.com/663d1464-a1bc-4dc9-8cd3-ae619454a578.jpg
MVP Baseball 2004,2004-03-09,,86,Sports,"Step up to the plate in MVP Baseball 2004, where authentic Major League Baseball action meets arcade accessibility. Experience the thrill of America's pastime with all 30 MLB teams, complete rosters, and realistic stadiums faithfully recreated. The innovative Pitcher/Batter Interface puts you in control of every pitch and swing, while the Pure Swing System delivers precise batting control. Build dynasties in deep Franchise mode, develop prospects in Owner mode, or jump into quick Exhibition games. Features smooth animations, dynamic commentary from Duane Kuiper and Mike Krukow, and EA Sports' signature presentation. Whether you're turning double plays, stealing bases, or hitting grand slams, MVP Baseball 2004 captures the strategy and excitement of professional baseball with intuitive controls that welcome rookies while rewarding veterans.",https://images.launchbox-app.com/da824a6a-365f-4e80-b634-51354c76260c.jpg
MVP Baseball 2005,2005-02-22,,87,Sports,"Step up to the plate in MVP Baseball 2005, where precision pitching meets strategic batting in the ultimate MLB experience. Take control of all 30 Major League teams with authentic rosters and stadiums from the 2005 season. Master the innovative Hitter's Eye system that reveals pitch types and locations, giving you the edge at bat. Build dynasties in Owner Mode, managing everything from concession prices to player contracts over multiple seasons. The Pure Swing system delivers unprecedented batting control, letting you pull, push, or drive the ball with realistic physics. Create custom players, design unique ballparks, and compete online against rivals worldwide. With broadcast-quality presentation featuring Duane Kuiper and Mike Krukow's commentary, every game feels like a primetime showdown.",https://images.launchbox-app.com/6cf91b22-784e-418e-8f6b-0ff8d94cee11.jpg
MX 2002 featuring Ricky Carmichael,2001-11-15,,71,Racing,"MX 2002 featuring Ricky Carmichael brings the intensity of professional motocross racing to your console with the sport's biggest star leading the charge. Race as or against Ricky Carmichael himself across authentic outdoor nationals and supercross tracks. Master realistic bike physics that demand precise throttle control and body positioning through rhythm sections, whoops, and massive jumps. Create custom tracks with the robust track editor, then share them with friends. Career mode lets you rise through amateur ranks to pro status, upgrading your bike and gear along the way. Freestyle mode showcases spectacular tricks and combos for maximum points. With responsive controls, dynamic weather effects, and aggressive AI racers, every race delivers heart-pounding motocross action.",https://images.launchbox-app.com/99c0a6f0-263a-417a-a5e4-a9ff3f21c322.jpg
MX Superfly,2002-11-11,,81,Racing,"MX Superfly takes motocross gaming to new heights with its unique focus on freestyle tricks and aerial stunts. Race through diverse environments from urban rooftops to mountain peaks, pulling off insane combos with an intuitive trick system that rewards creativity and style. The game features over 20 customizable bikes and riders, each with distinct handling characteristics. Career mode lets you build your reputation through increasingly challenging events, while multiplayer competitions bring intense trick battles and racing action. Dynamic weather and time-of-day changes add variety to each session. The innovative ""Superfly"" meter enables gravity-defying special moves when maxed out, letting you chain together impossible stunts. With its blend of racing speed and freestyle expression, MX Superfly delivers an adrenaline-pumping experience that pushes the boundaries of motocross gaming.",https://images.launchbox-app.com/8dcd2b7d-9c2b-483b-92a2-05a66250fb7b.jpg
MX Unleashed,2004-02-17,,82,Racing,"MX Unleashed brings the thrill of freestyle motocross racing to life with massive open environments and gravity-defying stunts. Race through diverse tracks spanning supercross stadiums, outdoor nationals, and freestyle arenas, pulling off insane tricks to build your boost meter. The game features an innovative clutch system for precise bike control, allowing you to pre-load jumps and nail perfect landings. Customize your rider and bike with authentic gear from top MX brands, then compete in career mode to unlock new machines and venues. With rhythm sections that reward perfect timing, natural terrain racing across hills and valleys, and freestyle events where you chain combos for huge scores, MX Unleashed delivers the ultimate motocross experience. Master the physics-based handling as you battle aggressive AI riders across 40+ tracks.",https://images.launchbox-app.com/ba3d6332-a99d-4158-815c-27152b2860ef.jpg
MX vs. ATV Unleashed,2005-06-28,,82,Racing,"Experience the ultimate off-road racing showdown where motocross bikes clash with ATVs across massive free-roaming environments. Race through diverse terrains from supercross stadiums to outdoor nationals, launching off towering jumps and pulling spectacular tricks with the innovative freestyle system. Choose from an extensive roster of licensed MX bikes and ATVs from top manufacturers, each with unique handling characteristics. The revolutionary Rhythm Racing captures authentic motocross flow as you master momentum through berms and whoops. Create custom tracks, compete in multiple disciplines including freestyle competitions, and explore open world environments finding hidden challenges. With intense multiplayer battles and endless customization options, this delivers pure adrenaline-fueled action.",https://images.launchbox-app.com/351a2a53-eac8-4c55-a04e-4b4b4f14b3b3.jpg
MX World Tour Featuring Jamie Little,2005-04-07,,54,Racing,Experience the ultimate motocross championship as you race across diverse global locations in MX World Tour Featuring Jamie Little. Master realistic physics-based gameplay while pulling off spectacular tricks and stunts to earn boost and dominate the competition. Choose from licensed bikes and customize your rider as you progress through an extensive career mode guided by renowned motorsports broadcaster Jamie Little. Battle through challenging weather conditions and dynamic track surfaces that affect your bike's handling. Compete in multiple game modes including freestyle events where style matters as much as speed. Perfect your timing on jumps and landings to chain together combos that wow the crowd and intimidate rivals on your path to becoming world champion.,https://images.launchbox-app.com/ad819792-4e55-4b96-9c90-503a55002447.jpg
Myst III: Exile,2002-09-24,,75,Adventure,"Continue your journey through the Ages in this captivating puzzle adventure. As the Stranger, you must pursue a vengeful man named Saavedro who has stolen Atrus's newest Age meant for teaching his sons. Navigate through five stunning worlds - J'nanin, Voltaic, Edanna, Amateria, and Narayan - each filled with intricate mechanical puzzles and breathtaking environments. Piece together Saavedro's tragic past while solving complex challenges that test your observation and logic skills. The game features full 360-degree exploration, allowing you to freely examine every detail of these beautifully crafted realms. With Brad Dourif's compelling performance as Saavedro and an atmospheric soundtrack, immerse yourself in a tale of exile and redemption where every puzzle solved reveals another layer of the mystery.",https://images.launchbox-app.com/22e7d5d8-16e6-4109-ae30-6a0d49a720db.jpg
Myst IV: Revelation,2005-03-29,,78,Adventure,"Journey into surreal worlds where every choice shapes destiny in this stunning fourth chapter of the legendary puzzle adventure series. As the Stranger, you must unravel the dark mystery behind Atrus's daughter Yeesha's disappearance while navigating breathtaking realms filled with intricate mechanical puzzles and ancient secrets. Explore the prison worlds of Spire and Haven, each containing one of Atrus's treacherous sons, as you piece together clues through journals, holographic recordings, and environmental storytelling. Revolutionary real-time 3D graphics bring photorealistic environments to life while Peter Gabriel's haunting soundtrack creates an unforgettable atmosphere. Master complex puzzles that blend logic, observation, and intuition as you manipulate mysterious devices and decode cryptic symbols. Your decisions determine multiple endings in this contemplative adventure where patience and perception unlock the truth.",https://images.launchbox-app.com/3ba3eb9c-7a06-4e52-a0ba-6934cab61bcd.jpg
NBA 2K7,,,,Sports,"NBA 2K7 delivers the most authentic basketball simulation with revolutionary gameplay mechanics and stunning visual presentation. Experience the thrill of the NBA with enhanced shooting controls, realistic player movements, and intelligent AI that adapts to your playing style. The innovative 24/7 mode returns, letting you create and develop your own baller through street courts and pro leagues. Challenge legends in the Association mode, build dynasties, or compete online against players worldwide. Featuring comprehensive roster updates, signature player animations, and dynamic commentary from the booth, every game feels like a broadcast event. With precise analog stick controls for dribbling and shooting, you'll pull off ankle-breaking crossovers and clutch shots just like the pros. From the squeaking sneakers to the roaring crowds, NBA 2K7 captures every detail of professional basketball.",https://images.launchbox-app.com/f89279bc-27d0-42a5-ac0e-386a5a70fbba.jpg
N.U.D.E.@ Natural Ultimate Digital Experiment,2003-04-24,,,Simulation,"Experience groundbreaking voice-controlled life simulation in this Japan-exclusive Xbox title where you educate and interact with P.A.S.S., a female humanoid robot assistant. Using the Xbox Communicator headset, teach your android companion language, tasks, and behaviors through natural voice commands in this innovative AI experiment. Watch your robot evolve from minimal functionality to a sophisticated personal assistant as you guide her development through daily interactions. The game utilizes the Xbox's internal clock for real-time progression, making your robot's growth feel authentic as days and weeks pass. Similar to Seaman's concept but with deeper interaction mechanics, you'll develop a unique relationship with your digital companion through conversation and training. This ambitious simulation pushes the boundaries of voice recognition technology, creating an intimate virtual life experience that was ahead of its time in exploring human-AI relationships.",https://images.launchbox-app.com/0fe38667-6578-434c-a56f-ba2219c63230.png
Namco Museum,2002-10-08,,66,Compilation,"Namco Museum brings arcade history to your Xbox with a treasure trove of classic games that defined the golden age of gaming. Experience timeless titles like Pac-Man, Galaga, Dig Dug, and Pole Position in their original arcade glory. Each game features authentic graphics and sounds that transport you back to the 1980s arcade scene. Master Ms. Pac-Man's maze-running strategy, blast alien invaders in Galaxian, or test your reflexes in Rally-X. The collection includes both well-known hits and hidden gems from Namco's legendary catalog. Unlock artwork galleries, browse historical information, and discover the stories behind these influential games. With customizable display options including classic CRT filters and multiple aspect ratios, you can play these masterpieces exactly as you remember them or with modern enhancements.",https://images.launchbox-app.com/02276a0b-d5c7-4803-b05f-2845b6b2ee2d.jpg
Namco Museum 50th Anniversary,2005-08-30,,61,Compilation,"Celebrate five decades of arcade excellence with Namco Museum 50th Anniversary, a treasure trove of gaming history featuring 14 legendary titles that defined generations. Experience the dot-chomping frenzy of Pac-Man and Ms. Pac-Man, blast through alien armadas in Galaga and Galaxian, and race against time in Rally-X. Master the underground adventures of Dig Dug, navigate mazes in Dragon Spirit, and test your reflexes with Pole Position's high-speed racing. This collection preserves the authentic arcade experience with pixel-perfect emulation, original sounds, and responsive controls. Unlock bonus content including vintage artwork and behind-the-scenes materials as you play. Whether you're reliving childhood memories or discovering these classics for the first time, each game delivers pure, addictive gameplay that made Namco an arcade legend.",https://images.launchbox-app.com/7e9fe6a4-a2e4-4ec4-8def-2ad8524b0284.jpg
Narc,2005-03-21,,60,Shooter,"Dive into the gritty underworld of Narc, where you play as Max Force or Hit Man, two narcotics officers waging war against the drug trade. This intense arcade shooter pulls no punches with its controversial depiction of street-level crime and violence. Armed with machine guns and rocket launchers, blast through waves of dealers, junkies, and kingpins across seedy urban environments. Arrest criminals for bonus points or take the lethal approach - the choice is yours. Collect confiscated drugs and money as evidence while dodging syringes, attack dogs, and dumpster-dwelling enemies. The game's graphic violence and anti-drug message made it notorious upon release. Experience raw, unfiltered action as you fight to clean up the streets and take down the mysterious Mr. Big. With its unique arrest mechanic and unapologetically dark tone, Narc delivers a brutal, memorable shooter experience that pushed boundaries and sparked debates about violence in gaming.",https://images.launchbox-app.com/0c3eb0fa-3a45-4ca0-bb8d-84eda02e1ae3.jpg
NASCAR 06: Total Team Control,2005-08-30,,77,Racing,"Take complete control of your NASCAR racing destiny in this revolutionary racing experience that puts you in command of an entire team. Master the innovative Team Control system to switch between teammates mid-race, coordinating strategic moves to block rivals and create drafting opportunities. Experience the intensity of NASCAR with authentic tracks, official drivers, and realistic damage modeling that affects your car's performance. Build your reputation through Career Mode, earning contracts with top teams as you prove your skills. Share the Driver mode lets you tag-team with friends, while Voice Recognition technology allows real-time crew communication. From Daytona to Talladega, feel the thunder of 43-car fields battling at 200mph. With dynamic AI that adapts to your style and comprehensive customization options, NASCAR 06 delivers the most strategic and authentic stock car racing experience ever created.",https://images.launchbox-app.com/8b7d12ea-d3cc-4ea7-b8b9-3d6d3149cdf6.jpg
NASCAR 07,2006-09-06,,76,Racing,"Experience the intensity of NASCAR racing with NASCAR 07, where strategy meets speed on America's most legendary tracks. Master the art of drafting and bump-drafting as you compete in the full Nextel Cup and Busch Series seasons. The innovative Total Team Control feature lets you build and manage your own racing dynasty, hiring crew chiefs and teammates while developing your car's performance. Feel every bump and scrape with enhanced physics that make paint-trading more realistic than ever. Challenge mode tests your skills with specific racing scenarios, while online multiplayer delivers wheel-to-wheel action against rivals worldwide. From Daytona's high banks to Bristol's tight corners, earn respect through aggressive driving or clean racing in your quest for the championship. The dynamic AI adapts to your style, creating unique rivalries that last all season long.",https://images.launchbox-app.com/a765a8f8-4965-4691-b86c-c212b9f4155e.jpg
NASCAR 2005: Chase for the Cup,2004-08-31,,78,Racing,"Experience the thrill of NASCAR's most intense season in NASCAR 2005: Chase for the Cup. Battle through the grueling 36-race schedule before entering the championship-deciding Chase for the Cup, where only the top 10 drivers compete for ultimate glory. Master authentic driving physics as you race wheel-to-wheel at 200mph across meticulously recreated tracks including Daytona, Talladega, and Bristol. Build rivalries through aggressive racing that carries across seasons, affecting how AI drivers race against you. Create your own legacy in Career Mode, starting in the Craftsman Truck Series and climbing to NASCAR's elite. Fine-tune setups, manage tire wear, and draft strategically to gain crucial positions in spectacular 43-car fields.",https://images.launchbox-app.com/6635fdc4-a027-4ecd-bf28-080812eb7470.jpg
NASCAR Heat 2002,2001-11-15,,70,Racing,"Experience the thunder of NASCAR racing in NASCAR Heat 2002, where every race puts you behind the wheel of authentic stock cars on legendary tracks. Master the art of drafting and slingshot passes as you compete against 43 aggressive AI drivers, each with unique racing styles and personalities. The game features all official NASCAR Winston Cup drivers, teams, and tracks from the 2002 season, including Daytona, Talladega, and Bristol Motor Speedway. Feel the intensity through advanced damage modeling that affects your car's handling and performance. Challenge yourself in multiple game modes including Season, Championship, and Beat the Heat challenges that test specific racing skills. Strategic pit stops for fuel and tires become crucial in longer races, while realistic physics demand precise control through high-speed turns. Build your reputation from rookie to champion as you battle for position in heart-pounding pack racing.",https://images.launchbox-app.com/2eaa16f3-d1a4-470a-b068-8a5fbbc4703a.jpg
NASCAR Thunder 2002,2001-11-15,,75,Racing,"Race wheel-to-wheel in NASCAR Thunder 2002, where split-second decisions separate champions from the pack. Master the art of drafting, bump drafting, and strategic pit stops across 23 authentic NASCAR tracks including Daytona, Talladega, and Bristol. Feel the intensity as you battle 43 drivers in full season mode, or jump into quick races and multiplayer showdowns. The revolutionary AI creates realistic pack racing with drivers who remember your moves and retaliate accordingly. Fine-tune your setup with detailed car adjustments, manage tire wear through grueling 500-mile races, and fight for position in the closest racing simulation of its era. Experience authentic NASCAR atmosphere with full damage modeling, realistic physics, and commentary that responds to your racing style. Every race demands perfection as you chase the championship.",https://images.launchbox-app.com/e7b1969e-e3c3-42b7-bf64-ad781ed615cb.jpg
NASCAR Thunder 2003,2002-09-16,,84,Racing,"NASCAR Thunder 2003 delivers the ultimate stock car racing experience with an intense 20-year career mode where you battle from rookie to legend. Feel the thrill of 23 authentic NASCAR tracks as you trade paint with 43 licensed drivers in their real-world cars. Master the revolutionary Lightning Challenge mode featuring 36 scenario-based races pulled from actual NASCAR moments. Experience realistic damage modeling that affects performance, dynamic weather conditions, and authentic pit stop strategy. Build rivalries through aggressive driving that carries across seasons, while managing sponsor relationships and team dynamics. The enhanced physics engine captures the raw power of 750-horsepower machines drafting at 200mph. From Daytona to Talladega, every race demands split-second decisions as you fight for position in the most authentic NASCAR simulation of its era.",https://images.launchbox-app.com/6b7a923f-2ed0-41c4-aa09-894835fbbb3d.jpg
NASCAR Thunder 2004,2003-09-16,,84,Racing,"Take the wheel in EA Sports' most intense NASCAR racing experience yet. NASCAR Thunder 2004 delivers authentic stock car action with all 23 official tracks and a full roster of real drivers and teams from the 2003 season. Master the revolutionary new drafting system that lets you slingshot past rivals or work with teammates to dominate the pack. Career mode spans 20 seasons as you build your reputation from rookie to legend, managing rivalries that affect on-track behavior. Experience the thrill of 200mph battles where every bump and scrape matters through realistic damage modeling. Fight for position in 43-car fields with aggressive AI that races hard but fair. Create custom setups, develop alliances, and feel the intensity of restrictor plate racing at Daytona and Talladega.",https://images.launchbox-app.com/cd395db1-cfd5-4254-a1e8-0016736e0f08.jpg
NBA 2K2,2002-02-27,,87,Sports,"NBA 2K2 revolutionizes basketball gaming with ultra-realistic gameplay and stunning visual presentation. Experience the complete NBA atmosphere with authentic player movements, signature shots, and defensive strategies that mirror real basketball. The innovative low-post game lets you execute drop steps, hooks, and up-and-unders with precision timing. Create your own franchise dynasty, guide rookies to stardom, or jump into street basketball mode for playground action. Commentary from legendary broadcasters adds courtside authenticity while detailed player models showcase individual playing styles. Master the new defensive stance system to shut down opponents and utilize momentum-based controls for explosive dunks and acrobatic layups. With full rosters, realistic arenas, and smooth gameplay that captures the flow of professional basketball, NBA 2K2 delivers the definitive hoops experience.",https://images.launchbox-app.com/65380253-8e92-4d94-9bbf-e8c71284497f.jpg
NBA 2K3,2002-10-07,,89,Sports,"NBA 2K3 delivers authentic basketball action with groundbreaking gameplay mechanics and stunning visual presentation. Experience the complete NBA atmosphere featuring all 29 teams, legendary players, and realistic arenas. The revolutionary Isomotion control system puts unprecedented ball-handling moves at your fingertips, allowing crossovers, spins, and hesitation dribbles with analog stick precision. Street mode brings playground basketball to life with unique courts and freestyle rules. Create your own player and guide them through a career from rookie to superstar. Advanced AI ensures every game feels different as players adapt to your strategies. Commentary from Kevin Harlan and Tom Tolbert adds broadcast-quality excitement. With deep franchise mode, online multiplayer support, and countless customization options, NBA 2K3 sets the standard for basketball simulation.",https://images.launchbox-app.com/ba10470c-94bf-4ff7-bd22-32706e6cd101.jpg
NBA 2K6,2005-09-26,,82,Sports,"NBA 2K6 brings the complete basketball experience to your Xbox with stunning visuals and refined gameplay that captures the intensity of professional basketball. Execute precision passes, devastating crossovers, and thunderous dunks with the innovative Shot Stick control system that gives you unprecedented command over every offensive move. The groundbreaking 24/7 mode returns, letting you create a baller and take them from street courts to NBA stardom through challenging tournaments and pickup games. Experience the emotion with enhanced player animations and realistic crowd reactions that respond to momentum shifts. Features deep Association mode for full franchise control, online multiplayer battles, and the V.I.P. System that tracks your tendencies to create custom AI profiles. With commentary from Kevin Harlan and Kenny Smith plus authentic NBA presentation, this delivers the most immersive basketball simulation of its generation.",https://images.launchbox-app.com/582f9461-24e4-49ef-a469-3e8c0874777c.jpg
NBA Ballers,2004-04-05,,77,Sports,"NBA Ballers brings streetball culture to life with intense one-on-one basketball showdowns featuring NBA superstars and legends. Create your own baller and rise through the ranks in rags-to-riches mode, earning cash to trick out your crib with luxury cars, jewelry, and exclusive gear. The game's unique presentation showcases matches in lavish backyard courts complete with DJs, crowds, and authentic street atmosphere. Pull off spectacular moves with the innovative trick stick system, from ankle-breaking crossovers to gravity-defying dunks. Face off against NBA greats like Allen Iverson, Stephon Marbury, and legends like Magic Johnson and Wilt Chamberlain. Each player features signature moves and authentic playing styles. The deep customization system lets you craft your perfect baller's appearance, skills, and attitude while the Phenom mode challenges you to become a streetball legend.",https://images.launchbox-app.com/5242a910-24e4-469d-835e-b37cda51ea7a.jpg
NBA Ballers: Phenom,2006-03-29,,64,Sports,"NBA Ballers: Phenom takes streetball to the next level with its unique rags-to-riches story mode where you create a custom baller and rise from playing on local courts to competing against NBA legends. The game features intense 1-on-1 and 2-on-2 basketball battles with an emphasis on flashy moves, tricks, and over-the-top dunks that define street basketball culture. Build your player's skills through various challenges, unlock signature moves from real NBA stars, and customize everything from your appearance to your home court. The innovative ""Act a Fool"" meter lets you pull off spectacular combos and embarrass opponents with style. With its blend of arcade action, RPG progression elements, and authentic hip-hop atmosphere, Phenom delivers a basketball experience that's all about personal glory and street credibility.",https://images.launchbox-app.com/f72b52b9-fdb1-44e3-b7cd-4dec2a7e86d5.jpg
NBA Inside Drive 2002,2001-11-15,,77,Sports,"NBA Inside Drive 2002 delivers authentic NBA basketball action with all 29 teams and over 300 real players from the 2001-02 season. Experience smooth gameplay powered by Xbox's advanced graphics engine, featuring realistic player models and fluid animations that capture signature moves and playing styles. The game boasts comprehensive modes including Season, Playoffs, and Practice, plus a deep Franchise mode where you manage rosters, trades, and draft picks across multiple seasons. Revolutionary analog stick controls provide precise ball handling and shooting mechanics. Dynamic commentary and arena-specific crowds create an immersive atmosphere. With adjustable difficulty settings, detailed statistics tracking, and multiplayer support for up to 4 players, NBA Inside Drive 2002 offers both arcade accessibility and simulation depth for basketball fans.",https://images.launchbox-app.com/19686968-c448-46ac-b84d-a6ccee0a86c4.jpg
NBA Inside Drive 2003,2002-10-31,,80,Sports,"Take the court with NBA Inside Drive 2003, Microsoft's exclusive basketball simulation that brings authentic NBA action to your Xbox. Experience the intensity of professional basketball with all 29 NBA teams and over 300 real players, each with signature moves and playing styles. The game features responsive dual-analog stick controls for precise ball handling and shooting mechanics that reward timing and skill. Create your own franchise and guide it through multiple seasons, making trades and draft picks to build a championship dynasty. The innovative momentum system captures the ebb and flow of real basketball, where hot streaks and defensive stops can shift the game's energy. With detailed player models, realistic arenas, and dynamic commentary, every game feels like a prime-time broadcast. Whether you're running pick-and-rolls or draining three-pointers, NBA Inside Drive 2003 delivers the complete basketball experience.",https://images.launchbox-app.com/aee0722b-2014-4ddc-bccb-c47c9ad3064b.jpg
NBA Inside Drive 2004,2003-11-18,,77,Sports,"NBA Inside Drive 2004 brings authentic NBA basketball to Xbox with stunning graphics and smooth gameplay that captures the intensity of professional hoops. Experience all 29 NBA teams and rosters from the 2003-04 season as you battle through full seasons, playoffs, or quick exhibition matches. The innovative offensive and defensive controls let you execute crossovers, spin moves, and defensive stops with precision timing. XSN Sports integration enables online leagues and tournaments where you can compete against players worldwide and track detailed statistics. Create custom players, build dynasties in franchise mode, and master the shot stick for accurate shooting control. Dynamic commentary and ESPN-style presentation deliver broadcast-quality atmosphere while the hip-hop soundtrack keeps the energy high. From fast breaks to clutch three-pointers, every possession matters.",https://images.launchbox-app.com/a192fe23-3f76-4a49-ae6b-51becc7d7923.jpg
NBA Jam,2004-09-20,,71,Sports,"NBA Jam brings outrageous 2-on-2 arcade basketball action to Xbox with its signature over-the-top gameplay that defies physics and logic. Pull off gravity-defying dunks from half-court, unleash spectacular alley-oops, and literally set the net on fire when you're ""on fire"" after three consecutive baskets. The game features real NBA teams and players rendered in exaggerated cartoon style, complete with big heads mode for extra laughs. Tim Kitzrow's iconic commentary delivers unforgettable catchphrases like ""Boomshakalaka!"" and ""He's on fire!"" that perfectly capture the game's high-energy atmosphere. Secret characters, including mascots and celebrities, add replay value. Fast-paced matches eliminate fouls for non-stop action where shoving opponents is encouraged. Classic arcade basketball at its finest!",
NBA Live 06,2005-09-26,,72,Sports,"NBA Live 06 brings authentic NBA basketball to life with revolutionary gameplay mechanics and stunning presentation. Experience the new Freestyle Superstar system that lets you control signature moves of NBA legends with the right analog stick, unleashing ankle-breaking crossovers, devastating dunks, and clutch shots. The all-new All-Star Weekend mode features the Slam Dunk Contest, Three-Point Shootout, and Rookie Challenge for complete NBA excitement. Dynasty mode offers deep team management as you build a championship franchise through trades, draft picks, and player development. With ESPN integration, realistic player animations, and commentary from Marv Albert and Steve Kerr, every game feels like a prime-time broadcast. Features all 30 NBA teams, authentic arenas, and legendary players past and present.",
NBA Live 07,2006-09-25,,69,Sports,"NBA Live 07 brings the intensity of professional basketball to your Xbox with authentic NBA action and revolutionary gameplay features. Take control of all 30 NBA teams and their superstars in this deep basketball simulation. The innovative Total Freestyle Control system gives you unprecedented command over dribbling, shooting, and defensive moves, letting you break ankles with crossovers or throw down spectacular dunks. Dynasty Mode lets you build a championship franchise through drafts, trades, and player development across multiple seasons. ESPN Integration delivers authentic broadcast presentation with real-time stats and commentary. Create custom players, compete online against opponents worldwide, or dominate in All-Star Weekend events including the Slam Dunk Contest and 3-Point Shootout. With refined AI, realistic physics, and smooth animations, NBA Live 07 captures the speed, strategy, and excitement of NBA basketball.",https://images.launchbox-app.com/48cc1cb6-0537-494b-97b5-384c9408245b.jpg
NBA Live 2002,2001-11-15,,73,Sports,"NBA Live 2002 brings the intensity and excitement of professional basketball to your Xbox with stunning graphics and realistic gameplay. Experience the complete NBA season with all 29 teams and authentic rosters, featuring cover athlete Steve Francis. The revolutionary Freestyle Control system gives you unprecedented command over player movements, allowing for signature crossovers, behind-the-back dribbles, and no-look passes. Create your own player and guide them through a career from rookie to superstar, or jump into quick games with friends in multiplayer modes. Enhanced AI delivers smarter opponents who adapt to your playing style, while detailed player models and authentic arenas capture the atmosphere of real NBA action. From fast breaks to clutch three-pointers, every game delivers the drama and unpredictability of professional basketball.",https://images.launchbox-app.com/fa64861b-d245-49b0-837b-30b6966cf5ef.jpg
NBA Live 2003,2002-10-08,,84,Sports,"NBA Live 2003 brings the hardwood action to life with authentic NBA gameplay and all 29 teams from the 2002-03 season. Experience the intensity of professional basketball with improved player animations, realistic ball physics, and signature moves from your favorite stars. The revolutionary Freestyle Control system puts unprecedented command at your fingertips, letting you execute crossovers, spin moves, and behind-the-back dribbles with intuitive right analog stick movements. Build your own dynasty in Franchise Mode, create custom players, or jump into quick Exhibition games. Commentary from Don Poier adds broadcast-quality atmosphere to every game. With enhanced graphics showcasing detailed player models and authentic arenas, plus a hip-hop influenced soundtrack, NBA Live 2003 delivers the complete basketball experience that captures the style and excitement of the NBA.",https://images.launchbox-app.com/97bce1d2-5e86-4082-8bf5-754aca1b096e.jpg
NBA Live 2004,2003-10-14,,78,Sports,"NBA Live 2004 brings the intensity of professional basketball to your Xbox with enhanced gameplay mechanics and authentic NBA action. Take control of all 29 NBA teams and their star players in this comprehensive basketball simulation. The innovative Freestyle Control system lets you execute crossovers, spins, and behind-the-back dribbles with the right analog stick, giving you unprecedented ball-handling precision. Dynasty Mode spans 25 seasons where you manage rosters, draft rookies, and build a championship franchise. The game features fluid 10-man motion capture animations that recreate signature player moves and playing styles. Experience the atmosphere of real NBA arenas with dynamic crowds and authentic commentary. Create custom players or download updated rosters via Xbox Live to keep your game current throughout the season.",https://images.launchbox-app.com/4df7c705-2c43-4b6c-b440-c9f54e9b0593.jpg
NBA Live 2005,2004-09-28,,77,Sports,"NBA Live 2005 delivers authentic NBA basketball with revolutionary All-Star Weekend mode featuring the Slam Dunk Contest where you create spectacular aerial displays using the right analog stick for complete dunking control. Experience improved Freestyle Air mechanics for jaw-dropping alley-oops and putback dunks. The Dynasty mode spans 30 seasons with full team management including trades, drafts, and salary cap decisions. Enhanced graphics showcase player-specific animations and signature moves from superstars like Carmelo Anthony and LeBron James. New defensive controls let you contest shots and steal passes with precision timing. Online play supports tournaments and leagues for competitive action. With EA Sports' signature presentation including dynamic commentary and authentic arenas, NBA Live 2005 captures the intensity and excitement of professional basketball.",https://images.launchbox-app.com/5942cdba-90bd-4d03-913f-0237732c0281.jpg
NBA Street V3,2005-02-08,,87,Sports,"NBA Street V3 takes streetball to legendary heights with its explosive arcade basketball action. Create your own baller and rise from local courts to global fame in the immersive Street Challenge mode. Pull off gravity-defying dunks, ankle-breaking crossovers, and impossible trick moves using the revolutionary Trick Stick controls. Build up your Gamebreaker meter to unleash unstoppable scoring runs that can completely flip the game. Face off against NBA stars and street legends across iconic real-world courts from Venice Beach to Rucker Park. The deep customization system lets you craft your player's look, style, and skills to dominate the asphalt. With its hip-hop soundtrack, stylized visuals, and over-the-top gameplay that rewards creativity and flair, NBA Street V3 delivers the ultimate playground basketball experience where style points matter as much as the score.",https://images.launchbox-app.com/8f6a0795-c65b-4d82-a548-2d7d8d44b937.jpg
NBA Street Vol. 2,2003-04-28,,90,Sports,"NBA Street Vol. 2 takes streetball to legendary heights with its explosive arcade basketball action. Pull off gravity-defying tricks, bone-crushing blocks, and jaw-dropping dunks as you ball on iconic street courts worldwide. Create your own baller and take on NBA stars and street legends in the immersive Be A Legend mode, building your reputation from scrub to street icon. Master the revolutionary trick stick system to chain together insane combos and gamebreakers that literally break the rules of physics. Face off against friends in intense 3-on-3 battles featuring current NBA superstars, old-school legends like Michael Jordan and Dr. J, and streetball icons. The deep soundtrack featuring hip-hop classics perfectly captures the raw energy of street basketball culture.",https://images.launchbox-app.com/5177516f-f0e8-4137-a485-4695e3de846d.jpg
NCAA College Basketball 2K3,2002-12-02,,86,Sports,"Hit the hardwood with NCAA College Basketball 2K3, where college hoops comes alive with authentic gameplay and atmosphere. Experience the intensity of March Madness as you lead your favorite school through conference play and into the tournament. Features over 300 Division I teams with accurate rosters, authentic fight songs, and real college arenas that capture each school's unique home court advantage. The Legacy Mode lets you build a dynasty through multiple seasons of recruiting and developing players. Smooth gameplay mechanics deliver realistic ball physics, precise shooting controls, and strategic defensive options. Create custom tournaments, adjust game sliders for perfect difficulty, and enjoy ESPN-style presentation with commentary that brings the excitement of college basketball to your screen.",https://images.launchbox-app.com/10d64bd3-852c-4afc-aa42-e2575115a6ab.jpg
Neighbours from Hell,,,,,"Torment your grumpy neighbor Mr. Rottweiler in this hilarious stealth-puzzle game where you're the star of a reality TV show! Sneak through his house setting up elaborate pranks while avoiding detection. Use household items to create chain reactions of chaos - sabotage his morning routine, ruin his relaxation time, and turn his daily activities into comedic disasters. Each episode presents new rooms and increasingly complex scenarios across multiple floors. Time your actions perfectly, hide in wardrobes when he's nearby, and rack up audience ratings with creative combinations. The cartoon art style brings slapstick humor to life as you progress from simple tricks to orchestrating magnificent mayhem. Master 14 episodes of escalating mischief across exotic locations including China, India, and Mexico in this uniquely vindictive puzzle adventure!",https://images.launchbox-app.com/59bba907-9f96-4eda-88b8-f2c37135e51e.jpg
NCAA College Football 2K3,2002-08-20,,83,Sports,"Take control of your favorite college football team in NCAA College Football 2K3, where authentic collegiate atmosphere meets refined gridiron gameplay. Experience the intensity of Saturday game days with over 100 Division I-A teams, complete with accurate rosters, stadiums, and fight songs. The innovative passing system offers unprecedented control over your aerial attack, while the improved running game delivers realistic cuts and jukes. Build dynasties in Legacy Mode, recruiting top high school talent and developing players across multiple seasons. ESPN presentation brings broadcast-quality replays and commentary to every drive. From bone-crushing tackles to last-second field goals, feel the passion and pageantry that defines college football's greatest rivalries and bowl games.",https://images.launchbox-app.com/c3b1e1d0-6fb6-44ab-a4c0-12d5e3637c7b.jpg
NCAA Football 06,2005-07-11,,88,Sports,"Take the field in EA Sports' most authentic college football experience, where tradition meets innovation on the gridiron. NCAA Football 06 revolutionizes gameplay with the all-new Impact Player system, letting your performance directly influence teammates' abilities and momentum. Master the Race for the Heisman mode, creating your own legend from high school prospect to college superstar. Experience the electricity of college football with enhanced home field advantage, where crowd noise rattles opponents and stadium traditions come alive. With over 100 Division I-A teams, authentic fight songs, mascots, and playbooks, plus the innovative Pass Lead system for precision throwing, every Saturday becomes your chance at glory. Build dynasties, recruit future stars, and chase national championships.",https://images.launchbox-app.com/5870e7c4-e120-4bb0-81cc-6800685f08b1.jpg
NCAA Football 07,2006-07-17,,82,Sports,"Take control of college football's most storied programs in NCAA Football 07, where momentum shifts and home field advantage create the most authentic collegiate atmosphere in gaming. Experience the innovative Campus Legend mode where you create a high school player and guide them through their entire college career, from freshman to senior year. The revolutionary momentum system captures the emotional swings of college football - big plays energize your team while mistakes can deflate performance. With over 200 authentic fight songs, crowd chants, and mascots, plus the Race for the Heisman mode, every Saturday feels electric. Features enhanced juking controls, gang tackling, and improved defensive AI that challenge you to outsmart opponents with authentic playbooks from real teams.",https://images.launchbox-app.com/f4bc7b9f-7a0b-4cde-82b7-3694afff4b4e.jpg
NCAA Football 08,2007-07-17,,77,Sports,"NCAA Football 08 brings the intensity and pageantry of college football to life with authentic gameplay and atmosphere. Lead your favorite school to glory through Dynasty Mode, building a powerhouse program over multiple seasons while recruiting the nation's top high school talent. The innovative Campus Legend mode lets you create a player and experience the full college athlete journey from freshman to senior year, balancing academics, training, and on-field performance. Features all 119 Division I-A teams with accurate rosters, stadiums, and traditions including fight songs and mascots. Enhanced AI delivers realistic play-calling and formations while improved controls offer precision passing and running. Experience the unique home field advantages that make college football special, from crowd noise affecting audibles to momentum swings that can change games. The ultimate college football simulation for fans who live for Saturdays.",https://images.launchbox-app.com/d34ff77a-6214-4d77-95d2-3689cff74a46.jpg
NCAA Football 2003,2002-07-17,,90,Sports,"NCAA Football 2003 brings the intensity and pageantry of college football to life with over 100 Division I-A teams and authentic stadiums. Experience the thrill of rivalry week, bowl games, and the race for the national championship. The game features an innovative passing system with precision control, allowing you to lead receivers and throw timing routes like never before. Dynasty mode lets you build a powerhouse program through recruiting, redshirting, and developing players over multiple seasons. Create your own school with the robust Create-A-School feature, complete with custom uniforms, logos, and playbooks. Feel the home field advantage as dynamic crowd noise affects your opponent's audibles and hot routes. With College Classics mode, relive legendary matchups from history.",https://images.launchbox-app.com/052f8c27-cb10-44c6-86ea-9dbf1d8b6964.jpg
NCAA Football 2004,2003-07-16,,90,Sports,"Build your college football dynasty in EA Sports' most comprehensive NCAA experience. Take control of over 100 Division I-A teams and lead them through intense rivalries and bowl games. The innovative EA Sports Bio system tracks player development across four years, while Campus Legend mode lets you create and guide a high school prospect to stardom. Experience authentic gameday atmosphere with 3D mascots, unique team entrances, and 23 historic bowl venues. Strategic depth shines through the expanded playbook featuring over 300 plays, option attacks, and defensive schemes. Recruit top talent, manage academic eligibility, and navigate conference realignment in Dynasty mode. From the roar of 70,000 fans to Lee Corso's commentary, every Saturday feels electric.",https://images.launchbox-app.com/adde7b7c-ba2e-493b-9863-6c17bba7bca0.jpg
NCAA Football 2005,2004-07-15,,87,Sports,"Take the field in EA Sports' most authentic college football experience. NCAA Football 2005 delivers the pageantry and passion of Saturday gamedays with over 117 Division I-A teams and their stadiums. Control the outcome with the new Match-Up Stick, letting you exploit defensive weaknesses on the fly. Experience Home Field Advantage as crowd noise affects your opponent's play calling and audibles. Create your own legacy in Dynasty Mode, recruiting high school prospects and building a powerhouse program over multiple seasons. The all-new Discipline Meter tracks player behavior on and off the field, affecting team chemistry and performance. With enhanced graphics, realistic player animations, and authentic fight songs, feel the intensity of college football's greatest rivalries and bowl games.",https://images.launchbox-app.com/c9de12f5-c77a-4974-825a-e6170251bcb1.jpg
NCAA March Madness 06,2005-10-11,,70,Sports,"Experience the raw intensity of college basketball in NCAA March Madness 06, where passion meets precision on the hardwood. Take control of over 320 Division I schools and guide your team through conference play to the ultimate goal - cutting down the nets at the Final Four. The innovative Lockdown Stick defense lets you shut down opponents with precise control, while the all-new Floor General playcalling system puts coaching strategy in your hands. Create game-changing momentum with crowd-pumping dunks and clutch three-pointers that bring virtual arenas to life. Build your own legacy in Dynasty Mode, recruiting top high school talent and developing them into championship contenders. Feel the authentic atmosphere with team-specific chants, fight songs, and mascots that capture the true spirit of March Madness.",https://images.launchbox-app.com/3fea9cf1-d156-4236-b6f8-72ae39fc91fc.jpg
NCAA March Madness 2004,2003-11-17,,68,Sports,"Hit the hardwood with NCAA March Madness 2004 and experience the intensity of college basketball at its finest. Create your own legacy in Dynasty Mode, recruiting top high school talent and building a powerhouse program from the ground up. The innovative Floor General playcalling system puts you in control like never before, letting you run complex plays and adjust strategies on the fly. Feel the energy of packed arenas with authentic fight songs, crowd chants, and team-specific celebrations. Over 320 Division I teams bring unmatched variety, each with unique playbooks and tendencies. The Selection Sunday presentation captures the drama of tournament seeding, while the Road to the Final Four delivers heart-pounding single-elimination action where every possession matters.",https://images.launchbox-app.com/ed4ed030-5d84-4ada-8afd-bce8538d641f.jpg
NCAA March Madness 2005,2004-11-16,,74,Sports,"Experience the intensity of college basketball's biggest tournament in NCAA March Madness 2005. Take control of over 320 Division I teams and lead them through conference play to the ultimate prize - cutting down the nets at the Final Four. The game features EA's innovative Floor General playcalling system, letting you run authentic college plays with precision. Feel the home court advantage with dynamic crowd reactions and authentic fight songs that capture each school's unique atmosphere. Create your own legacy in Dynasty Mode, recruiting top high school talent and building a powerhouse program over multiple seasons. The all-new Lockdown Stick defense gives you complete control to shut down opponents. With detailed player models, realistic animations, and CBS Sports presentation, every game feels like a March broadcast.",https://images.launchbox-app.com/9655a4f9-07b8-4fe6-89f5-6cf3f5aacb5b.jpg
Need for Speed: Carbon,2006-10-31,,77,Racing,"Need for Speed: Carbon takes street racing into the dangerous world of canyon duels and crew-based territory wars. Rule the city's underground racing scene by building your crew, customizing your rides with the innovative Autosculpt technology, and conquering rival territories block by block. Experience heart-pounding canyon races where one mistake sends you plummeting into the abyss. Choose your crew members wisely - blockers clear your path, scouts find shortcuts, and drafters give you speed boosts. The extensive car customization lets you fine-tune every curve and angle of your ride's body kit. From muscle cars to tuners to exotics, build your ultimate garage and dominate the night. Take on aggressive AI rivals in intense police chases while claiming your place as the city's most wanted racer.",https://images.launchbox-app.com/917f6533-e371-4e79-a01a-df1ffcf6f976.jpg
Need for Speed: Hot Pursuit 2,2002-09-30,,87,Racing,"Tear through sun-drenched coastal highways and mountain passes in the ultimate battle between racers and cops. Need for Speed: Hot Pursuit 2 delivers pure arcade racing thrills with exotic supercars like the Ferrari 360 Spider, Lamborghini Murciélago, and McLaren F1. Choose your side: outrun the law as a racer, deploying shortcuts and raw speed to escape, or become an elite police interceptor, using roadblocks, spike strips, and helicopter support to bring speeders to justice. Race across diverse environments from tropical islands to alpine forests, each track offering multiple routes and strategic opportunities. With championship modes, hot pursuit challenges, and split-screen multiplayer, every race becomes an intense cat-and-mouse chase where one mistake means the difference between freedom and capture.",https://images.launchbox-app.com/0901276e-7ca8-4e39-ab45-4374401c81a8.jpg
Need for Speed: Most Wanted,2005-11-15,,83,Racing,"Tear through the streets of Rockport City as the most wanted street racer in this adrenaline-fueled open-world racing game. Build your reputation by defeating the Blacklist's 15 most notorious racers, each with unique cars and driving styles. Customize and tune a massive selection of licensed vehicles from manufacturers like BMW, Mitsubishi, and Porsche. Engage in intense police pursuits featuring aggressive cop AI, roadblocks, spike strips, and helicopter chases. Use Pursuit Breakers to destroy the environment and evade capture. The revolutionary Speed Breaker mechanic lets you slow time for precision driving during critical moments. Race through diverse events including Circuit, Sprint, Speedtrap, and Tollbooth challenges across a sprawling city with distinct districts.",
Need for Speed: Underground,2003-11-17,,85,Racing,"Hit the underground racing scene where speed and style collide in this legendary street racing revolution. Customize your ride with an endless array of visual and performance upgrades, from body kits and neon underglow to turbochargers and nitrous systems. Tear through nighttime city streets in intense races including Circuit, Sprint, Drag, and Drift competitions. Build your reputation by dominating rivals in a gritty urban environment inspired by import tuner culture. Experience revolutionary customization depth with hundreds of real aftermarket parts from top manufacturers. Master the art of drifting around corners while your perfectly tuned engine roars through the neon-lit streets. Earn respect and unlock new cars, parts, and races as you climb from unknown rookie to underground legend. The streets come alive with pumping electronic and hip-hop soundtracks that fuel every race.",https://images.launchbox-app.com/eb814885-62be-416c-be35-c96e8477a08e.jpg
Need for Speed: Underground 2,2004-11-09,,82,Racing,"Hit the streets in the ultimate tuner culture experience. Need for Speed: Underground 2 delivers an expansive open-world city where you customize and race heavily modified import cars through neon-lit streets. Build your reputation across five distinct neighborhoods, each offering unique challenges and race types. Master drifting, drag racing, street circuits, and underground racing leagues while transforming your ride with thousands of visual and performance upgrades. The extensive customization system lets you modify everything from body kits and spoilers to hydraulics and spinners, creating your perfect street machine. Compete in intense races against rival crews, unlock new areas of the city, and establish yourself as the ultimate underground racing legend in this groundbreaking arcade racer.",https://images.launchbox-app.com/a812b05e-3e58-4b19-824b-abd115980afd.png
New Legends,2002-02-18,,61,Action,"Set in a mythical ancient China where technology and magic collide, New Legends puts you in the role of Sun Soo, a martial arts master seeking vengeance against the evil Xao Gon who has murdered your father. Master an arsenal of over 20 unique weapons ranging from traditional swords and axes to magical fire orbs and ice shards. The game blends intense melee combat with mystical powers as you battle through hordes of demonic enemies across five distinct realms. Execute devastating combo attacks, unlock new fighting styles, and harness the power of ancient artifacts to enhance your abilities. Face off against massive boss creatures that require both skill and strategy to defeat. With its blend of Eastern mythology and futuristic elements, New Legends delivers a unique action experience exclusive to Xbox.",https://images.launchbox-app.com/0a249b73-acbc-4f83-8aa9-c23db8322b11.jpg
NFL 2K2,2001-11-15,,91,Sports,"NFL 2K2 delivers the most realistic football experience on Xbox with groundbreaking ESPN presentation and unmatched gameplay depth. Experience bone-crushing tackles with advanced physics, execute precision plays with responsive controls, and dominate the gridiron with revolutionary AI that adapts to your style. The franchise mode lets you build dynasties through drafts, trades, and free agency while managing salary caps. Online multiplayer brings heated competition to Xbox Live's early adopters. Featuring authentic stadiums, real NFL teams and players, plus Dan Stevens and Peter O'Keefe's dynamic commentary, every game feels like a Monday Night broadcast. The innovative Maximum Passing system gives unprecedented control over throws, while the running game rewards patience and vision. Create custom plays, practice in detailed drills, and master the art of football strategy.",https://images.launchbox-app.com/25499f48-03c2-42a3-beb5-db393cc1fd8b.jpg
NFL 2K3,2002-08-21,,95,Sports,"NFL 2K3 delivers the most authentic football experience on Xbox with revolutionary ESPN presentation and groundbreaking gameplay. Experience bone-crushing tackles with the new momentum-based physics engine that makes every hit feel real. The innovative Maximum Passing Control lets you lead receivers, throw touch passes, or rifle bullets into tight coverage. Create your franchise dynasty with deep management tools including salary caps, draft classes, and player progression. First-person football mode puts you directly on the field for an intense new perspective. Online multiplayer through Xbox Live brings competitive action against players worldwide. Commentary from the ESPN broadcast team and authentic stadium atmosphere complete the TV-style presentation. With detailed player models, realistic animations, and strategic depth that rewards football knowledge, NFL 2K3 sets the standard for gridiron gaming excellence.",https://images.launchbox-app.com/3daf82d0-614c-4c8d-b685-cc44e74fc1db.jpg
NFL Blitz 2002,2001-11-15,,78,Sports,"NFL Blitz 2002 brings arcade football mayhem to Xbox with bone-crushing tackles and over-the-top action. This isn't your typical simulation - it's 7-on-7 chaos where late hits are legal and showboating is encouraged. Execute insane plays with turbo-charged speed, pull off spectacular diving catches, and demolish opponents with WWE-style takedowns after the whistle. The game features all 31 NFL teams with updated rosters, plus hidden fantasy squads to unlock. Create custom players, dominate in season mode, or challenge friends in explosive multiplayer battles. With its signature fire effects on hot streaks, outrageous commentary, and simplified controls that anyone can master, NFL Blitz 2002 delivers pure adrenaline-pumping entertainment that throws realism out the window in favor of non-stop thrills.",https://images.launchbox-app.com/813d095b-79e0-48ac-82b2-234bea45997c.jpg
NFL Blitz 2003,2002-08-12,,77,Sports,"NFL Blitz 2003 cranks up the intensity with over-the-top arcade football action that throws realism out the window in favor of pure fun. This isn't your typical gridiron experience - it's 7-on-7 mayhem where late hits are legal, tackles are bone-crushing, and every play feels like a highlight reel moment. Execute insane moves like turbo-charged sprints and devastating power tackles while the action never stops. The game features all 32 NFL teams with authentic rosters, plus unlockable fantasy squads and legendary players. Create your own plays, dominate in season mode, or challenge friends in multiplayer battles. With its signature no-rules gameplay, explosive hits, and arcade-style presentation, NFL Blitz 2003 delivers the most outrageous football experience where anything goes and every game becomes an unforgettable slugfest.",https://images.launchbox-app.com/c040dc11-68ce-486b-99ff-ea9022d4b8e3.jpg
NFL Blitz Pro,2003-10-21,,75,Sports,"NFL Blitz Pro brings the bone-crushing arcade football action of the Blitz series to Xbox with enhanced realism and depth. This isn't your typical simulation - it's 7-on-7 warfare where late hits are legal and 30-yard passes are routine. The game strikes a perfect balance between arcade mayhem and strategic football, featuring full NFL teams and rosters with authentic playbooks. Execute spectacular moves with turbo-charged players, pull off gravity-defying catches, and deliver devastating tackles that would draw penalties in any other game. The revamped gameplay adds more defensive options and offensive schemes while maintaining the series' signature over-the-top style. Create custom players, dominate in season mode, or battle friends in explosive multiplayer matches. With its unique blend of accessible controls, strategic depth, and outrageous action, NFL Blitz Pro delivers the most entertaining and addictive football experience on Xbox.",https://images.launchbox-app.com/06edb22d-8479-4144-8bf8-5cf422f5f4af.jpg
NFL Fever 2002,2001-11-15,,85,Sports,"NFL Fever 2002 brings Microsoft's exclusive football franchise to Xbox with stunning visuals and hard-hitting gameplay. Experience the complete NFL with all 31 teams, authentic stadiums, and over 2000 motion-captured animations delivering realistic player movements. The game features comprehensive modes including Season, Playoffs, and Fantasy Challenge where you create dream matchups. Revolutionary gameplay mechanics include the Read and Lead passing system for precise quarterback control, allowing you to direct receivers mid-route. The Xbox-exclusive title showcases detailed player models, dynamic weather effects, and TV-style presentation with multiple camera angles. Build custom plays, manage rosters through trades and drafts, and compete in multiplayer battles for up to 4 players. With responsive controls, strategic depth, and bone-crushing tackles powered by Xbox hardware, NFL Fever 2002 delivers an immersive gridiron experience that captures the intensity and excitement of professional football.",https://images.launchbox-app.com/12edadfc-1d65-4624-b9d6-aaa58c5c0307.jpg
NFL Fever 2003,2002-08-06,,86,Sports,"NFL Fever 2003 delivers Microsoft's exclusive gridiron experience with all 32 NFL teams and authentic stadiums. Experience hard-hitting football action with innovative Read and Lead passing that lets you throw to where receivers will be, not just where they are. The groundbreaking momentum system rewards big plays and clutch performances, shifting the tide of games just like real NFL contests. Create and develop your own franchise through multiple seasons, draft rookies, sign free agents, and build a dynasty. The game features comprehensive playbooks, detailed player attributes, and smooth animations that capture the intensity of professional football. Xbox Live support enables online leagues and head-to-head matchups against players worldwide. With dynamic weather effects, realistic crowd reactions, and commentary that responds to your performance, NFL Fever 2003 creates an immersive Sunday atmosphere that puts you in control of your favorite team's destiny on the road to the Super Bowl.",https://images.launchbox-app.com/f4169885-5d4c-45f2-89b5-b85eb6c46a7a.png
NFL Fever 2004,2003-08-26,,83,Sports,"NFL Fever 2004 delivers Microsoft's hard-hitting take on professional football with Xbox-exclusive features that push the boundaries of sports gaming. Experience bone-crushing tackles and spectacular plays with the innovative Read and Lead passing system that gives you unprecedented control over your aerial attack. The groundbreaking XSN Sports integration enables online leagues, tournaments, and stat tracking across Xbox Live, while custom playbooks and formations let you craft your perfect offensive and defensive schemes. Create your own superstar in Dynasty mode and guide them through multiple seasons, or jump into Xbox Live for intense head-to-head matchups. With authentic NFL teams, stadiums, and players, plus dynamic weather effects and realistic physics that make every hit count, NFL Fever 2004 combines arcade accessibility with simulation depth. The exclusive Hard Hits feature rewards aggressive play while the streamlined controls ensure anyone can pull off highlight-reel moves.",https://images.launchbox-app.com/2c86541a-6b38-42e1-93db-49505e0a8257.jpg
NFL Head Coach,2006-06-20,,63,Sports Management,"Take control of an NFL franchise from the front office in this deep football management simulation. As head coach, you'll draft rookies, negotiate contracts, develop game plans, and make crucial in-game decisions that determine your team's success. Build your coaching staff, manage player morale, and handle media pressure while crafting winning strategies. Study opponent tendencies through detailed scouting reports, call plays from an extensive playbook, and make real-time adjustments during games. Experience the full NFL season including preseason, regular season, playoffs, and the Super Bowl. With authentic team rosters, realistic player progression, and comprehensive franchise management tools, NFL Head Coach delivers the complete coaching experience. Balance offensive and defensive schemes, develop young talent, and prove your leadership skills as you guide your team from rebuilding to championship glory in this strategic sports management masterpiece.",https://images.launchbox-app.com/35262b51-e164-428f-bb03-4480aecf9a5a.jpg
NFL Street,2004-01-13,,84,Sports,"NFL Street transforms America's favorite sport into an explosive arcade experience where rules are optional and style is everything. Take football to the streets with 7-on-7 battles featuring NFL superstars unleashing gravity-defying moves and bone-crushing hits. Build your reputation through the gritty NFL Challenge mode, creating a custom team from scratch and dominating neighborhood courts across the nation. Master the revolutionary Gamebreaker meter to unleash unstoppable offensive plays or devastating defensive counters that can swing momentum instantly. Wall runs, alley-oops, and style moves turn every play into a highlight reel moment. Customize players, design unique playbooks, and develop your own street football legend. With no refs, no penalties, and pure adrenaline-fueled action, NFL Street delivers the most outrageous, creative football experience ever created.",https://images.launchbox-app.com/e324d604-2084-4da5-829e-339ce028b583.jpg
NFL Street 2,2004-12-22,,87,Sports,"NFL Street 2 takes football to the streets with explosive arcade action and outrageous style. Create your own baller and dominate playgrounds, rooftops, and beaches in this no-rules showdown where every game becomes a highlight reel. Pull off insane wall runs, devastating hits, and gravity-defying catches while building up your Gamebreaker meter for unstoppable momentum-shifting plays. The revolutionary Own the City mode lets you build a crew from scratch and conquer neighborhoods across the nation. Featuring NFL superstars with exaggerated abilities, trick plays that defy physics, and a hip-hop infused atmosphere that captures street culture perfectly. Mix up your offensive arsenal with style moves, pitches, and laterals to humiliate defenders. This isn't just football - it's a battleground where legends are born and reputations are earned one touchdown at a time.",https://images.launchbox-app.com/4b2a51a2-4f47-4cbb-9d93-defdb6d6c034.jpg
NHL 06,2005-09-06,,81,Sports,"NHL 06 revolutionizes hockey gaming with the innovative Skill Stick control system, putting unprecedented puck handling at your fingertips. Execute dekes, saucer passes, and precision shots using the right analog stick for intuitive gameplay that mirrors real hockey movements. Experience the intensity of NHL action with enhanced player animations, bone-crushing body checks, and authentic goaltender AI that reacts realistically to every shot attempt. Create your own dynasty in Dynasty Mode, managing everything from draft picks to salary caps across multiple seasons. The game features all 30 NHL teams with updated rosters, authentic arenas, and legendary players. Fast-paced arcade modes complement the simulation experience, while online play lets you challenge opponents worldwide in ranked matches.",https://images.launchbox-app.com/7923cba7-a8a0-42ea-9904-0fd9a3af3115.jpg
NHL 07,2006-09-12,,82,Sports,"NHL 07 revolutionizes hockey gaming with the innovative Skill Stick control system, putting unprecedented puck control at your fingertips. Execute precision dekes, saucer passes, and pinpoint shots using intuitive right analog stick movements that mirror real hockey mechanics. Experience the intensity of NHL action with enhanced player physics, dynamic camera angles, and authentic arena atmospheres featuring all 30 NHL teams. The Dynasty Mode lets you build a championship franchise through drafts, trades, and salary cap management. Create custom players, develop prospects in the AHL, and climb online leaderboards in competitive multiplayer matches. Featuring commentary from Gary Thorne and Bill Clement, realistic crowd reactions, and signature goal celebrations, NHL 07 delivers the complete hockey experience with fluid gameplay that rewards skill and strategy on the ice.",https://images.launchbox-app.com/f3f27439-f5f1-46e2-b26d-a74ea18480f5.jpg
Nobunaga no Yabō: Ranseiki,,,,,"Lead legendary warlords in this strategic masterpiece that reimagines Japan's Sengoku period through the lens of Pokemon Conquest. Command historical figures like Oda Nobunaga, each paired with powerful Pokemon partners, as you conquer the 17 kingdoms of the Ransei region. Master tactical grid-based battles where type advantages, warrior skills, and battlefield terrain determine victory. Forge bonds between warriors and Pokemon to unlock devastating combination attacks. Build your army by recruiting defeated enemies, evolving Pokemon, and discovering perfect warrior-Pokemon partnerships. Experience multiple storylines featuring different warlords, each offering unique challenges and perspectives on the conflict. This innovative crossover brilliantly merges feudal Japanese warfare with Pokemon battling, creating an addictive strategy experience where every decision shapes the fate of Ransei.",https://images.launchbox-app.com/b8da12dc-78aa-49ef-8573-5b108a533850.jpg
NHL 2002,2001-11-15,,81,Sports,"NHL 2002 delivers fast-paced hockey action with EA Sports' signature gameplay. Experience the complete NHL with all 30 teams, authentic arenas, and real player rosters from the 2001-02 season. The revolutionary NHL Cards system adds collectible player cards that unlock special abilities and boost team performance. Create custom plays with the PlayMaker Control feature, giving you unprecedented tactical control on the ice. Enhanced deking controls let you pull off spectacular moves to beat defenders and goalies. The game features multiple modes including Season, Playoffs, Tournament, and the deep Franchise mode where you manage every aspect of your team across multiple seasons. Dynamic camera angles and realistic player animations capture the intensity of professional hockey. Jim Hughson and Don Taylor provide authentic play-by-play commentary that reacts to the action. Build your dream team, develop strategies, and battle for the Stanley Cup in this comprehensive hockey simulation that balances arcade excitement with strategic depth.",https://images.launchbox-app.com/612490f8-0cf2-490c-a67f-bbdacee46bba.jpg
NHL 2003,2002-09-23,,87,Sports,"Experience the lightning-fast action of professional hockey in NHL 2003, where EA Sports delivers the most authentic ice hockey simulation of its era. Take control of all 30 NHL teams with complete rosters featuring over 900 real players, each with unique skills and playing styles. The revolutionary GameBreaker feature lets you unleash devastating special moves that can turn the tide of any match. Master the new deking system with the right analog stick for unprecedented puck control and jaw-dropping moves. Create your own dynasty in the deep Franchise Mode, managing everything from trades to the NHL Entry Draft. The game's enhanced AI provides challenging opponents that adapt to your strategies, while the refined checking and fighting mechanics deliver bone-crushing hits and intense rivalries that capture the true spirit of NHL hockey.",https://images.launchbox-app.com/eb4b9041-6bd3-43d3-ac27-324f0e7aeeee.jpg
NHL 2004,2003-09-22,,87,Sports,"NHL 2004 brings EA Sports' hockey excellence to Xbox with the revolutionary EA Sports Freestyle Control system, putting unprecedented stick-handling precision at your fingertips. Execute jaw-dropping dekes, saucer passes, and one-timers with intuitive right analog stick controls that mirror real hockey movements. The new Bruise Control fighting engine lets you throw punches and grapple strategically during intense on-ice brawls. Dynasty Mode spans 10 seasons where you manage everything from entry drafts to salary caps while building a championship franchise. Features authentic NHL teams, players, and arenas with commentary from Jim Hughson and Craig Simpson. Online play via Xbox Live lets you challenge opponents worldwide in ranked matches and tournaments. With enhanced graphics showcasing realistic player faces and animations, plus the hard-hitting gameplay hockey fans crave, NHL 2004 delivers the complete NHL experience.",https://images.launchbox-app.com/201bdf86-79b5-4e70-92e7-a9e7349c295c.jpg
NHL 2005,2004-09-20,,82,Sports,"NHL 2005 brings the intensity of professional hockey to your console with refined gameplay mechanics and authentic NHL action. Experience the new Open Ice Control system that revolutionizes offensive play, allowing for precision passing and creative playmaking. The innovative Free-4-All fighting engine lets you throw down the gloves in realistic scraps that can shift momentum. Dynasty Mode returns deeper than ever, letting you build a championship franchise through drafts, trades, and salary cap management. All 30 NHL teams feature updated rosters and authentic arenas. The World Cup of Hockey mode adds international competition with national teams. Enhanced graphics showcase detailed player models and realistic ice effects. EA Sports' signature presentation includes dynamic commentary and authentic broadcast-style cameras that capture every bone-crushing check and spectacular goal.",https://images.launchbox-app.com/0bc545f4-1f44-4b87-a72a-f5a43772b6fb.jpg
NHL 2K3,2002-11-11,,85,Sports,"Experience the intensity of professional hockey with NHL 2K3, where lightning-fast gameplay meets broadcast-quality presentation. Take control of all 30 NHL teams featuring authentic rosters and arenas in this acclaimed hockey simulation. The innovative ESPN presentation brings television-style commentary and camera angles that capture every bone-crushing check and spectacular goal. Master the refined control system that puts precision passing, deking, and shooting at your fingertips. Create your own franchise dynasty, trade players, and guide your team through multiple seasons toward Stanley Cup glory. Battle friends in multiplayer modes or test your skills against adaptive AI opponents. With realistic player animations, detailed player faces, and authentic team strategies, NHL 2K3 delivers the complete hockey experience on Xbox.",https://images.launchbox-app.com/cc2aa709-e942-4e50-ba13-be1be9a706ab.jpg
NHL 2K6,2005-09-06,,79,Sports,"NHL 2K6 delivers authentic hockey action with innovative ProControl stick handling that puts unprecedented puck control at your fingertips. Experience the intensity of NHL hockey with all 30 teams and their authentic arenas, plus international squads. The revolutionary On-the-Fly Coaching system lets you adjust strategies mid-game while Enforcer Mode unleashes bone-crushing fights when tensions rise. Create your franchise dynasty, develop prospects, and manage salary caps in deep Franchise mode. The game features ESPN presentation with commentary from Bob Cole and Harry Neale, bringing broadcast-quality atmosphere to every match. Quick dekes, precision passing, and crease control mechanics create fluid gameplay that captures hockey's speed and physicality. Challenge friends in multiplayer showdowns or test your skills against aggressive AI that adapts to your play style.",https://images.launchbox-app.com/6725e735-3190-4fe8-b5fc-c85a05088afa.jpg
NHL 2K7,2006-09-12,,77,Sports,"NHL 2K7 brings intense hockey action to Xbox with revolutionary ProStick controls that put every deke, shot, and check at your fingertips. Experience the speed and brutality of professional hockey through enhanced graphics showcasing authentic player models and realistic arena atmospheres. The innovative Cinemotion system captures the drama with dynamic camera angles during crucial plays. Build dynasties in Franchise mode, create custom tournaments, or jump online for competitive multiplayer matches. Features include revamped fighting mechanics, on-the-fly coaching adjustments, and the Crease Control system for precise goaltending. With full NHL and AHL team rosters, authentic commentary, and responsive skating physics that reward skill and strategy, NHL 2K7 delivers the complete hockey experience. Master the ice through practice modes or dive straight into the Stanley Cup playoffs.",https://images.launchbox-app.com/6719e6ee-5127-4026-9448-3f3e326269a3.jpg
NHL Hitz 2002,2001-11-15,,82,Sports,"NHL Hitz 2002 takes hockey to the extreme with explosive 3-on-3 arcade action that throws the rulebook out the window. This over-the-top sports experience features bone-crushing hits that send players flying into the glass, turbo-charged skating that leaves opponents in the dust, and spectacular goals that defy physics. Create your own franchise and build a dynasty through multiple seasons, unlocking secret teams and legendary players along the way. The game's signature ""On Fire"" mode rewards aggressive play, granting unlimited turbo and devastating hits when you're hot. With no penalties, no offsides, and no referee to slow down the mayhem, every match becomes a high-scoring slugfest. NHL Hitz 2002 delivers pure adrenaline-pumping hockey fun where fighting is encouraged and every hit counts.",https://images.launchbox-app.com/c4c2887f-b64c-49ad-b19e-e7301ccf1091.jpg
NHL Hitz 2003,2002-09-16,,87,Sports,"NHL Hitz 2003 brings arcade hockey mayhem to your Xbox with bone-crushing checks, turbo-charged skating, and explosive on-ice action. This isn't your typical simulation - it's 3-on-3 hockey where the rules are bent and the hits are amplified. Execute devastating body checks that send opponents flying into the glass, build up your on-fire meter for unstoppable power plays, and pull off spectacular trick shots that defy physics. Create custom teams and players, then take them through multiple game modes including the deep Franchise mode where you build a dynasty from scratch. With no penalties for aggressive play, simplified controls that anyone can master, and over-the-top commentary that captures every brutal hit, NHL Hitz 2003 delivers pure adrenaline-fueled hockey entertainment. The game features NHL teams and players with exaggerated abilities, turning every match into an unforgettable highlight reel of spectacular goals and punishing hits.",https://images.launchbox-app.com/f9c3e7e2-f92e-4b6f-a09d-e882fd867396.jpg
NHL Hitz Pro,2003-09-25,,79,Sports,"NHL Hitz Pro takes the bone-crushing action of arcade hockey to new heights with its perfect blend of simulation depth and over-the-top gameplay. Experience lightning-fast 3-on-3 battles where massive hits send players flying through glass and spectacular goals light up the scoreboard. The innovative Hockey School mode teaches advanced techniques while Franchise mode lets you build a dynasty through drafts, trades, and salary management. Create custom players, unlock legendary NHL stars, and master the skill stick for precise dekes and shots. With no penalties to slow the action, every match becomes a high-scoring slugfest where timing your hits and turbo boosts means the difference between victory and defeat. The responsive controls and brutal physics engine deliver satisfying collisions that echo through arenas packed with rowdy fans. Whether playing quick exhibition games or pursuing the Stanley Cup, NHL Hitz Pro delivers pure hockey mayhem.",https://images.launchbox-app.com/92870d2a-8276-48fd-9b37-73bc2be2a89c.jpg
Nickelodeon Party Blast,2002-10-30,,57,Party,"Join your favorite Nickelodeon characters in the ultimate party game showdown! Nickelodeon Party Blast brings together stars from SpongeBob SquarePants, Rugrats, Hey Arnold!, The Wild Thornberrys, Rocket Power, and more in a frantic food fight competition. Battle across vibrant arenas inspired by classic Nick shows as you hurl pies, watermelons, and other wacky projectiles at opponents. Master each character's unique abilities - SpongeBob's bubble attacks, Tommy's bottle blasts, or Arnold's slingshot skills. Compete in multiple game modes including last-player-standing battles and team-based tournaments. With simple pick-up-and-play controls perfect for all ages, up to four players can join the chaos in split-screen multiplayer mayhem. Unlock bonus characters and stages as you prove you're the ultimate Nickelodeon champion!",https://images.launchbox-app.com/8804ed30-0af0-449a-b0c1-090f270bdd36.jpg
NightCaster: Defeat the Darkness,2001-12-26,,66,Action,"Wield devastating magic as Arran, a young wizard on a quest to save the world from eternal darkness. Master over 40 spectacular spells across five schools of magic - Fire, Water, Light, Dark, and Physical - each with unique strengths against different enemy types. Navigate treacherous environments from frozen tundras to volcanic wastelands, solving puzzles and battling hordes of shadow creatures. The innovative dual-analog control system lets you move freely while casting spells in any direction, creating intense magical combat. Collect powerful orbs to enhance your abilities and unlock new spell combinations. Dynamic lighting effects bring your magical attacks to life as you illuminate the darkness. Face massive boss battles that test your mastery of elemental magic. This Xbox exclusive action-adventure blends strategic spellcasting with exploration.",https://images.launchbox-app.com/c20b03e6-58b9-42ac-89f0-a901b17f1b03.jpg
NightCaster II: Equinox,2004-12-14,,55,Action,"Wield devastating magic as Arran in this action-RPG sequel that pushes Xbox's power to its limits. Master four schools of elemental magic - Fire, Water, Earth, and Shadow - each with unique spells that interact dynamically with enemies and environments. Battle through diverse realms from frozen wastelands to volcanic dungeons, facing hordes of mythical creatures and towering bosses. The innovative dual-analog spell-casting system lets you unleash combos and chain different elements for spectacular effects. Collect and combine orbs to customize your magical arsenal, unlocking powerful fusion spells. Experience enhanced graphics with real-time lighting that brings your magical attacks to life. Solo campaign offers deep progression while multiplayer modes pit wizards against each other in spell-slinging combat. NightCaster II delivers refined gameplay and darker atmosphere.",https://images.launchbox-app.com/807a4cbc-056a-41fe-9e0f-ff9df00c898c.jpg
The Nightmare Before Christmas: Oogie's Revenge,2005-10-21,,69,Action,"Step into Jack Skellington's bones one year after the film in this action-packed adventure that brings Halloween Town to life. Master Jack's Soul Robber whip-arm to perform devastating combos and traverse the twisted landscapes of Tim Burton's beloved world. Transform into Sandy Claws to unleash present-throwing mayhem or become the terrifying Pumpkin King to rain down fiery jack-o'-lanterns on enemies. Battle through musical boss fights against Lock, Shock, Barrel and the villainous Oogie Boogie himself, with original songs expanding the film's legendary soundtrack. Explore faithfully recreated locations from Halloween Town to Christmas Town, solving puzzles and collecting souls to upgrade Jack's ghoulish abilities. This gothic hack-and-slash captures the film's dark whimsy perfectly.",https://images.launchbox-app.com/8214de39-f3c7-4974-a567-4aec7dd8751f.jpg
Ninja Gaiden,2004-03-02,,91,Action,"Master ninja Ryu Hayabusa embarks on a blood-soaked quest for vengeance in this legendary action masterpiece. Experience lightning-fast combat that demands precision timing and razor-sharp reflexes as you wield an arsenal of deadly ninja weapons including the legendary Dragon Sword, shurikens, and the devastating Flying Swallow technique. Wall-run across ancient temples, execute gravity-defying acrobatic combos, and unleash devastating Ninpo magic against hordes of fiends and towering bosses. Every encounter tests your skill in this notoriously challenging adventure where split-second decisions mean the difference between victory and defeat. From the streets of Tokyo to mystical underworld realms, immerse yourself in a dark tale of honor and supernatural evil rendered in stunning detail.",
Ninja Gaiden Black,2005-09-20,,94,Action,"Master ninja Ryu Hayabusa embarks on a blood-soaked quest for vengeance in this legendary action masterpiece. Ninja Gaiden Black delivers the most challenging and refined combat system ever created, demanding perfect timing, strategic weapon selection, and flawless execution. Wield legendary weapons including the Dragon Sword, nunchaku, and the mighty Dabilahro as you face demonic forces and rival ninja clans. Every encounter tests your skills with enemies that adapt to your tactics and punish mistakes mercilessly. This definitive edition includes all original content plus new missions, costumes, and difficulty modes. The silky-smooth 60fps gameplay ensures every counter, combo, and decapitation feels perfectly responsive. From Tokyo's neon streets to ancient temples and demon realms, experience the pinnacle of hardcore action gaming.",https://images.launchbox-app.com/acabba29-721d-4721-afd6-46e9f72cf09f.jpg
Obscure,2005-04-06,,71,Survival Horror,"Survive the nightmare at Leafmore High School where students are mysteriously disappearing. This survival horror adventure puts you in control of five teenagers, each with unique abilities - from Josh's investigative skills to Ashley's quick thinking. Switch between characters on the fly or team up with a friend in drop-in/drop-out co-op mode, a rare feature for the genre. Armed with improvised weapons and flashlights that burn through the darkness-dwelling monsters, you'll explore the sinister school grounds, solve environmental puzzles, and uncover a terrifying conspiracy. The game's light-based combat system adds strategic depth as you combine firearms with portable lamps to weaken creatures before striking. With multiple playable characters whose survival affects the story, branching paths, and unlockable content, Obscure delivers classic teen horror atmosphere reminiscent of 90s slasher films. Face your fears alone or bring a friend as you battle through this atmospheric thriller where teamwork might be your only chance of making it to dawn.",
Oddworld: Munch's Oddysee,2001-11-15,,80,Platformer,"Guide Munch, the last of the amphibious Gabbits, and his unlikely ally Abe through a darkly humorous adventure to save their species from extinction. Switch between characters to utilize their unique abilities - Munch swims through underwater passages and uses his sonar to possess enemies, while Abe rescues fellow Mudokons and harnesses mystical powers. Navigate sprawling industrial facilities, lush forests, and ancient temples in this innovative 3D platformer. Solve environmental puzzles, liberate enslaved creatures, and sabotage the villainous Vykkers Labs. With oddball humor, social commentary, and the franchise's signature GameSpeak system for commanding allies, experience a quest where two misfits take on corporate greed to preserve their world's biodiversity.",https://images.launchbox-app.com/df5d84c7-c7b7-4b44-94e2-5208edd53303.jpg
Oddworld: Stranger's Wrath,2005-01-25,,88,Action Adventure,"In the dusty frontier of Oddworld, you are Stranger, a mysterious bounty hunter with a secret. Armed with a unique ""live ammo"" crossbow that fires critters as projectiles - from electric Zappflies to explosive Boombats - hunt down outlaws across sprawling Western-inspired landscapes. Switch seamlessly between third-person platforming and first-person shooting as you track dangerous criminals through ramshackle towns and untamed wilderness. Each captured bounty brings you closer to affording a life-saving operation, but your true nature threatens everything. Combining inventive combat, environmental puzzles, and Oddworld's signature dark humor, this action-adventure delivers a fresh twist on the Wild West. Lasso enemies with Bolamites, unleash swarms of Stingbees, and discover why Stranger fights to keep his identity hidden in this critically acclaimed tale of redemption and survival.",https://images.launchbox-app.com/8180da2a-da3d-428f-9d88-86d63324b0f4.jpg
Open Season,2006-09-19,,61,Action Adventure,"Based on the animated film, Open Season throws you into a hilarious wilderness adventure as Boog the grizzly bear and Elliot the one-antlered mule deer. When hunting season opens, this unlikely duo must rally the forest creatures to defend their home. Switch between characters to use their unique abilities - Boog's strength for combat and puzzles, Elliot's speed for platforming challenges. Battle hunters with improvised weapons, from rabbit-launching to skunk gas attacks. Explore diverse environments from forest trails to dangerous mine shafts. Mini-games add variety including river rapids racing and food-gathering challenges. Team up in co-op mode or compete in multiplayer battles. With cartoon humor, accessible gameplay, and lovable characters, Open Season delivers family-friendly action-adventure that captures the movie's charm while creating its own wild gaming experience.",https://images.launchbox-app.com/48da7b7c-53d4-4453-9198-4ebad1c6a99a.jpg
Operation Flashpoint: Elite,2005-11-08,,71,Tactical Shooter,"Experience the intensity of modern warfare in this ultra-realistic military simulation. Command squad tactics across vast battlefields where every decision matters. Switch seamlessly between infantry combat, tank warfare, helicopter piloting, and tactical command roles. Navigate sprawling islands with complete freedom - choose your approach whether stealth infiltration, coordinated assault, or armored blitzkrieg. The revolutionary AI creates dynamic battles where enemies flank, retreat, and call reinforcements. Experience authentic military operations with realistic ballistics, weapon handling, and vehicle physics. Lead your squad through branching campaign missions or create custom scenarios in the powerful mission editor. This is war without compromise.",https://images.launchbox-app.com/b7a37c5e-3f3c-4e8e-afae-e28a94a31833.jpg
Otogi: Myth of Demons,2002-12-12,,79,Action,"Step into a haunting realm where ancient Japanese mythology collides with supernatural chaos. As Raikoh, an undead warrior bound between worlds, wield mystical weapons and devastating magic to battle demonic forces threatening reality itself. Otogi delivers visceral hack-and-slash combat with a unique twist - every environment is fully destructible, letting you obliterate buildings, trees, and terrain while unleashing spectacular combos. Chain aerial attacks, master elemental spells, and unlock legendary weapons as you face colossal bosses inspired by Japanese folklore. The game's ethereal art style blends traditional aesthetics with dark fantasy, creating an otherworldly atmosphere enhanced by an orchestral score. Experience intense action where your very presence destroys the world around you.",https://images.launchbox-app.com/f0c78070-a524-49a0-8c65-3af062a9aa7f.jpg
Otogi 2: Immortal Warriors,2004-10-19,,76,Action,"Command legendary warriors from Japanese mythology in this stunning action game that pushes the Xbox to its limits. Wield devastating supernatural powers as you battle through ethereal realms where reality and the spirit world collide. Switch between six unique characters including the immortal Raikoh, each with distinct weapons and mystical abilities. Unleash explosive combos that shatter environments in real-time - topple pillars, destroy bridges, and use the debris as weapons. Face massive demons and corrupted spirits in fast-paced combat that rewards skill and timing. The game's distinctive art style blends traditional Japanese aesthetics with dark fantasy, creating haunting battlefields filled with cherry blossoms and ancient ruins. Master each warrior's fighting style and magical attacks to purify the land from an ancient evil threatening to consume both worlds.",https://images.launchbox-app.com/ec39e81e-b315-43d2-b4f5-f8ecf65b9f01.jpg
Outlaw Golf,2002-06-10,,80,Sports,"Tee off with attitude in Outlaw Golf, where irreverent humor meets addictive arcade golf gameplay. Choose from ten outrageous characters including strippers, bikers, and ex-cons, each with unique personalities and trash-talking commentary. Master challenging courses filled with creative hazards while building your composure meter - lose your cool and watch your shots go wild. Beat down your caddy to release frustration and regain focus in the innovative ""Beat Down"" mini-game. Unlock new clubs, balls, and outfits as you progress through tour mode. Features include multiple game modes, character-specific super shots, dynamic camera angles, and Steve Carell's hilarious commentary. This isn't your country club's golf game - it's golf with attitude, combining precise gameplay mechanics with outrageous humor and style.",https://images.launchbox-app.com/fec8dce9-b816-47b7-b7b5-82e0ec0da4f3.jpg
Outlaw Golf 2,2004-10-19,,81,Sports,"Tee off with attitude in Outlaw Golf 2, where rebellious characters and outrageous antics meet precision golf gameplay. Choose from ten wild personalities, each with unique abilities and trash-talking commentary that brings irreverent humor to every stroke. Master challenging courses featuring unconventional hazards and creative hole designs that push your skills to the limit. Build your composure meter by nailing perfect shots or blow off steam with the signature beatdown mini-games between holes. Customize your golfer's stats through tour mode progression, unlocking new clubs and gear. With four-player multiplayer, multiple game modes including match play and skins, plus hilarious animations and celebrations, this sequel delivers arcade-style golf action with edgy humor and addictive gameplay that keeps you coming back.",https://images.launchbox-app.com/99036a40-7a81-4632-a498-bb5ae0a57028.jpg
Outlaw Golf: 9 Holes of X-Mas,2002-12-23,,,Sports,"Take your golf game to the wild side this holiday season in Outlaw Golf: 9 Holes of X-Mas! This festive expansion delivers outrageous arcade golf action with a rebellious twist. Master nine winter-themed holes featuring snow-covered fairways, icy hazards, and holiday decorations gone wrong. Choose from the series' signature cast of unconventional characters, each bringing unique abilities and attitude to the links. Pull off insane trick shots, unleash devastating power drives, and use the Composure system to maintain your cool or psych out opponents. The game's irreverent humor shines through holiday-themed commentary and animations. Whether playing solo or competing with friends, experience golf like never before with explosive special effects, dynamic camera angles, and gameplay that rewards both skill and style.",https://images.launchbox-app.com/f1a902ee-c9c9-4b11-a9dc-8ea366fe9457.jpg
Outlaw Golf: 9 More Holes of X-Mas,2003-11-25,,,Sports,"Deck the fairways with this festive expansion to Outlaw Golf! Hit the links with the wildest cast of characters ever assembled, from punk rockers to biker chicks, each bringing their own outrageous personality to the course. Master nine brand-new holiday-themed holes featuring snow-covered greens, candy cane obstacles, and Christmas decorations that'll test your skills. The signature Composure system rewards good shots while punishing mistakes with hilarious animations. Beat up your caddy to relieve stress, pull off trick shots for massive points, and unlock crazy outfits and equipment. With its edgy humor, arcade-style gameplay, and seasonal twist on traditional golf, this expansion delivers irreverent sports action that turns country club etiquette on its head. Grab your clubs and get ready for the most unconventional Christmas tournament ever!",https://images.launchbox-app.com/c434a6ba-098c-441d-b329-4d4ca7fd3a42.jpg
Outlaw Tennis,2005-07-26,,72,Sports,"Serve up attitude and anarchy in Outlaw Tennis, where underground tennis meets over-the-top arcade action. Choose from 16 outrageous characters including strippers, ex-cons, and ninjas, each with unique personalities and special moves. Build momentum to unleash devastating power shots and turbo serves that leave opponents stunned. The innovative momentum system rewards aggressive play - dominate rallies to boost your stats while crushing your rival's confidence. Fight dirty with taunts and distractions between points. Master multiple court surfaces from prison yards to nightclubs, each with distinct physics. Customize characters' skills through training mini-games. Features exhibition matches, tournaments, and multiplayer mayhem for up to 4 players. With hilarious commentary, outrageous animations, and addictive gameplay that balances arcade chaos with strategic depth, Outlaw Tennis transforms the gentleman's sport into pure irreverent entertainment.",https://images.launchbox-app.com/97b5786d-2aee-4d4a-b9c6-34ad30962040.jpg
Outlaw Volleyball,2003-07-09,,75,Sports,"Outlaw Volleyball takes beach volleyball to the extreme with outrageous characters, intense arcade action, and a rebellious attitude. Choose from 16 unique personalities including punks, bikers, and summer school rejects, each with special moves and taunts. The innovative momentum system rewards aggressive play - dominate rallies to unleash devastating power shots and humiliate opponents. Battle across exotic courts from tropical beaches to prison yards in multiple game modes including Exhibition, Tour, and Xbox Live multiplayer. Between matches, mini-games like Beat 'Em Up let you literally fight opponents to boost stats. With responsive controls, over-the-top animations, and Steve Carell's hilarious commentary, this isn't your typical volleyball game - it's volleyball with attitude.",https://images.launchbox-app.com/a4877554-e2e0-43e2-ad7b-2ed5d19b50e0.jpg
Pirates: The Legend of Black Kat,,,,,"Set sail as the fierce pirate captain Katarina de Leon in this swashbuckling action-adventure across the mysterious Blue Caribbean. Command your ship the Wind Dancer through naval battles against rival pirates and sinister Rooke's armada. Engage in dynamic sword combat on land using combos and special moves while exploring tropical islands filled with ancient ruins and hidden treasures. Upgrade your vessel with powerful cannons and armor as you plunder enemy ships for gold. Switch seamlessly between ship-to-ship warfare and on-foot exploration as you uncover the secrets of your past and seek vengeance against those who wronged you. With voodoo magic, legendary artifacts, and a crew of colorful pirates at your side, forge your own legend on the high seas.",https://images.launchbox-app.com/r2_1f2423e8-8378-4fe8-8cf4-315bde940796.png
Outlaw Volleyball: Red Hot,2005-04-27,,69,Sports,"Serve up attitude and action in this wildly irreverent beach volleyball game that breaks every rule! Outlaw Volleyball: Red Hot brings together a cast of outrageous characters including punk rockers, strippers, and ex-cons for matches that are anything but civilized. Master the unique momentum system where hot streaks unlock devastating power moves and fighting dirty is encouraged. Beat down opponents between points with the fighting mini-game to steal their momentum and dominate the court. Features 16 eccentric playable characters, each with unique abilities and provocative personalities. Multiple exotic venues from tropical beaches to prison yards provide the backdrop for intense 2-on-2 matches. Customizable rules, unlockable costumes, and party modes deliver endless replay value.",https://images.launchbox-app.com/f596b084-f60d-4f61-b8a1-38e1a756ae3e.jpg
OutRun 2,2004-10-25,,86,Racing,"Race through stunning coastal highways in SEGA's ultimate arcade driving experience. OutRun 2 delivers pure driving euphoria as you drift through 15 breathtaking stages spanning deserts, forests, and cityscapes at breakneck speeds. Master the art of the perfect drift with intuitive controls that reward skillful cornering and heart-stopping overtakes. Choose from eight iconic Ferraris including the F50 and Enzo, each with distinct handling characteristics. Impress your passenger with daring driving techniques in Heart Attack mode, tackle challenging missions, or compete in intense multiplayer races. With its vibrant visuals, branching routes offering multiple endings, and an unforgettable soundtrack mixing classic tunes with modern remixes, OutRun 2 captures the timeless thrill of the open road.",https://images.launchbox-app.com/0180a989-ba52-4a41-beb8-25be155159c8.jpg
OutRun 2006: Coast 2 Coast,2006-03-14,,82,Racing,"Experience the ultimate arcade racing thrill as you drift through stunning coastlines and city streets in this definitive version of SEGA's legendary racer. Choose from 15 authentic Ferraris including classics and modern supercars, then hit the accelerator across 30 breathtaking stages spanning the original OutRun 2 and SP tracks. Master the revolutionary drift mechanics to link corners and build massive scores while your passenger reacts to your driving style. Race through multiple game modes including Heart Attack mode with girlfriend challenges, Time Attack, and the expansive Coast 2 Coast mode featuring a full career progression. Feel the rush of the open road with dynamic weather, branching routes, and that signature OutRun soundtrack featuring both classic tunes and new remixes that perfectly capture the sunny, carefree spirit of the ultimate driving fantasy.",https://images.launchbox-app.com/8ce1e408-113a-4569-9b07-50fef1ea5e68.jpg
Over the Hedge,2006-05-09,,66,Platformer,"Join RJ the raccoon and his woodland friends in this action-packed adventure based on the DreamWorks animated film! Play as multiple characters including RJ, Verne the turtle, Hammy the hyperactive squirrel, and Stella the skunk, each with unique abilities. Sneak through suburban backyards, dodge lasers, outsmart exterminators, and collect food for your forest family. Switch between characters to solve puzzles and overcome obstacles - use Hammy's super speed, Verne's shell spin, or Stella's stink attack. Explore diverse environments from neighborhood homes to the exterminator's headquarters. Team up with a friend in cooperative multiplayer mode for double the mayhem. Features mini-games, unlockable content, and hilarious dialogue straight from the movie. Battle pest control gadgets, navigate treacherous lawns, and pull off daring heists in this family-friendly platformer that captures all the humor and heart of Over the Hedge!",https://images.launchbox-app.com/e28ec974-7c1c-4cfc-bc7a-533b2be56521.jpg
Pac-Man World 2,2002-08-27,,68,Platformer,"Join Pac-Man on a 3D platforming adventure to save Pac-Land from the evil ghost Orson! Navigate through six unique worlds filled with challenging obstacles, hidden secrets, and classic arcade callbacks. Master Pac-Man's new moves including the Rev Roll, Butt Bounce, and Flip Kick to overcome enemies and traverse treacherous terrain. Collect fruit, rescue your kidnapped friends, and unlock bonus mazes that pay homage to the original arcade classic. Each world features distinct themes from haunted forests to volcanic mountains, with boss battles against familiar ghosts like Blinky and Clyde. Experience smooth controls, vibrant graphics, and a perfect blend of modern platforming with retro Pac-Man charm. Whether you're chomping through dots in classic mazes or exploring expansive 3D levels, Pac-Man World 2 delivers nostalgic fun with fresh gameplay mechanics that both newcomers and longtime fans will enjoy.",https://images.launchbox-app.com/14bdee21-59d8-4575-86ab-8bd3ebb027f3.jpg
Pac-Man World 3,2005-11-15,,57,Platformer,"In Pac-Man World 3, the iconic yellow hero faces his greatest challenge yet as ghosts from the Spectral Realm threaten both worlds. This 3D platformer transforms Pac-Man into an acrobatic powerhouse with new moves like butt-bouncing, wall-jumping, and powerful punches. Battle through vibrant worlds filled with challenging puzzles and platforming sections while collecting pac-dots and power pellets. The game introduces an innovative twist - team up with former enemies Pinky and Clyde, each offering unique abilities to overcome obstacles. Unleash devastating special attacks, pilot giant robots, and navigate between the real world and ghostly Spectral Realm. With its blend of classic arcade elements and modern platforming mechanics, Pac-Man World 3 delivers an action-packed adventure featuring witty dialogue, varied gameplay, and epic boss battles that reimagine the Pac-Man universe.",https://images.launchbox-app.com/baadd8d9-a12d-44c3-886c-9df4055231fa.jpg
Painkiller: Hell Wars,2006-07-31,,72,Shooter,"Unleash pure mayhem in Painkiller: Hell Wars, where you battle through the depths of Purgatory as Daniel Garner, a man trapped between Heaven and Hell. Wield devastating weapons like the iconic Painkiller spinning blade launcher and the Stake Gun that pins demons to walls. Face massive hordes of nightmarish creatures across gothic environments ranging from medieval castles to hellish realms. Collect souls from fallen enemies to transform into an invincible demon form, turning the tables on your tormentors. Experience frantic old-school FPS action with no cover mechanics or regenerating health - just pure skill and relentless combat. Master unique weapon combos, discover secret areas filled with holy artifacts, and challenge colossal boss battles that test your reflexes. Fast-paced arena combat meets dark fantasy in this adrenaline-fueled shooter that rewards aggressive play and precision aim.",https://images.launchbox-app.com/2a39e8e1-c603-4748-a3c9-b8b9ec2d66e8.jpg
Panzer Dragoon Orta,2003-01-12,,90,Rail Shooter,"Soar through a dying world atop your armored dragon in this breathtaking rail shooter that pushes the boundaries of aerial combat. As Orta, a mysterious girl with a forgotten past, you'll unleash devastating lock-on laser attacks against waves of bio-engineered monsters and imperial forces across ten visually stunning episodes. Master three distinct dragon forms - Base, Heavy, and Glide - each offering unique combat strategies and movement speeds. Navigate through ancient ruins, vast deserts, and floating cities while your dragon evolves in real-time based on your playstyle. The game features multiple routes through levels, unlockable content including the entire original Panzer Dragoon, and a deep scoring system that rewards aggressive play and perfect runs.",https://images.launchbox-app.com/178160a6-d25e-44aa-8818-250a91101f53.jpg
Panzer Elite Action: Fields of Glory,2006-04-04,,60,Tank Combat,"Command massive WWII tanks across authentic European battlefields in this explosive combat experience. Choose your allegiance between American, German, or Soviet forces, each featuring unique armored divisions with distinct strengths and tactical advantages. Engage in fierce 18-mission campaigns spanning historic locations from the Normandy beaches to the frozen Eastern Front. Master realistic tank warfare with strategic crew management, precise targeting systems, and devastating artillery strikes. Experience intense multiplayer battles supporting up to 32 players online, or challenge friends in split-screen combat. Customize your tanks with authentic paint schemes and tactical upgrades. Feel the power of authentically modeled Sherman, Tiger, and T-34 tanks with realistic physics and damage modeling.",https://images.launchbox-app.com/fdb518fd-7cc7-4992-b312-dd4eb2bc1cbf.jpg
Pariah,2005-05-03,,68,Shooter,"In a war-torn future where Earth's prisoners are exiled to hostile planets, you are Jack Mason - a disgraced doctor whose routine prisoner transport mission spirals into chaos when your ship crashes. Armed with an upgradable healing tool that doubles as a weapon, survive brutal firefights across desolate wastelands and decaying urban ruins. Pariah's innovative weapon upgrade system lets you modify guns on the fly with Weapon Energy Cores, transforming basic firearms into devastating instruments of destruction. Experience visceral combat enhanced by the Havok physics engine, creating dynamic battlefield chaos where every explosion and impact feels real. Navigate treacherous environments using vehicles ranging from speedy buggies to heavily armed assault craft. Uncover a dark conspiracy as you protect Karina, a mysterious prisoner whose secrets could reshape humanity's future. Master both single-player campaign and intense multiplayer battles.",https://images.launchbox-app.com/ec3b9a98-6989-4ab3-9ede-2886af0a59dd.jpg
Peter Jackson's King Kong,2005-11-21,,80,Action Adventure,"Step into the colossal footsteps of the legendary King Kong in this cinematic action-adventure from Peter Jackson. Experience the epic story from both perspectives - play as Jack Driscoll fighting for survival on mysterious Skull Island, then unleash primal fury as Kong himself. Battle prehistoric creatures using improvised weapons and environmental tactics as Jack, switching between first and third-person combat. As Kong, rampage through intense brawls with T-Rexes and other massive beasts while protecting Ann Darrow. The game seamlessly blends survival horror, puzzle-solving, and spectacular beast battles. Stunning visuals bring 1930s New York and the dangerous island to vivid life, while an orchestral score heightens every encounter.",
Petit Copter,2003-01-21,,,Flight Sim,"Master the delicate art of remote-control helicopter piloting in this charming simulation that brings miniature aviation to life. Navigate tiny helicopters through detailed indoor and outdoor environments, from living rooms to backyards, where everyday objects become challenging obstacles. The game features three distinct gameplay modes that test different piloting skills: precision takeoffs and landings on designated pads, using a suction cup attachment to carefully pick up and transport objects, and target practice with puffs of air to knock down objectives. Each challenge requires mastering the sensitive controls that realistically simulate RC helicopter physics, including managing rotor speed, maintaining balance, and compensating for momentum. With its unique perspective that shrinks you down to toy size, peaceful atmosphere, and focus on skill-based challenges rather than combat, Petit Copter offers a refreshing take on flight simulation.",https://images.launchbox-app.com/1cd0ffef-9421-49fd-998f-1340a80de660.jpg
Phantasy Star Online Episode I & II,2003-04-15,,82,Action RPG,"Enter the groundbreaking online RPG that revolutionized console multiplayer gaming. Create your hero from four unique classes - Hunter, Ranger, or Force magic users - and embark on thrilling cooperative adventures across the mysterious planet Ragol. Team up with three other players locally or via Xbox Live to battle through randomly generated dungeons filled with dangerous creatures and valuable loot. Master real-time combat combining melee weapons, ranged attacks, and devastating Technique spells. Collect and trade rare items, customize your character with hundreds of weapons and armor pieces, and tackle challenging boss battles that demand teamwork. Experience two complete episodes with distinct storylines, environments, and enemies. Join a persistent online world where your actions shape your legend.",https://images.launchbox-app.com/93968e7a-545f-4aa7-a546-335e81369a00.jpg
Phantom Crash,2002-06-04,,71,Mech Action,"Phantom Crash plunges you into Tokyo's underground mech combat scene, where customizable Scoobees - nimble battle mechs - clash in high-stakes arena battles. Choose from three distinct mech types, each with unique handling and combat styles, then dive deep into extensive customization options. Install optical camouflage for stealth strikes, equip devastating weapons ranging from rifles to energy swords, and fine-tune your mech's AI chip for autonomous combat support. The game's innovative day-night cycle affects both combat visibility and the bustling Shinjuku hub where you shop for parts, take on missions, and interact with rival pilots. Blending tactical mech combat with RPG elements, Phantom Crash rewards strategic loadout planning as much as reflexes. Master the art of vanishing with optical camo, then reappear to unleash destruction in this unique fusion of Japanese cyberpunk atmosphere and intense mechanical warfare.",https://images.launchbox-app.com/3ac536ff-2395-4b6a-8ad5-05dc8d90792f.jpg
Phantom Dust,2005-03-15,,81,Action Strategy,"Phantom Dust blends action, strategy, and card-battling in a post-apocalyptic world where humanity lives underground after a mysterious dust destroyed civilization. You play as an amnesiac warrior with psychic powers, building arsenals from over 300 unique skills that act as your attacks, defenses, and special abilities. Combat unfolds in real-time arenas where you collect skill orbs scattered across destructible environments, then unleash devastating combos mixing melee strikes, projectiles, shields, and environmental manipulation. The deep deck-building system lets you craft specialized loadouts for different playstyles - rush down opponents with aggressive close-range builds or control the battlefield with defensive strategies. Single-player missions reveal the dark mystery behind humanity's downfall while multiplayer battles test your tactical prowess against other psychic warriors.",https://images.launchbox-app.com/c43f43d8-bf6e-4ba4-a192-68341f902186.jpg
Pinball Hall of Fame,2004-11-24,,75,Pinball,"Pinball Hall of Fame brings seven classic Williams pinball tables to life with stunning accuracy and physics. Experience legendary machines like Black Knight, Firepower, and Funhouse, each lovingly recreated with authentic sound effects, music, and table art. Master the nuances of each table's unique mechanics - from multiball mayhem to skill shots and bonus rounds. The game features multiple camera angles to follow the action, detailed ball physics that capture the feel of real pinball, and a progression system that unlocks new tables and challenges. Tournament mode lets you compete for high scores across all tables, while multiplayer supports up to four players taking turns. Whether you're a pinball wizard or newcomer, this collection preserves the golden age of arcade pinball with tables that defined generations of players.",https://images.launchbox-app.com/af72e193-cfe8-4678-96e8-bbc893c148c1.jpg
Pirates of the Caribbean,2003-06-30,,68,Action RPG,"Set sail for adventure in this swashbuckling action game based on the hit film! Play as Captain Jack Sparrow, wielding sword and pistol through Caribbean islands teeming with danger. Master fluid sword combat with combos, blocks, and special moves while battling cursed pirates and the Royal Navy. Explore lush tropical environments from Port Royal to mysterious caves, discovering hidden treasures and secret paths. The game features ship-to-ship naval battles where you command the Black Pearl, firing cannons and outmaneuvering enemy vessels. Upgrade Jack's abilities, unlock new combos, and collect legendary pirate artifacts. With its cinematic presentation, authentic movie locations, and Johnny Depp's likeness, this adventure captures the film's supernatural thrills and humor while delivering engaging hack-and-slash gameplay.",https://images.launchbox-app.com/a2288b33-56dd-4a6d-882a-37c602597ed8.jpg
Pitfall: The Lost Expedition,2004-02-09,,76,Platformer,"Join fearless explorer Pitfall Harry on his most ambitious adventure yet in this thrilling 3D platformer that reinvents the classic franchise. Swing across treacherous chasms with your trusty vine, battle fierce jungle creatures, and navigate ancient temple traps as you search for the legendary Lost Expedition. Master Harry's acrobatic moves including wall-running, rolling attacks, and spectacular vine-swinging combos. Explore vast interconnected environments from lush rainforests to mysterious underground caverns, each filled with hidden treasures and secret paths. Collect ancient artifacts, unlock new abilities, and face off against massive boss creatures. With its blend of exploration, puzzle-solving, and heart-pounding action, this expedition delivers classic adventure gaming with modern polish.",https://images.launchbox-app.com/2df0548e-655b-41dd-9165-64624f9bb290.jpg
Playboy: The Mansion,2005-01-25,,54,Simulation,"Build the Playboy empire from the ground up in this unique lifestyle simulation game. As Hugh Hefner himself, you manage the iconic Playboy Mansion, throwing lavish parties to attract celebrities, models, and journalists. Develop relationships through conversation mini-games, discovering what makes each character tick. Publish your magazine by securing exclusive content, arranging photo shoots, and interviewing stars. Design and furnish your mansion with hundreds of items while managing staff and facilities. Balance business with pleasure as you network, romance, and negotiate deals. Mix strategy with social simulation as you cultivate the Playboy brand, unlock centerfold models, and create the ultimate bachelor pad. Every decision shapes your empire's success and reputation.",https://images.launchbox-app.com/e1d7ec66-0367-4bfa-bd21-bf228a577bd8.jpg
PocketBike Racer,2006-11-19,,58,Racing,"Tear up the track in this quirky arcade racer featuring miniature motorcycles and outrageous speed! PocketBike Racer delivers hilarious high-octane action as you race souped-up pocket bikes through unconventional environments including grocery stores, construction sites, and backyard BBQs. Choose from multiple riders and customize your tiny ride for maximum performance. Master powerslides around shopping aisles, jump over lawn furniture, and dodge everyday obstacles while battling for first place. With arcade-style controls, split-screen multiplayer, and a unique Burger King tie-in that made this Xbox exclusive a cult classic, this bite-sized racer serves up surprisingly addictive gameplay that proves big thrills come in small packages.",https://images.launchbox-app.com/03b9a495-3f96-4257-a713-817e7a4074ed.jpg
Pool Shark 2,2004-11-08,,62,Sports,"Experience the ultimate billiards simulation in Pool Shark 2, where precision meets competition. Master the art of cue sports across multiple game modes including 8-ball, 9-ball, and straight pool. The advanced physics engine delivers realistic ball movement and authentic table dynamics, making every shot count. Challenge yourself in career mode, climbing from local pool halls to championship tournaments, or test your skills against friends in multiplayer matches. Customize your cue stick, unlock new venues from dingy bars to prestigious clubs, and perfect your technique with intuitive aiming controls. Whether you're banking shots off the rails or setting up complex combinations, Pool Shark 2 captures the strategy and excitement of real pool with stunning 3D graphics and smooth gameplay that rewards both casual players and serious enthusiasts.",https://images.launchbox-app.com/ce4d8be0-1a4a-43a8-b816-b836534144fc.jpg
Powerdrome,2004-06-14,,66,Racing,"Blast through futuristic circuits at breakneck speeds in this high-octane remake of the 1988 classic racing game. Powerdrome delivers intense hover-racing action where gravity-defying blade runners tear through neon-lit tracks filled with deadly obstacles and aggressive competitors. Master the art of high-speed combat as you deploy weapons and defensive shields while navigating treacherous courses that twist through industrial complexes and alien landscapes. Choose from multiple racing crafts, each with unique handling characteristics and upgrade potential. Experience single-player championships, split-screen multiplayer mayhem, and online competition via Xbox Live (now playable through Insignia servers). The game's distinctive visual style combines sleek vehicle designs with atmospheric environments that blur past at incredible velocities. With its blend of pure racing skill and tactical combat, Powerdrome resurrects a retro-futuristic vision of competitive racing.",https://images.launchbox-app.com/fc04aaa4-067c-4c8a-bea4-4459b32f16eb.png
Predator: Concrete Jungle,2005-04-26,,66,Action,"In Predator: Concrete Jungle, you become the ultimate alien hunter in a dark cyberpunk future. After a failed hunt in 1930s New Concrete City, you return 100 years later to a dystopian metropolis ruled by warring mob families who've weaponized your own technology. Master the Predator's legendary arsenal including plasma cannons, wrist blades, smart discs, and cloaking technology as you reclaim your honor through brutal melee combat and stealth kills. Leap across rooftops, use thermal and alien vision modes to track prey, and unleash devastating combos in visceral third-person action. Upgrade your weapons and abilities while hunting both human gangs and deadly Xenomorphs. Experience an original storyline that expands Predator lore as you face off against crime bosses, cyborg enemies, and even other Predators in your quest for redemption and revenge.",https://images.launchbox-app.com/e1fffa62-91aa-4f0a-bea3-8ee9ec92e647.png
Prince of Persia: The Sands of Time,2003-10-28,,92,Action Adventure,"Wield the power of time itself in this legendary action-adventure that redefined the Prince of Persia series. As the Prince, navigate treacherous palace environments filled with deadly traps, rotating blades, and crumbling platforms. Master acrobatic wall-running, death-defying leaps, and fluid combat against sand creatures that threaten ancient Persia. The revolutionary Dagger of Time lets you rewind mistakes, slow down reality, and freeze enemies in their tracks. Partner with the mysterious princess Farah to solve intricate puzzles and overcome impossible odds. With its groundbreaking parkour movement system, cinematic storytelling, and innovative time manipulation mechanics, The Sands of Time delivers an unforgettable journey through mystical Arabian landscapes where every second counts.",https://images.launchbox-app.com/50efe715-de54-427b-91bd-b01082e5be87.jpg
Prince of Persia: The Two Thrones,2005-12-01,,85,Action Adventure,"Return to Babylon as the Prince faces his darkest chapter yet. After preventing the Sands of Time catastrophe, the Prince discovers his kingdom conquered and must battle through war-torn streets using two distinct personas. Master the acrobatic Prince's fluid combat and platforming alongside his savage Dark Prince alter-ego, who wields deadly chain-whip attacks and feeds on the Sands to survive. Experience revolutionary speed kill mechanics that reward precise timing with instant stealth takedowns. Navigate crumbling palaces, deadly traps, and vertical cityscapes while managing the internal struggle between light and dark. The climactic finale of the Sands trilogy delivers intense chariot races, massive boss battles, and a deeply personal story of redemption as the Prince confronts both external enemies and his inner demons.",https://images.launchbox-app.com/91232255-4512-44f5-900f-2ea758a46c3f.jpg
Prince of Persia: Warrior Within,2004-11-30,,83,Action Adventure,"The Prince returns in this darker, grittier sequel that transforms the fairy-tale hero into a hardened warrior. Hunted by the unstoppable Dahaka for disrupting time's flow, you must journey to the Island of Time to prevent the Sands' creation. Master an evolved free-form fighting system combining devastating combos, dual-wielding, and environmental kills. Wall-run across crumbling fortresses, swing from ledges, and navigate deadly traps in stunning acrobatic sequences. The revolutionary time-manipulation powers let you rewind mistakes, slow combat, and create tactical advantages. Face fierce enemies including sand creatures and the relentless Dahaka itself. Choose between multiple endings based on your actions. With its mature tone, brutal combat, heavy metal soundtrack, and complex level design mixing past and present timelines, Warrior Within delivers an intense action-adventure experience.",https://images.launchbox-app.com/62796e64-481f-4d9d-ac58-98cc5d50d0ba.jpg
Prisoner of War,2002-08-27,,65,Stealth,"Step into the boots of Captain Lewis Stone, an American pilot shot down and captured during WWII. Prisoner of War delivers a unique stealth-escape experience where cunning beats combat. Plan daring breakouts from authentic German POW camps including Colditz Castle. Study guard patterns, forge documents, steal uniforms, and coordinate with fellow prisoners to execute complex escape plans. The game emphasizes strategy over action - you'll need to maintain your cover, attend roll calls, and avoid suspicion while secretly gathering tools and intelligence. Each camp presents increasingly challenging security measures and layouts based on real historical locations. Multiple escape routes reward creative thinking and careful observation. Experience the tension of living under constant surveillance while plotting your freedom in this atmospheric WWII thriller that captures the ingenuity and determination of real POWs.",https://images.launchbox-app.com/616c46c8-fdf6-41ee-abba-a141f0c52ab9.jpg
Pro Evolution Soccer 4,2004-10-15,,87,Sports,"Pro Evolution Soccer 4 revolutionizes football gaming with its refined gameplay engine and unparalleled ball physics. Experience the beautiful game through fluid player animations and intelligent AI that adapts to your tactics. Master the expanded Master League mode, guide your team from obscurity to glory, and negotiate transfers in the enhanced market system. The game features officially licensed teams and stadiums, bringing authentic atmosphere to every match. Revolutionary free kick and penalty systems demand precision and skill, while improved dribbling mechanics let you weave through defenses with style. Weather conditions and pitch deterioration affect gameplay, adding strategic depth. With responsive controls that reward timing and technique over button mashing, PES 4 delivers the most realistic football simulation of its generation, capturing the sport's tactical nuance and dramatic moments.",https://images.launchbox-app.com/b576c06a-4b95-4f64-bf96-60e09fe1ad15.jpg
Pro Evolution Soccer 5,2005-10-21,,85,Sports,"Pro Evolution Soccer 5 revolutionizes football gaming with its refined gameplay engine and unprecedented tactical depth. Experience total control through the new dribbling system that lets you outmaneuver defenders with subtle feints and explosive bursts of pace. Master the enhanced passing mechanics featuring manual through-balls and perfectly weighted crosses. Build your dream team in Master League mode, developing youth players and negotiating transfers across multiple seasons. The improved AI creates authentic match flow with intelligent off-the-ball runs and realistic defensive positioning. Challenge friends in multiplayer battles or compete online. With licensed teams from major European leagues, authentic stadiums, and commentary that captures match atmosphere, every game tells its own dramatic story on the pitch.",https://images.launchbox-app.com/c94b6172-19e4-48ae-bfd1-53beb6b7d71b.jpg
Pro Fishing Challenge,2003-10-29,,,Sports,"Cast your line into the ultimate angling experience with Pro Fishing Challenge, where realistic physics and stunning environments combine to create the most authentic fishing simulation on Xbox. Master over 20 different fishing techniques as you pursue trophy bass, pike, trout, and dozens of other species across diverse locations from serene mountain lakes to challenging ocean waters. The innovative tension system puts you in control of every fight, requiring skill and timing to land your catch. Compete in tournaments, complete challenges, and build your reputation as you unlock new gear, boats, and exclusive fishing spots. Dynamic weather and seasonal changes affect fish behavior, demanding strategic adaptation. Whether you're a casual angler or seasoned pro, the intuitive controls and deep gameplay mechanics deliver hours of relaxing yet engaging entertainment. Experience the thrill of the catch without leaving your couch.",https://images.launchbox-app.com/5198fcc1-8580-4a35-bca9-62810fdabbf0.jpg
Project Gotham Racing,2001-11-15,,87,Racing,"Project Gotham Racing revolutionizes arcade racing with its innovative Kudos system that rewards stylish driving alongside speed. Race through meticulously recreated cities including London, Tokyo, San Francisco, and New York, each featuring authentic landmarks and atmospheric weather effects. Master over 25 high-performance vehicles from manufacturers like Ferrari, Porsche, and BMW as you drift around corners, catch air, and chain combos to earn Kudos points. The game brilliantly balances accessibility with depth - easy to pick up but challenging to master. Dynamic weather and time-of-day changes transform each circuit, while the revolutionary cone challenges and street races test precision driving skills. With its stunning visuals showcasing reflective car models and detailed urban environments, PGR set new standards for console racing. The addictive Kudos system encourages repeated play as you perfect your racing line while pulling off spectacular powerslides and overtakes.",https://images.launchbox-app.com/7e4fa46e-bd65-41ce-99fe-80c87b52b307.jpg
Project Gotham Racing 2,2003-11-17,,90,Racing,"Project Gotham Racing 2 delivers the ultimate street racing experience across the world's most iconic cities. Tear through the streets of Barcelona, Chicago, Edinburgh, Florence, Hong Kong, Moscow, Stockholm, Sydney, Washington D.C., and Yokohama in over 100 high-performance vehicles from legendary manufacturers. Master the innovative Kudos system that rewards stylish driving - earn points for powerslides, drafting, and clean racing lines while maintaining breakneck speeds. Challenge rivals in diverse race modes including Street Race, Overtake, Cone Challenge, and Speed Camera. The groundbreaking Xbox Live integration lets you compete globally, download ghost cars, and showcase your skills on worldwide leaderboards. With dynamic weather effects, authentic car damage, and a pumping soundtrack, every race becomes an adrenaline-fueled battle for supremacy.",https://images.launchbox-app.com/298542f2-b6fe-474b-9f06-b94f06d08bef.jpg
Project Snowblind,2005-02-22,,75,Shooter,"Step into the boots of Nathan Frost, an augmented super-soldier in this intense tactical shooter set in a near-future Hong Kong under siege. When a rogue military faction threatens global chaos, your cybernetic enhancements become humanity's last hope. Wield an arsenal of futuristic weapons and experimental gadgets including riot walls, spider bots, and EMP grenades. Activate powerful nano-augmentations like enhanced vision, ballistic shielding, and electrical storm attacks to overwhelm enemies. Navigate through war-torn cityscapes mixing stealth and explosive combat across a gripping single-player campaign. Experience visceral firefights enhanced by realistic physics and destructible environments. Originally conceived as a Deus Ex spin-off, Project Snowblind delivers its own unique blend of tactical warfare and superhuman abilities in an immersive cyberpunk battlefield.",https://images.launchbox-app.com/6f1897a9-0092-47ce-9644-9a520f8c4d44.jpg
ProStroke Golf: World Tour 2007,2006-10-20,,72,Sports,"Step onto the world's most prestigious golf courses in ProStroke Golf: World Tour 2007, where precision and skill determine champions. Master the innovative ProStroke control system that captures every nuance of your swing, from grip pressure to follow-through. Compete across 18 stunning championship courses against golf legends and rising stars in Career Mode. Fine-tune your game with comprehensive practice facilities including driving ranges and putting greens. Create your own golfer and customize equipment from top manufacturers. Experience realistic ball physics and environmental effects as wind, rain, and terrain challenge every shot. With multiple game modes including stroke play, match play, and skins games, plus online tournaments for up to 4 players, every round offers fresh competition. The detailed swing analyzer helps perfect your technique, turning weekend duffers into tour professionals.",https://images.launchbox-app.com/8a1566ae-4f36-4319-bcbb-2655142922ce.jpg
Psi-Ops: The Mindgate Conspiracy,2004-06-14,,84,Action,"Unleash devastating psychic powers in this groundbreaking action thriller that redefined physics-based combat. As Nick Scryer, an elite PSI-operative with wiped memories, infiltrate a terrorist organization bent on world domination through mind control technology. Master six incredible psi-powers: hurl enemies with telekinesis, drain minds for ammunition, possess soldiers to turn them against allies, create pyrokinetic infernos, see through walls with remote viewing, and slow time itself. Revolutionary Havok physics engine lets you weaponize the environment - crush foes with crates, impale them on pipes, or toss them off ledges. Combine psychic abilities with conventional weapons for creative combat solutions. Uncover a conspiracy that threatens humanity while recovering your erased past in this cult classic that pioneered physics-driven gameplay.",https://images.launchbox-app.com/7c72dedd-ca02-4ae8-9d93-68ee2aa00e46.jpg
Psychonauts,2005-04-19,,87,Platformer,"Enter the mind of Raz, a young psychic cadet at Whispering Rock Psychic Summer Camp who must dive into the twisted mental worlds of others to uncover a sinister plot. Explore wildly imaginative levels inside different characters' minds, each reflecting their unique psyches - from a paranoid conspiracy theorist's milkman suburb to a disco-dancing luchador's neon arena. Master psychic abilities like telekinesis, levitation, and pyrokinesis to solve puzzles and battle mental demons. Collect emotional baggage, sort through mental cobwebs, and help characters overcome their deepest fears. Tim Schafer's signature humor shines through clever writing and memorable characters. This platforming adventure blends surreal art design with inventive gameplay mechanics.",https://images.launchbox-app.com/86fd077b-7cc6-4834-bfcd-79e7e1fed39b.jpg
Psyvariar 2,2004-02-26,,,Shooter,"Psyvariar 2 pushes the boundaries of bullet-hell shooters with its revolutionary ""Buzz System"" that rewards fearless pilots who graze enemy fire. This intense vertical scrolling shooter transforms near-misses into power, as your ship grows stronger the closer you fly to danger. Choose from multiple ships and navigate through waves of intricate bullet patterns that fill the screen with mesmerizing geometric designs. The game's unique leveling system evolves your craft in real-time based on your playstyle, while branching stage paths offer different challenges each playthrough. Master the art of controlled chaos as you weave through impossibly dense curtains of projectiles, turning split-second decisions into massive score multipliers in this adrenaline-fueled arcade masterpiece.",https://images.launchbox-app.com/8cb064f4-d201-4cd3-b5d0-743aede72653.jpg
Pulse Racer,2003-01-16,,52,Racing,"Experience futuristic racing where speed comes at the ultimate price - your life force. In Pulse Racer, pilots push their bodies to the limit, using their own heart rate as a turbo boost system. Race across five intense tracks at blistering speeds, but monitor your vital signs carefully - push too hard and face cardiac arrest. The revolutionary INFINITRAX system generates infinite custom tracks based on your parameters, creating endless racing possibilities with varying curves, widths, hills, and terrain. Collect plasma orbs to take corners without losing speed, deploy missiles and mines against opponents, and grab health power-ups to stay in the race. Career mode features three leagues of increasing difficulty, unlocking new characters and track creation options as you progress. Time trials test your solo skills while four-player split-screen brings intense local competition. This high-stakes racing thriller combines traditional kart racing with a unique life-or-death twist that keeps your adrenaline pumping.",https://images.launchbox-app.com/f35724e0-c87c-42ea-915f-c4059ee52bfc.jpg
Pump It Up: Exceed,2005-08-29,,71,Rhythm,"Experience the ultimate dance revolution with Pump It Up: Exceed, the rhythm game that transforms your living room into a Korean dance club. Master the unique five-button dance mat featuring center and corner arrows that create more complex and satisfying step patterns than traditional four-arrow games. Groove to over 100 songs spanning K-Pop sensations, BanYa's original electronica, and American artists like Crystal Method and Sugarhill Gang. Challenge yourself across multiple modes including Home, Sudden Death where one mistake ends your run, and Survival mode that tests your endurance. Practice tricky sections with tutorial mode, then unlock new songs and gameplay modifiers as you improve. The two-player support with dual mats brings competitive battles and cooperative performances that turn any gathering into a dance party. This authentic arcade experience delivers the most diverse and challenging home dance game on Xbox.",https://images.launchbox-app.com/58d5d6a4-a9e2-4194-9d15-689e199d16eb.jpg
The Punisher,2005-01-16,,69,Action,"Step into the boots of Frank Castle, Marvel's most ruthless vigilante, in this brutal third-person action game that pushes the boundaries of comic book violence. Unleash devastating interrogation techniques to extract information from criminals, using everything from drills to piranhas as tools of persuasion. The innovative punishment system rewards creative brutality with weapon upgrades and special kills. Dual-wield an arsenal of firearms while executing bone-crushing melee combos that paint environments red with stylized gore. Environmental kills transform everyday objects into instruments of vengeance. Featuring the voice of Thomas Jane from the 2004 film, experience a dark narrative that blends Marvel lore with unflinching mature themes. Raw, visceral combat meets comic noir storytelling.",
Pure Pinball,2004-07-27,,70,Pinball,"Experience pinball perfection with Pure Pinball, widely acclaimed as one of the finest pinball simulations ever created. Immerse yourself in meticulously crafted themed tables, each featuring unique mechanics, missions, and game modes that capture the authentic feel of real arcade machines. The advanced physics engine faithfully reproduces ball movement, flipper mechanics, and table interactions with stunning accuracy that satisfies even hardcore pinball purists. Choose from multiple dynamic camera angles that follow the silver ball through ramps, loops, and multi-level playfields. Master each table's intricate rule sets, discover hidden bonuses, activate multiball mayhem, and chase high scores across expertly designed layouts. The exceptional graphics showcase detailed table artwork, realistic lighting effects, and smooth ball physics while authentic sound effects and atmospheric music complete the arcade experience. This is digital pinball at its absolute finest.",https://images.launchbox-app.com/c2ff8722-b509-4374-8ae9-cc558a4eace9.jpg
Puyo Pop: Fever,2004-02-27,,71,Puzzle,"Dive into the wildly addictive world of Puyo Pop Fever, where colorful blobs rain down in frantic puzzle battles! Master the art of chaining as you match four or more Puyos of the same color, triggering massive combos that bury your opponents in garbage blocks. The revolutionary Fever Mode transforms the gameplay - fill your gauge to enter a trance-like state where preset chains explode automatically, letting you rack up astronomical scores. Choose from quirky characters like Amitie and Raffine, each with unique dropsets and strategies. Battle through the whimsical story mode, challenge friends in versus matches, or test your skills in endless mode. With its vibrant presentation, catchy music, and perfectly balanced risk-reward mechanics, this puzzle phenomenon delivers endless hours of competitive fun.",
Quantum Redshift,2002-09-09,,73,Racing,"Blast through the future at breakneck speeds in Quantum Redshift, a futuristic racing game that pushes the Xbox to its limits. Pilot sixteen unique speed machines across stunning tracks that span the globe, from neon-lit cityscapes to treacherous mountain passes. Each racer comes with their own backstory and rival, creating personal vendettas that fuel the competition. Master the art of drafting behind opponents to build your turbo boost, then unleash devastating weapons to clear your path to victory. The game's innovative nemesis system ensures that your rivals remember past encounters, making each race more intense than the last. With speeds exceeding 900mph, tracks that twist through loops and corkscrews, and a pumping techno soundtrack, Quantum Redshift delivers pure adrenaline-fueled racing action that showcases the raw power of Xbox hardware.",https://images.launchbox-app.com/43d6aae6-914c-49d5-9bde-8d52354fcd30.jpg
R: Racing Evolution,2003-11-25,,65,Racing,"R: Racing Evolution blends arcade thrills with simulation depth in Namco's ambitious racing experience. Master the revolutionary Pressure System where aggressive driving rattles opponents, opening opportunities to overtake through psychological warfare. Race across diverse disciplines from rally to GT championships, with each car class demanding unique techniques. The story-driven Racing Life mode puts you in the shoes of an aspiring driver climbing through professional ranks, complete with rivalries and team dynamics. Physics strike a perfect balance between accessibility and realism, rewarding precise cornering while keeping action fast-paced. From street circuits to challenging mountain passes, tracks span the globe with dynamic weather adding strategic depth. With extensive car customization and tuning options, create your perfect racing machine.",https://images.launchbox-app.com/23bc8200-71b2-4ee5-90bd-35949beeae81.jpg
RalliSport Challenge,2002-03-04,,88,Racing,"RalliSport Challenge delivers heart-pounding rally racing across 48 diverse tracks spanning four distinct racing disciplines. Master traditional Rally events on narrow dirt roads, conquer hill climbs, dominate rallycross circuits mixing tarmac and gravel, and unleash raw speed in ice racing competitions. The game features 29 licensed vehicles from renowned manufacturers, each meticulously tuned for specific racing styles. Dynamic weather conditions and realistic damage modeling test your skills as cars deform and handle differently after collisions. Xbox Live integration enables intense multiplayer battles while the career mode challenges you to become the ultimate rally champion. Stunning visuals showcase detailed environments from sun-drenched deserts to snow-covered mountains, with particle effects bringing dust, mud, and snow to life. Precise analog controls and adjustable difficulty ensure both newcomers and veterans experience the perfect balance of arcade thrills and simulation depth.",https://images.launchbox-app.com/42bbb8fd-3e9a-4705-a5f6-ba3b6f4ffd4c.jpg
RalliSport Challenge 2,2004-04-20,,87,Racing,"RalliSport Challenge 2 delivers an adrenaline-pumping rally racing experience across diverse motorsport disciplines. Master five distinct racing styles including Rally, Hillclimb, Ice Racing, Rallycross, and Crossover events. Tackle 90+ challenging tracks spanning frozen tundras, dusty deserts, and muddy forests with dynamic weather effects that transform racing conditions. Choose from 40+ licensed vehicles ranging from classic rally icons to modern WRC machines, each with authentic handling physics. The innovative career mode lets you build your reputation across multiple racing leagues while earning upgrades. Experience intense wheel-to-wheel racing in multiplayer modes supporting up to 16 players on Xbox Live. Stunning visuals showcase realistic car damage and deformation that affects vehicle performance.",https://images.launchbox-app.com/e24fff33-0cd4-44c1-bd37-fcdbd57912cc.jpg
Rally Fusion: Race of Champions,2002-11-19,,64,Racing,"Experience the prestigious Race of Champions in this officially licensed racing game that brings Gran Canaria's elite motorsport event to your Xbox. Take control of 19 iconic rally machines including the legendary Lancia 037, powerful Peugeot 306 Maxi, and the specialized ROC buggy, each authentically recreated with unique handling characteristics. Battle across 19 diverse tracks that expand beyond the real event, featuring challenging surfaces from tarmac to gravel, dirt to ice. The game captures the unique head-to-head format of the Race of Champions, where drivers from different racing disciplines compete on equal terms. Master various racing styles as you progress through championship modes, time trials, and multiplayer showdowns. Precision handling combines with arcade accessibility, making every race an intense battle of skill. Whether powersliding through tight corners or launching over jumps, this celebration of motorsport excellence delivers pure racing thrills.",https://images.launchbox-app.com/cb0c90b6-6b9e-4348-9872-d992d00568b9.jpg
Ratatouille,2007-06-26,,65,Platformer,"Join Remy, a rat with extraordinary culinary talents, in this charming adventure based on the Pixar film. Navigate the bustling streets and rooftops of Paris while dodging dangers and collecting ingredients for your recipes. Master platforming challenges across vibrant environments from sewers to Gusteau's famous restaurant kitchen. Use Remy's keen sense of smell to discover hidden paths and secrets. Team up with your brother Emile for cooperative puzzles and mini-games. Create delicious dishes in cooking challenges that test your timing and precision. Experience the heartwarming story through beautifully animated cutscenes featuring the film's beloved characters. With accessible gameplay perfect for all ages, Ratatouille serves up a delightful mix of adventure, puzzle-solving, and culinary creativity.",https://images.launchbox-app.com/d4a90a46-1cfe-4023-bf9f-4032b4d2b4a0.jpg
Rayman 3: Hoodlum Havoc,2003-03-18,,83,Platformer,"Join Rayman in his most outrageous adventure yet as he battles the evil Black Lum André and his army of Hoodlums! This vibrant 3D platformer transforms Rayman with incredible Combat Fatigues that grant temporary superpowers - from the Heavy Metal Fist's devastating punches to the Lockjaw's grappling chain swings. Navigate stunning worlds filled with quirky humor, from mystical swamps to mechanical fortresses. Master Rayman's signature helicopter hair and powerful fist attacks while collecting gems and freeing imprisoned Teensies. With its irreverent humor, funky soundtrack, and inventive level design that rewards exploration, Rayman 3 delivers pure platforming joy with a mischievous twist that sets it apart from typical mascot adventures.",https://images.launchbox-app.com/05757705-cafc-4190-8f7b-ea0d7f57923c.jpg
Rayman Arena,2002-03-19,,70,Party,"Rayman Arena brings the limbless hero and his colorful cast into frantic multiplayer mayhem. Race through twisting obstacle courses filled with speed pads, shortcuts, and power-ups while battling up to four players simultaneously. Switch to intense battle arenas where you'll dodge projectiles, set traps, and use special abilities to outsmart opponents. Choose from eight unique characters including Rayman, Globox, and the sinister Razorbeard, each with distinct attributes affecting speed and combat prowess. The game features twelve race tracks spanning lush jungles, frozen glaciers, and mechanical factories, plus twelve battle arenas designed for strategic combat. With split-screen multiplayer supporting four players locally, Rayman Arena transforms the whimsical platforming universe into an addictive party game experience where reflexes and cunning determine victory.",https://images.launchbox-app.com/8a21851b-1425-4e19-bf4d-72747a1d036c.jpg
Raze's Hell,2005-04-21,,71,Action,"Wage war against sickeningly sweet invaders in this darkly comedic action game where you play as Raze, a monstrous hero fighting to save his ugly world from the Kewletts - adorable creatures spreading their cuteness like a plague. Armed with an arsenal of organic weapons and the ability to roll into a destructive ball, battle through twisted fairytale landscapes corrupted by forced happiness. Command squads of fellow monsters, hijack enemy vehicles, and unleash environmental destruction across massive levels. The game's satirical edge cuts deep as you liberate concentration camps where ugly creatures are forcibly transformed into cute beings. With its blend of third-person shooting, platforming, and vehicle combat, Raze's Hell delivers a uniquely subversive experience that gleefully tears apart gaming's obsession with cuteness while serving up satisfying carnage and pitch-black humor.",https://images.launchbox-app.com/e2742e24-8baf-4dce-851a-80fbb2d4c6e6.jpg
Real World Golf,2005-04-08,,64,Sports,"Real World Golf revolutionizes the sports genre by bringing true-to-life swing mechanics to your living room. Using the innovative Gametrak controller system, every movement of your actual golf swing translates directly into the game - from powerful drives to delicate putts. Master 10 stunning championship courses featuring realistic physics and dynamic weather conditions. Choose from multiple game modes including stroke play, match play, and skills challenges. The game tracks your swing speed, angle, and follow-through, rewarding proper technique just like real golf. Practice at the driving range to perfect your form, then compete in tournaments against AI opponents or challenge friends in multiplayer matches. With its groundbreaking motion-sensing technology and authentic golf simulation, Real World Golf delivers the most immersive home golfing experience available on Xbox.",https://images.launchbox-app.com/82c223df-6057-4f8a-b074-f383e42ef423.jpg
Red Dead Revolver,2004-05-03,,73,Western Action,"Step into the boots of bounty hunter Red Reid in this gritty Western revenge tale. Red Dead Revolver delivers intense gunslinging action across dusty frontier towns and scorching deserts. Master the art of the quick draw with Dead Eye targeting that slows time for precision shots. Face off against outlaws in dramatic duels, unleash devastating combos in hand-to-hand brawls, and wield authentic period weapons from revolvers to rifles. Each playable character brings unique abilities to the fight. Experience a cinematic story of vengeance told through stylized cutscenes inspired by spaghetti Westerns. Multiplayer showdowns let you test your skills against friends in split-screen battles. With its cell-shaded visuals, memorable boss fights, and arcade-style scoring system, Red Dead Revolver blazes its own trail in the Wild West genre.",https://images.launchbox-app.com/ddc6e28c-4cd7-428d-94f8-77b361137997.jpg
Red Faction II,2002-11-18,,73,Shooter,"Red Faction II thrusts you into a dystopian future where you lead a squad of nano-enhanced super soldiers against a tyrannical dictator. As demolitions expert Alias, unleash devastating Geo-Mod technology to blow through walls, ceilings, and entire structures in completely destructible environments. Every surface can be destroyed, creating dynamic combat scenarios and tactical opportunities. Wield an arsenal of futuristic weapons including rail drivers, assault rifles, and heavy explosives. Experience intense vehicle combat in tanks, submarines, and aircraft. The game features fast-paced arcade action with dual-wielding capabilities, diverse mission objectives, and memorable boss battles. Local split-screen multiplayer offers explosive deathmatches with customizable bots. Red Faction II delivers pure adrenaline-fueled combat where destruction is your greatest weapon.",https://images.launchbox-app.com/1f1cbdeb-38de-4573-b20b-61e9866debc5.jpg
Red Ninja: End of Honor,2005-03-29,,46,Stealth Action,"Experience the deadly art of the kunoichi in this stealth-action adventure set in feudal Japan. As Kunoha, a female ninja seeking vengeance for her father's murder, wield the unique Tetsugen wire - a razor-sharp weapon that slices through enemies and serves as a grappling hook for traversing environments. Master the art of seduction to distract guards, then strike from the shadows with lethal precision. Navigate through authentic Japanese castles and villages using acrobatic skills and wall-running abilities. Choose your approach: eliminate targets with brutal wire attacks, use stealth takedowns, or set deadly traps. The game blends visceral combat with strategic infiltration as you uncover a conspiracy involving rival clans and supernatural forces.",https://images.launchbox-app.com/890ab060-492f-4fe1-aee5-4944ebb56726.jpg
RedCard 2003,2002-06-24,,67,Sports,"Experience the most brutal soccer game ever created with RedCard 2003. This isn't your typical football match - it's a full-contact sport where tackles, punches, and all-out brawls are not only allowed but encouraged. Build up your REDCARD meter by playing dirty, then unleash devastating special moves that send opponents flying across the pitch. Choose from 32 international teams and dominate in various game modes including World Conquest, where you battle for global supremacy. The game features an innovative Hotshot system that boosts your players' abilities when they're on fire, turning matches into explosive displays of athletic violence. With arcade-style gameplay that rewards aggression over finesse, every match becomes a chaotic blend of soccer and street fighting where the only rule is win at any cost.",
Reign of Fire,2002-11-19,,56,Action,"Battle dragons as humanity's last hope in this intense action game based on the post-apocalyptic film. Choose your side in the war for survival - play as human resistance fighters struggling to reclaim Earth, or command the dragon hordes bent on total domination. Master both ground combat and aerial dragon battles across scorched landscapes of future Britain. As a human, use tanks, jeeps, and anti-aircraft weapons to bring down massive fire-breathing beasts. As a dragon, unleash devastating flame attacks and aerial maneuvers to crush human opposition. Experience two complete campaigns with unique missions, vehicles, and strategies. Engage in fierce multiplayer battles where humans and dragons clash for supremacy. The fate of the world hangs in the balance as ancient creatures and modern weapons collide.",https://images.launchbox-app.com/c4b89048-40c9-4dca-9a4a-9c1b30634434.jpg
Rent-A-Hero No. 1,2003-09-04,,,Action RPG,"Rent-A-Hero No. 1 transforms you into an unlikely superhero when a special combat suit arrives at your door by mistake. This quirky action-RPG blends beat-em-up combat with everyday heroics as you take on odd jobs to pay rent while battling bizarre villains threatening the city. The innovative rental system has you earning money through heroic deeds, from stopping purse snatchers to facing off against evil corporations. Mix martial arts combos with suit-powered special moves in real-time battles. Between missions, explore the vibrant city, interact with eccentric NPCs, and upgrade your suit's abilities. With its satirical humor, unique premise of a debt-ridden hero, and blend of mundane tasks with epic showdowns, this Dreamcast cult classic offers an offbeat superhero experience unlike any other.",https://images.launchbox-app.com/f428b459-0f57-4c62-8946-d5371c677011.jpg
Reservoir Dogs,2006-10-24,,44,Action,"Experience the gritty world of Quentin Tarantino's crime masterpiece in this intense third-person shooter. Play through the film's iconic heist gone wrong, switching between six distinct characters, each with unique abilities and perspectives on the botched diamond robbery. Engage in visceral shootouts with bullet-time mechanics, take hostages as human shields, and intimidate civilians to maintain control. The game expands beyond the movie with new storylines revealing what happened to each criminal before the warehouse showdown. Master a threatening reputation system where your actions determine whether cops surrender or fight back. Professional mode challenges hardcore players with realistic damage and limited saves. Featuring the film's actors including Michael Madsen, authentic dialogue, and that unforgettable soundtrack.",https://images.launchbox-app.com/f49cf025-fb71-4d27-9d13-debf3ac1dd14.jpg
Return to Castle Wolfenstein: Tides of War,2003-05-06,,80,Shooter,"Return to Castle Wolfenstein: Tides of War brings the legendary Wolfenstein series to Xbox with intense World War II action. Play as B.J. Blazkowicz, an Allied spy infiltrating Nazi strongholds to stop their occult experiments and supernatural weapons program. Experience a thrilling single-player campaign featuring stealth missions, all-out firefights, and encounters with undead creatures and biomechanical horrors. The Xbox-exclusive Tides of War expansion adds new weapons, environments, and a Secret Weapons of WWII storyline. Multiplayer combat supports up to 16 players on Xbox Live with objective-based team battles across Axis vs Allies maps. Wield an arsenal of authentic WWII weapons alongside experimental Nazi technology like the Tesla gun and Venom minigun. Navigate atmospheric environments from ancient crypts to secret laboratories as you uncover Heinrich Himmler's paranormal conspiracy.",https://images.launchbox-app.com/1dfd0533-92e9-4876-ad9d-772e601b4786.jpg
Richard Burns Rally,2004-07-06,,85,Racing,"Richard Burns Rally delivers the most authentic and demanding rally racing experience ever created. Master the art of rally driving across 36 grueling stages spanning 8 countries, from Finland's high-speed gravel roads to Japan's tight tarmac corners. Every surface demands different techniques - gravel, tarmac, snow, and ice all behave realistically, requiring precise throttle control and weight transfer. The revolutionary physics engine simulates every aspect of vehicle dynamics, making this the ultimate test of driving skill. Choose from licensed rally cars including Subaru Impreza, Mitsubishi Lancer Evolution, and Peugeot 206 WRC. The comprehensive Rally School teaches real techniques used by professional drivers, while the career mode challenges you to become world champion across multiple seasons. With no driving aids or arcade compromises, Richard Burns Rally remains the benchmark for hardcore rally simulation, demanding total concentration and rewarding mastery with unmatched satisfaction.",https://images.launchbox-app.com/a3039df1-d57a-4eaf-ad92-b3985421efc2.jpg
RoadKill,2003-10-13,,67,Vehicular Combat,"RoadKill is a vehicular combat game set in a post-apocalyptic wasteland where gangs battle for control of the desolate highways. Drive heavily armed vehicles through three massive free-roaming cities, completing missions for rival factions while engaging in explosive car-to-car combat. Customize your ride with an arsenal of weapons including machine guns, rockets, and flamethrowers. The game features a dark humor-filled story campaign where you play as Mason, seeking revenge against the ruthless Axle gang. Explore sprawling environments filled with hidden collectibles, side missions, and radio stations playing licensed rock and metal tracks. Experience intense demolition derby-style battles in both single-player and multiplayer modes.",https://images.launchbox-app.com/be0505e6-39f1-4219-84dc-bfa0a8adcb54.jpg
Robin Hood: Defender of the Crown,2003-11-06,,56,Strategy,"Experience medieval England like never before in Robin Hood: Defender of the Crown, where strategy meets swashbuckling action. Lead the legendary outlaw and his Merry Men against the tyrannical Sheriff of Nottingham in this unique blend of real-time strategy and arcade combat. Conquer territories across a beautifully rendered map of England, build your army, and engage in thrilling sword fights, jousting tournaments, and castle sieges. Master archery challenges to win gold and hearts, rescue Maid Marian from danger, and unite Saxon lords against Norman oppression. Every decision shapes your rebellion as you balance resource management with daring raids on enemy strongholds. With multiple paths to victory and dynamic gameplay that combines strategic conquest with heroic action sequences, become the hero Sherwood Forest needs.",https://images.launchbox-app.com/311ceffc-09d1-4f53-93f0-d59cff164944.jpg
RoboCop,2003-07-24,,31,Shooter,"Step into the titanium boots of Alex Murphy, the cyborg law enforcer RoboCop, in this intense action shooter that brings justice to the crime-ridden streets of Old Detroit. Battle through waves of ruthless criminals, drug dealers, and corporate conspirators using your advanced targeting system and powerful Auto-9 pistol. Master RoboCop's unique abilities including thermal vision, riot shield, and devastating breaching charges to dismantle criminal operations. Experience a gripping story that explores themes of humanity, corruption, and redemption while upholding your prime directives. Upgrade your cybernetic systems, unlock new weapons, and make critical decisions that affect Detroit's future. With visceral combat, environmental destruction, and authentic RoboCop atmosphere, deliver your own brand of justice where serve, protect, and survive collide in spectacular fashion.",https://images.launchbox-app.com/f14fcd65-622e-406d-946a-f1439e7d5aba.jpg
Robotech: Battlecry,2002-09-23,,75,Mech Action,"Take control of transforming Veritech fighters in this cel-shaded adaptation of the legendary Robotech saga. Pilot your mecha through explosive battles across land, air, and space as you defend Earth from the alien Zentraedi invasion. Master three distinct combat modes - sleek Fighter jets for aerial dogfights, hybrid Guardian mode for versatile combat, and towering Battloid robots for ground warfare. Experience an original storyline featuring hero Jack Archer alongside classic characters like Rick Hunter and Roy Fokker. Engage in intense missions ranging from city defense to deep space battles, earning upgrades and unlocking new Veritech models. The distinctive anime-inspired visuals bring the beloved 80s series to life with vibrant colors and fluid transformations. Fast-paced arcade action meets strategic mode-switching gameplay as you fight to save humanity.",https://images.launchbox-app.com/95e24945-1284-498d-bbc4-33534637db54.jpg
Robotech: Invasion,2004-10-05,,63,Shooter,"Take control of a Cyclone transformable mecha in this intense third-person shooter set in the Robotech universe. As resistance fighter Lancer, battle the alien Invid occupation force across devastated Earth landscapes. Seamlessly transform between high-speed motorcycle and heavily-armed battle armor modes during combat. Engage enemies with an arsenal of devastating weapons including pulse rifles, missile launchers, and the powerful Synchro Cannon. Experience both single-player campaign missions and split-screen multiplayer battles. Master tactical transformation timing to outmaneuver Invid scouts, shock troopers, and massive enemy mechs. Explore post-apocalyptic environments while uncovering the mystery behind humanity's struggle for survival in this action-packed addition to the Robotech saga.",https://images.launchbox-app.com/e4ade50f-1815-42be-8507-d8ad63f036db.jpg
Robots,2005-02-22,,60,Platformer,"Based on the 2005 animated film, Robots puts you in the metallic shoes of Rodney Copperbottom as he battles the evil corporate tyrant Ratchet. Navigate through Robot City's sprawling districts, from the gleaming Rivet Town to the dangerous Chop Shop. Master unique combat mechanics using upgradeable parts and scavenged components to build your fighting arsenal. Team up with memorable characters like Fender and Piper while solving environmental puzzles that require creative use of your robotic abilities. Experience fast-paced platforming across conveyor belts, magnetic tracks, and industrial hazards. Collect scrap metal to unlock new moves and customize Rodney's appearance. The game features vibrant cel-shaded graphics that bring the film's distinctive art style to life, complete with the original voice cast. Battle through hordes of Ratchet's minions using inventive gadgets and acrobatic combos in this action-packed adventure that captures the heart and humor of the beloved animated film.",
Robot Wars: Extreme Destruction,2002-11-22,,53,Fighting,"Build, battle, and destroy in the ultimate robot combat arena! Robot Wars: Extreme Destruction brings the explosive TV show to your Xbox with fully customizable battle machines. Design your robot warrior from scratch using hundreds of components including flippers, hammers, saws, and devastating spinning discs. Test your creation across multiple game modes from quick skirmishes to grueling tournaments. Navigate deadly arena hazards like pit traps, flame jets, and the infamous house robots Sir Killalot and Matilda. Challenge friends in split-screen multiplayer mayhem or perfect your design in the comprehensive workshop. With realistic physics and spectacular damage modeling, every impact counts as armor flies and sparks shower the battlefield.",https://images.launchbox-app.com/0026cdea-bb57-46db-84aa-c8adb2f9f883.jpg
Rocky,2004-11-17,,58,Sports,"Step into the ring as Rocky Balboa in this intense boxing experience that captures the heart and soul of the legendary film franchise. Master Rocky's signature moves and fighting style as you battle through a roster of iconic opponents including Apollo Creed, Clubber Lang, and Ivan Drago. The innovative Total Punch Control system gives you unprecedented command over every jab, hook, and uppercut using the analog sticks. Train hard in Mickey's Gym to build your strength, speed, and stamina through engaging mini-games. Feel every brutal impact with realistic damage modeling that affects your performance. Create your own boxer and rise through the ranks in Career Mode, or relive classic movie moments in Story Mode. With authentic venues, dramatic presentation, and the unforgettable Rocky soundtrack pumping through every match, this is the ultimate boxing tribute to the Italian Stallion's legacy.",https://images.launchbox-app.com/efa9994d-3ff4-4ab2-b636-9025780d8ba2.jpg
Rocky Legends,2004-09-28,,66,Sports,"Step into the ring as boxing's greatest legends in Rocky Legends, the ultimate fighting game that spans decades of boxing history. Create your own legacy by playing through the careers of Rocky Balboa, Apollo Creed, Clubber Lang, and Ivan Drago, each with unique storylines that explore their rise to championship glory. Master devastating combos, signature moves, and powerful super punches as you battle through 40 different venues from dingy gyms to packed arenas. The innovative training mode lets you build your fighter's stats through classic mini-games like speedbag, heavy bag, and jump rope exercises. Face off against friends in intense multiplayer bouts or conquer the extensive career mode that reveals untold stories from the Rocky universe. With brutal knockouts, realistic damage modeling, and authentic movie locations, Rocky Legends delivers the definitive boxing experience that puts you in the shoes of cinema's most iconic fighters.",https://images.launchbox-app.com/aeccca5f-51af-4479-a9bd-c0bf3a811623.jpg
Rogue Ops,2003-10-28,,58,Stealth,"Step into the shadows as Nikki Connors, an elite covert operative on a vengeful mission against the terrorist organization Omega 19. This stealth-action thriller combines tactical espionage with intense combat across global locations from military bases to exotic strongholds. Master an arsenal of high-tech gadgets including thermal vision, zip lines, and remote cameras to infiltrate enemy territory undetected. Choose your approach - slip past guards using advanced stealth mechanics or engage in visceral hand-to-hand combat with motion-captured martial arts. Navigate through destructible environments, hack security systems, and use enemy disguises to complete objectives. With its emphasis on player choice, cinematic presentation, and blend of stealth and action gameplay, Rogue Ops delivers a gripping espionage experience where every mission tests your skills as the ultimate shadow warrior.",https://images.launchbox-app.com/b339155c-6f5b-45c7-ac02-d0572d807724.jpg
Rogue Trooper,2006-05-23,,75,Shooter,"Step into the boots of Rogue, a genetically-engineered super soldier fighting for survival on the war-torn planet of Nu-Earth. This third-person tactical shooter brings the legendary 2000 AD comic character to life with intense combat and unique gameplay mechanics. Your fallen comrades live on as biochips - Gunnar becomes your sentient rifle, Bagman manages equipment, and Helm provides tactical support. Switch seamlessly between stealth assassination and explosive firefights as you battle through toxic wastelands filled with Nort forces. Use the deadly environment to your advantage, setting traps and creating distractions. Experience a gripping revenge story with dynamic AI companions that provide real-time battlefield assistance. Master an arsenal of futuristic weapons and gadgets in this atmospheric sci-fi adventure where brotherhood transcends death itself.",https://images.launchbox-app.com/399c2009-a799-4f03-9607-63f3aec560e4.jpg
RollerCoaster Tycoon,2003-03-25,,75,Simulation,"Build and manage your dream amusement park in this beloved simulation classic! Design incredible roller coasters with intuitive tools that let you craft every twist, drop, and loop. Place gentle rides, thrilling attractions, shops, and facilities to keep guests happy and spending. Manage staff, set prices, and run marketing campaigns to grow your empire. Create custom scenarios or tackle challenging objectives across diverse landscapes. The game's deep economic simulation rewards smart planning - balance thrills with safety, excitement with comfort. Watch as thousands of individual guests explore your park, each with unique preferences and reactions. From wooden coasters to steel giants, haunted houses to water rides, unleash your creativity across endless possibilities. Master the art of park design to become a true tycoon!",https://images.launchbox-app.com/20303b9b-f05f-4d5f-84d5-3bdbd136c608.jpg
Rolling,2003-10-24,,67,Extreme Sports,"Experience the authentic world of aggressive inline skating in Rolling, a realistic simulation developed with input from twenty professional skaters. Grind rails, launch off ramps, and pull off technical tricks across fourteen levels based on real international skate parks. The game emphasizes realism over arcade action, featuring physics-based gameplay that captures the precise movements and momentum of actual inline skating. Master an extensive trick system combining grabs, flips, spins, and grinds to complete varied objectives and challenges. Each pro skater brings unique style and signature moves to the concrete playgrounds. From urban street courses to massive vert ramps, every environment demands different approaches and strategies. While it may lack the innovation of contemporary extreme sports titles, Rolling delivers a pure inline skating experience focused on authentic technique and style that hardcore skating enthusiasts will appreciate.",
Rugby 06,2006-02-06,,71,Sports,"Experience the intensity of international rugby with authentic teams, players, and stadiums from around the world. Master the intricate gameplay mechanics including rucks, mauls, scrums, and lineouts with refined controls that capture the sport's tactical depth. Choose from 20 national teams and 12 Super 12 sides, featuring real player likenesses and authentic kits. The innovative momentum system rewards aggressive play and smart tactics, while the new kicking meter adds precision to conversions and penalties. Career mode lets you guide your team through tournaments including the World Cup, Six Nations, and Tri-Nations championships. Enhanced AI provides realistic opposition that adapts to your playing style. With fluid animations, dynamic weather conditions affecting gameplay, and authentic stadium atmospheres, Rugby 06 delivers the most comprehensive rugby simulation of its generation.",https://images.launchbox-app.com/5fb84095-47e7-498e-ba90-ef8a55065e1b.jpg
Rugby 2005,2005-03-08,,65,Sports,"Experience the intensity of international rugby with EA Sports' Rugby 2005. Take control of over 60 teams including national squads and Super 12 clubs in this authentic rugby simulation. Master the strategic depth with realistic rucks, mauls, and scrums while executing precise kicks and explosive running plays. The game features multiple tournament modes including the Six Nations, Tri-Nations, and World Championship. Dynamic weather conditions and realistic stadium atmospheres add to the immersion. Advanced AI opponents adapt to your tactics, demanding quick thinking and skillful play execution. With intuitive controls for newcomers and deep gameplay mechanics for veterans, Rugby 2005 delivers the complete oval ball experience on Xbox.",https://images.launchbox-app.com/2e4675d9-3abe-47c5-9797-4cc05c03139f.jpg
Rugby Challenge 2006,2006-06-08,,64,Sports,"Master the complete rugby union experience in Rugby Challenge 2006, featuring extensive career management and multiple game modes. Build your dynasty through the deep career mode where you recruit players, negotiate trades, and manage every aspect of your club's rise to glory. Compete in authentic tournaments including international and club competitions with up to four players in local multiplayer battles. Test your skills in unique Challenge Modes - survive as long as possible in Survival mode, relive legendary matches in Classic mode, or prove yourself against the best in Superstar mode. Unlock historic teams and classic games as you progress. The comprehensive editor lets you customize players, teams, and tournaments to your liking. With commentary from John Inverdale and Dewi Morris bringing matches to life, plus full training modes to perfect your tactics, this delivers the most complete rugby management and gameplay experience on Xbox.",https://images.launchbox-app.com/aa7d2903-def2-4158-9f45-4acdf594020a.jpg
Rugby League,2003-12-12,,53,Sports,"Rugby League brings authentic rugby action to Xbox with officially licensed teams and players from the National Rugby League. Experience the intensity of the world's toughest rugby code with realistic gameplay mechanics including tactical kicking, bone-crunching tackles, and strategic set plays. Master the unique rugby league rules with six-tackle sets, scrums, and goal-line drop-outs. Create custom tournaments, manage your team through full seasons, or jump into quick matches. Advanced AI opponents adapt to your playing style, while multiplayer modes let you challenge friends locally. Featuring detailed player statistics, team management options, and multiple difficulty settings, Rugby League delivers the complete oval-ball experience. Whether executing perfectly-timed offloads or organizing defensive lines, every match captures the raw power and tactical depth of professional rugby league.",https://images.launchbox-app.com/e0629c69-5423-415e-bec4-4da62ccc90c2.jpg
Rugby League 2,2005-12-09,,60,Sports,"Take control of your favorite NRL teams in Rugby League 2, the ultimate rugby league simulation. Experience the bone-crunching tackles and lightning-fast plays that define the sport. Master authentic gameplay mechanics including grubber kicks, chip and chase, and the crucial play-the-ball. Build your dream team in comprehensive Career Mode, guiding them from rookies to premiership glory. Features official NRL teams, players, and stadiums bringing the atmosphere of Suncorp and ANZ to your screen. Execute set plays, manage player fatigue, and make split-second tactical decisions. Online multiplayer lets you test your skills against players worldwide. With improved AI, realistic physics, and dynamic weather conditions affecting gameplay, every match tells a unique story of triumph or heartbreak.",https://images.launchbox-app.com/e0629c69-5423-415e-bec4-4da62ccc90c2.jpg
Run Like Hell,2002-09-27,,64,Survival Horror,"Run Like Hell throws you into a desperate fight for survival aboard a remote mining station overrun by alien horrors. As ex-military tough guy Nick Connor, you'll blast through corridors filled with grotesque creatures using an arsenal of upgradable weapons while solving environmental puzzles to progress. The game blends intense third-person shooting with survival horror elements, forcing you to manage limited ammunition while facing relentless alien attacks. Dynamic camera angles heighten the cinematic tension as you navigate claustrophobic spaces and vast industrial areas. Voice acting from Lance Henriksen and Kate Mulgrew brings the desperate scenario to life. With multiple difficulty settings and branching story paths based on your choices, every playthrough offers fresh challenges as you race against time to save the remaining survivors and escape the nightmare.",https://images.launchbox-app.com/b6895b02-b216-4219-a9e1-40a30187ae7d.jpg
Samurai Shodown V,2006-04-11,,68,Fighting,"Samurai Shodown V delivers the ultimate weapon-based fighting experience with its distinctive deliberate pacing and high-stakes combat. Every strike matters in this tactical fighter where a single well-timed slash can turn the tide of battle. The game features 24 diverse warriors, each wielding unique weapons from katanas to naginatas, fighting across beautifully detailed feudal Japanese stages. The innovative Sword Gauge system adds strategic depth - push too hard and your weapon might break, leaving you vulnerable. Multiple gameplay modes include the new Mu no Kyouchi (State of Nothingness) meditation system that slows time for devastating counterattacks. With its emphasis on spacing, timing, and reading opponents over combo memorization, this entry rewards patient, thoughtful play. The gorgeous hand-drawn sprites and atmospheric soundtrack create an authentic samurai cinema experience.",https://images.launchbox-app.com/a2f2b1e9-3d56-4c57-801d-df5aa64910ce.jpg
Samurai Warriors,2004-07-13,,74,Hack and Slash,"Experience the epic battles of Japan's Sengoku period in this thrilling hack-and-slash adventure. Command legendary warriors like Nobunaga Oda, Yukimura Sanada, and Hanzo Hattori as you carve through thousands of enemies with devastating combo attacks and powerful Musou special moves. Master unique fighting styles for each of the 15 playable officers, from swift katana strikes to crushing spear thrusts. Conquer massive battlefields where your tactical decisions shape history - defend strategic positions, escort allies, and duel rival generals in intense one-on-one showdowns. Create custom warriors, unlock hidden characters, and rewrite Japan's bloodiest era across multiple story campaigns. With split-screen co-op, survival challenges, and endless enemy hordes, become the ultimate samurai warrior and unite Japan under your blade.",https://images.launchbox-app.com/a90315a1-4b17-4853-9fea-6be07132cc81.jpg
Scaler,2004-11-17,,69,Platformer,"Transform into Scaler, a pint-sized lizard with the power to become massive creatures! This action-platformer sends you through vibrant worlds where size-shifting is your greatest weapon. Climb walls with gecko-like agility, then morph into giant forms to crush enemies and solve puzzles. Battle through diverse environments from crystal caves to mechanical fortresses, collecting transformation abilities that let you become everything from electric creatures to camouflaged beasts. Each new form grants unique powers - swim through lava, generate shields, or unleash devastating attacks. The game blends classic platforming with innovative shapeshifting mechanics, challenging you to master both precise jumping and strategic transformations. Save the world from the evil Looger in this colorful adventure that constantly surprises with its creative creature designs and dynamic gameplay.",https://images.launchbox-app.com/224e2267-082e-47c9-b933-b55dff7f062d.jpg
Scarface: The World Is Yours,2006-10-08,,75,Action,"Build Tony Montana's empire from scratch in this explosive open-world action game that rewrites the movie's ending. After surviving the mansion assault, rebuild your drug empire across 1980s Miami through strategic territory control and intense combat. Execute deals, eliminate rivals, and manage your growing cartel while avoiding heat from cops and DEA. The innovative Balls Meter rewards aggressive play with rage mode and special executions. Drive exotic cars, pilot boats and aircraft across a detailed recreation of Miami and the Caribbean islands. Unique features include hand-to-hand combat, chainsaw kills, and Tony's signature taunts. Experience the ultimate power fantasy as you reclaim your throne and prove the world is yours.",https://images.launchbox-app.com/5154e24c-a223-4973-8a47-3c8e09723c68.jpg
SCAR: Squadra Corse Alfa Romeo,2005-03-22,,56,Racing,"Experience the thrill of Italian racing excellence in SCAR: Squadra Corse Alfa Romeo. Take the wheel of legendary Alfa Romeo vehicles including the 147 GTA, GT, and 8C Competizione across stunning European circuits. Master realistic handling physics as you compete in Championship, Time Attack, and Arcade modes. Feel the raw power of authentic engine sounds while navigating challenging weather conditions that test your racing skills. Progress through your career unlocking new cars and customization options. From tight city circuits to sweeping mountain passes, each track demands precision driving. Dynamic AI opponents adapt to your skill level, ensuring competitive races. With detailed car models showcasing Alfa Romeo's racing heritage and responsive controls that reward skilled drivers, SCAR delivers an authentic Italian motorsport experience that celebrates speed, style, and engineering excellence.",
Scooby-Doo! Mystery Mayhem,2003-09-10,,65,Adventure,"Join Scooby-Doo and the Mystery Inc. gang in this spooky 3D adventure filled with classic cartoon humor and ghost-hunting action! Explore haunted locations including eerie libraries, creepy museums, and mysterious mansions as you search for clues and solve puzzles. Use the innovative Tome of Doom magical book to capture ghosts and monsters in thrilling chase sequences. Play as both Scooby and Shaggy, switching between characters to use their unique abilities - Scooby can crawl through tight spaces while Shaggy reaches high places. Collect Scooby Snacks for power-ups, discover hidden areas, and unlock classic costumes from the TV series. With original voice acting, authentic sound effects, and faithfully recreated animation style, Mystery Mayhem delivers the perfect blend of platforming, puzzle-solving, and ghost-busting fun that captures the beloved cartoon's spirit.",https://images.launchbox-app.com/bf68e806-f3cf-4212-9653-ed90b97e23c8.jpg
Scooby-Doo! Night of 100 Frights,2002-08-27,,72,Platformer,"Join Scooby-Doo in this spooky 3D platforming adventure through Mystic Manor! When the Mystery Inc. gang's friends mysteriously vanish, it's up to Scooby to brave haunted hallways, creepy graveyards, and secret passages to rescue them. Collect Scooby Snacks to unlock new areas and power-ups like the double jump and helmet bash. Face off against classic villains including the Black Knight, Redbeard's Ghost, and the Creeper across twelve massive levels filled with puzzles and platforming challenges. Explore the sprawling mansion hub world to discover hidden secrets and bonus costumes. With classic cartoon-style graphics, authentic voice acting, and a perfect blend of humor and frights, this nostalgic adventure captures the spirit of the beloved cartoon series while delivering solid platforming gameplay perfect for fans of all ages.",https://images.launchbox-app.com/c67a4c6c-bda1-46dd-92a5-3e7aa1b146d3.jpg
Scooby-Doo! Unmasked,2005-09-12,,62,Platformer,"Join Scooby-Doo and the Mystery Inc. gang in this action-packed 3D platformer adventure! When mysterious villains wearing classic monster costumes threaten the world using strange hi-tech gadgets, it's up to Scooby to save the day. Transform into unique costume power-ups that grant special abilities - become Kung Fu Scooby to unleash martial arts moves, don the Robin Hood outfit for archery skills, or suit up as Bat Scooby to glide across gaps. Explore vibrant cartoon environments from haunted mansions to wild west towns, collecting Scooby Snacks and solving puzzles. Battle familiar foes like the Black Knight Ghost and Pterodactyl Ghost while uncovering clues to unmask the true villain behind the chaos. With hilarious voice acting, classic Scooby humor, and exciting platforming action, this mystery-solving adventure delivers fun for all ages!",https://images.launchbox-app.com/8a856a34-2d02-4d8a-903e-e64a522e49bc.jpg
Scrapland,2005-02-28,,73,Action,"Build, battle, and survive in the bizarre robot metropolis of Chimera! As D-Tritus, a mysterious robot detective, uncover a murder conspiracy that threatens the entire mechanical society. Transform into any of 15 different robot types you encounter, each with unique abilities - become a speedy messenger, powerful enforcer, or stealthy assassin. Engage in high-octane vehicular combat across sprawling cityscapes, customize your own spacecraft with devastating weapons, and explore a vibrant world where robots rule and humans are extinct. Master the art of building and modifying vehicles from scrap parts, race through neon-lit streets, and fight epic bosses in this quirky action-adventure. With its distinctive cel-shaded art style, irreverent humor, and seamless blend of on-foot exploration and aerial dogfights, Scrapland delivers a one-of-a-kind robotic playground where creativity and chaos collide.",https://images.launchbox-app.com/8a1e1d5e-3b0a-4d02-aaea-3d05c2a8e7d1.jpg
SeaBlade,2002-11-12,,55,Action,"Dive into the depths as an elite underwater fighter pilot in SeaBlade, where futuristic naval combat meets high-octane arcade action. Command the revolutionary SeaBlade submarine-fighter hybrid through breathtaking underwater environments, seamlessly transitioning between submarine stealth and fighter jet agility. Engage in intense dogfights against enemy craft while navigating treacherous ocean trenches and ancient underwater ruins. Master an arsenal of torpedoes, missiles, and energy weapons as you uncover a conspiracy threatening the world's oceans. With stunning underwater vistas, dynamic water physics, and adrenaline-pumping combat that defies the laws of physics, SeaBlade delivers a unique aquatic warfare experience. Battle through diverse missions from coral reef ambushes to deep-sea base infiltrations in this forgotten Xbox exclusive that pushed the boundaries of underwater action gaming.",https://images.launchbox-app.com/fcfc914a-a6e1-4f7d-9a2b-c1317d458a9c.jpg
Second Sight,2004-09-21,,73,Action,"Step into the shoes of John Vattic, a parapsychologist with extraordinary psychic abilities and a fractured memory. Second Sight blends stealth action with supernatural powers as you unravel a conspiracy spanning two timelines. Master telekinesis to hurl objects at enemies, use psychic projection to scout ahead unseen, or turn invisible to slip past guards. Switch between past and present storylines, where actions in flashback missions affect your current reality. Combine traditional weapons with mind-bending abilities like possession and psychic attacks. The game's unique dual-narrative structure reveals the mystery behind a failed military operation in Siberia and Vattic's transformation. With its innovative psychic gameplay mechanics and gripping psychological thriller storyline, Second Sight delivers a distinctive action experience.",https://images.launchbox-app.com/39c441e5-797f-485a-9ae9-9671809d32b7.jpg
Secret Weapons Over Normandy,2003-11-18,,78,Flight Combat,"Take to the skies in this thrilling WWII aerial combat game where you pilot over 20 authentic aircraft through the most dangerous missions of the European theater. As James Chase, an elite pilot in Churchill's secret weapons program, you'll dogfight through 30 missions spanning from the Battle of Britain to D-Day and beyond. Master legendary warbirds including the Spitfire, P-51 Mustang, and experimental German jets while engaging in intense aerial battles, strafing runs, and bombing missions. The game features both arcade and realistic flight modes, letting you pull off spectacular maneuvers as you battle the Luftwaffe across historically accurate battlefields. With split-screen multiplayer dogfights and instant action modes, experience the full intensity of WWII air combat.",https://images.launchbox-app.com/9e11df6d-c020-4370-9d67-4eb8823e43e7.jpg
Sega GT 2002,2002-09-02,,80,Racing,"Experience the ultimate racing simulation as you build your career from street racer to professional driver. Choose from over 125 licensed cars including models from Ford, Toyota, Mitsubishi, and more, then customize every aspect from engine tuning to visual modifications. Race through diverse environments from city streets to mountain passes, competing in various events including drag racing, time trials, and circuit races. The innovative Chronicle mode lets you collect and race classic cars through automotive history. Deep customization options allow you to fine-tune gear ratios, suspension, and aerodynamics to create your perfect racing machine. With realistic physics and damage modeling, every race demands precision driving skills to master each unique vehicle's handling characteristics.",https://images.launchbox-app.com/4f873268-9fc8-4c48-af25-917b8a736e03.jpg
Sega GT Online,2004-01-25,,75,Racing,"Take your passion for racing online in Sega GT Online, the ultimate Xbox racing experience that brings authentic GT motorsports to your living room. Choose from over 165 meticulously detailed cars from top manufacturers including Nissan, Toyota, Ford, and Chevrolet, then customize everything from engine tuning to body kits. Start your career in compact cars and work your way up to exotic supercars through challenging license tests and championship races. The revolutionary Xbox Live integration lets you compete against racers worldwide, trade cars, and showcase your custom designs. Experience dynamic weather conditions and realistic physics that reward skillful driving over arcade tricks. With stunning graphics pushing the Xbox hardware and an extensive single-player campaign alongside limitless online competition, Sega GT Online delivers the complete racing package.",https://images.launchbox-app.com/cf07d97c-667d-4773-999a-8594f8474990.jpg
Sega Soccer Slam,2002-03-18,,80,Sports,"Sega Soccer Slam transforms traditional soccer into an adrenaline-fueled arcade spectacle where anything goes. Choose from colorful international teams and unleash devastating special moves in 3-on-3 matches that throw the rulebook out the window. Execute bone-crushing tackles, gravity-defying shots, and spectacular aerial maneuvers as you battle across exotic stadiums from ancient temples to volcanic arenas. Build your Killer Kick meter to unleash unstoppable signature shots unique to each character. The game features a deep Quest mode where you unlock items and power-ups to customize your team's abilities. With its over-the-top action, vibrant cel-shaded graphics, and emphasis on aggressive arcade gameplay over simulation, Soccer Slam delivers fast-paced multiplayer mayhem that's easy to pick up but challenging to master.",https://images.launchbox-app.com/a1938991-3c5f-4997-a2f5-e5d4b78f2b8d.jpg
Sensible Soccer 2006,2006-06-09,,42,Sports,"The legendary football series returns in full 3D with Sensible Soccer 2006, bringing the beloved arcade gameplay to modern consoles under original designer Jon Hare's supervision. This revival maintains the series' signature fast-paced, accessible football action while transitioning from the classic top-down view to a dynamic 3D presentation. Experience the pure joy of football with simple controls that anyone can master, yet offer depth for skilled players to express themselves through precise passing and shooting. The game features hundreds of teams from leagues worldwide, continuing the franchise's tradition of comprehensive football coverage. Quick matches deliver instant arcade thrills while deeper modes let you guide your favorite club to glory. Despite mixed reception from purists preferring the 2D originals, this bold reimagining captures the spirit of Sensible Soccer's pick-up-and-play philosophy, delivering frantic end-to-end football action that prioritizes fun over simulation.",https://images.launchbox-app.com/4b1e452b-5392-45c9-99e4-71cc53775d04.jpg
Serious Sam,2002-11-05,,72,Shooter,"Blast through relentless waves of enemies in Serious Sam, the ultimate old-school first-person shooter that throws subtlety out the window. Armed with an arsenal of devastatingly powerful weapons from double-barreled shotguns to massive cannons, you face off against Mental's alien hordes across ancient Egyptian landscapes. Experience pure adrenaline-fueled chaos as hundreds of screaming Headless Kamikazes, towering Bio-Mechanoids, and skeletal Kleer charge at you simultaneously. The game's signature wide-open battlefields and non-stop action create unforgettable set pieces where strategy meets mayhem. With cooperative multiplayer support, you and friends can tackle the insane onslaught together. Serious Sam delivers unapologetic, explosive fun that celebrates gaming's arcade roots.",https://images.launchbox-app.com/eb4b8a71-f88a-4121-8570-c98f620afe8e.jpg
Serious Sam 2,2005-10-11,,74,Shooter,"Serious Sam 2 catapults you into a wildly colorful universe where Sam ""Serious"" Stone battles the evil overlord Mental across diverse alien worlds. This explosive first-person shooter delivers pure adrenaline-pumping action with its signature formula: massive hordes of enemies, devastating weapons, and relentless combat. Face off against bizarrely creative foes from headless kamikazes to mechanical spiders while wielding an arsenal ranging from double-barreled shotguns to exotic alien weaponry. The game features vibrant cartoon-style graphics, co-operative gameplay for up to 16 players, and vehicle sections including hovercrafts and dinosaurs. With its trademark humor, over-the-top boss battles, and non-stop mayhem across 40+ levels spanning seven unique worlds, Serious Sam 2 offers pure arcade shooting satisfaction without compromise.",https://images.launchbox-app.com/47ad5f5b-0ad9-4577-9e45-0450251104a3.jpg
Shadow of Memories,2002-02-22,,71,Adventure,"Shadow of Memories plunges you into a gripping time-travel mystery where every decision reshapes history. After being murdered, Eiji Kurahashi gains the power to leap through time, desperately trying to prevent his own death. Navigate between medieval times, the 1900s, 1970s, and present day, uncovering a web of interconnected fates spanning centuries. Your choices ripple across timelines - save someone in the past and watch the present transform. With multiple endings determined by your actions, each playthrough reveals new secrets about the cursed town of Lebensbaum. Solve puzzles by manipulating history itself, plant objects in one era to use in another, and alter genealogies to change destinies. This haunting adventure blends psychological thriller elements with innovative temporal mechanics, creating an unforgettable journey where past, present, and future collide.",https://images.launchbox-app.com/e0d3a413-dea3-440f-be62-0ff98cd7b496.jpg
Shadow Ops: Red Mercury,2004-06-15,,64,Shooter,"Experience intense military action as elite Delta Force operative Frank Hayden in Shadow Ops: Red Mercury. Battle through explosive missions across Syria, Congo, and Russia to stop a terrorist plot involving a devastating WMD known as Red Mercury. Engage enemies with authentic weapons including M4 carbines, MP5s, and sniper rifles while utilizing tactical gear like night vision and breaching charges. Fight through destructible environments from Middle Eastern cities to African jungles and frozen Russian facilities. Features Hollywood-style set pieces with helicopter assaults, tank battles, and explosive escapes. The single-player campaign delivers non-stop action with squad-based combat moments and stealth infiltration sequences. Multiplayer modes include deathmatch and team-based warfare for up to 8 players on Xbox Live.",https://images.launchbox-app.com/65b65616-57bf-4549-a369-f458cf3dd162.jpg
Shadow the Hedgehog,2005-11-15,,45,Platformer,"Shadow the Hedgehog unleashes the ultimate power of chaos in this dark action-adventure where every choice shapes your destiny. As the enigmatic anti-hero Shadow, wield an arsenal of weapons alongside your signature Chaos powers to blast through branching missions that determine humanity's fate. Navigate moral crossroads as you align with heroes, villains, or forge your own path - each decision unlocks different story routes and multiple endings. Experience high-speed platforming fused with third-person shooting as you race through futuristic cities, alien invasions, and mystical ruins. Master Chaos Control to manipulate time and space, commandeer vehicles from motorcycles to alien craft, and unleash devastating Chaos Blast attacks. With over 20 possible story paths, discover Shadow's true origins in this mature take on the Sonic universe.",https://images.launchbox-app.com/b803dfa0-83a5-4034-b269-ff4e0c479fc5.jpg
Shamu's Deep Sea Adventures,2005-11-02,,62,Adventure,"Join Shamu the killer whale on an underwater quest to save the ocean from the evil Poseidon! Explore vibrant coral reefs, mysterious shipwrecks, and deep sea caves across 20 aquatic levels. Master Shamu's powerful swimming abilities, tail whip attacks, and sonar blast to defeat sharks, electric eels, and other marine enemies. Collect magical crystals to unlock new areas and rescue trapped sea creatures along the way. Team up with friends including octopi, sea turtles, and dolphins who provide special power-ups and assistance. Features colorful cartoon graphics perfect for younger players, simple controls, and educational marine life facts. This family-friendly adventure combines platforming, puzzle-solving, and action as you help Shamu restore peace to the underwater kingdom.",https://images.launchbox-app.com/r2_dbc35810-49aa-4a59-b823-71e39666e9c1.jpg
Shark Tale,2004-09-27,,56,Action,"Join Oscar the fast-talking fish in this action-adventure based on the DreamWorks animated film! Navigate the underwater world of Reef City as you dance, race, and fight your way from nobody to somebody. Master unique gameplay styles across 25 diverse levels - from rhythm-based dancing at the whale wash to high-speed races through dangerous waters. Battle fierce enemies using Oscar's street-smart moves and collect pearls to unlock bonus content. Experience the movie's humor through original voice acting from the film's stars. Switch between multiple playable characters including Oscar, Lenny the vegetarian shark, and more. Explore vibrant underwater environments filled with interactive elements and hidden secrets. With its mix of platforming, racing, fighting, and rhythm challenges, Shark Tale delivers variety-packed gameplay that brings the movie's underwater adventure to life. Become the Sharkslayer legend!",https://images.launchbox-app.com/36bbb6f9-0224-4690-bfd7-23d176e9cbfc.jpg
Shattered Union,2005-10-17,,69,Turn-Based Strategy,"Following the Second American Civil War in 2020, the United States lies fractured into regional factions vying for control. Command one of seven warring powers in this turn-based strategy game where every battlefield victory shapes the nation's future. Deploy tanks, infantry, helicopters and specialized units across destructible 3D environments spanning real American cities and landmarks. Each faction brings unique advantages - from the European Union's advanced technology to California's economic might. Fight through a story-driven campaign or challenge friends in multiplayer battles. Make tactical decisions balancing military force with political consequences as civilian casualties affect your faction's reputation. Your strategic choices determine whether America reunites under your banner or remains forever shattered.",https://images.launchbox-app.com/fe39a48d-63b3-49bb-bbb2-6107e91bad99.jpg
Shellshock: Nam '67,2004-09-03,,60,Shooter,"Step into the boots of a rookie soldier in this gritty third-person shooter that captures the raw intensity of the Vietnam War. Navigate dense jungles, muddy rivers, and war-torn villages as you fight through 13 harrowing missions based on real historical battles. Experience the chaos of guerrilla warfare where enemies strike from anywhere - hidden in trees, emerging from tunnels, or ambushing from tall grass. Command authentic period weapons from M16 rifles to flamethrowers, call in devastating napalm strikes, and pilot Huey helicopters through hostile territory. The innovative morale system affects your squad's performance under fire, while realistic ballistics and destructible environments create unpredictable combat scenarios. Face the psychological toll of war through a mature narrative that doesn't glorify conflict but shows its true brutality.",https://images.launchbox-app.com/25a7012c-5565-4a4a-8731-92e219c716a0.jpg
Shenmue II,2002-10-28,,88,Action Adventure,"Embark on an epic martial arts journey as Ryo Hazuki continues his quest for revenge in this groundbreaking open-world adventure. Explore the bustling streets of Hong Kong and rural Guilin, where every NPC follows daily routines in a living, breathing world that pioneered the genre. Master authentic fighting styles through intense training, engage in thrilling QTE sequences, and uncover clues through detective work and conversations. Work part-time jobs to earn money, play classic arcade games, gamble in underground dens, and immerse yourself in rich Chinese culture. With its revolutionary day-night cycle, weather system, and unprecedented attention to detail, Shenmue II delivers an unforgettable blend of action, exploration, and storytelling that defined modern gaming.",https://images.launchbox-app.com/9b6ab6c5-e19b-4077-9e9a-acddc57992ff.jpg
Shikigami no Shiro,2006-03-10,,,Shooter,"Unleash supernatural power in this intense vertical shoot-em-up where proximity to danger amplifies your strength. Choose from unique psychic warriors, each wielding distinct abilities and dark backstories. Master the revolutionary Tension Bonus System - graze enemy bullets to multiply your score and damage exponentially. Navigate through haunting stages filled with yokai-inspired enemies and massive bosses that test your reflexes and nerve. The closer you fly to death, the stronger you become. Features multiple characters with individual storylines, intricate bullet patterns that reward risk-taking, and a deeply atmospheric soundtrack blending traditional Japanese elements with modern intensity. This cult classic rewards precision and courage equally.",https://images.launchbox-app.com/15323931-18a0-472d-9076-ff4d59b4346a.jpg
Shikigami no Shiro Evolution,2004-02-05,,,Shooter,"Unleash devastating psychic powers in this intense vertical shoot-em-up where danger amplifies your strength. Master the unique Tension Bonus System that rewards aggressive play - graze enemy bullets to multiply your score and increase your attack power exponentially. Choose from multiple psychics, each wielding distinct shot patterns and bomb attacks that dramatically alter your strategy. Navigate through beautifully crafted stages filled with intricate bullet patterns that demand precision and nerve. The closer you fly to enemy fire, the stronger you become, creating a thrilling risk-reward dynamic. Face massive bosses with complex attack phases while managing your position for maximum scoring potential. Features include multiple difficulty settings, practice modes, and unlockable content that extends replay value. This enhanced Evolution edition brings refined gameplay mechanics and visual upgrades to the cult classic series.",https://images.launchbox-app.com/cf67ac70-66d8-4fe0-9515-bf24ded6eacf.jpg
Shikigami no Shiro II,2004-11-18,,75,Shooter,"Shikigami no Shiro II delivers intense bullet-hell action where you choose from seven unique characters, each wielding distinct shot patterns and devastating bomb attacks. Master the tension bonus system by grazing enemy fire to multiply your score exponentially. The closer you fly to danger, the greater your power becomes. Navigate through six challenging stages filled with intricate bullet patterns that demand precision and nerves of steel. Face off against rival characters in dramatic boss battles featuring complex attack sequences. Story mode reveals each character's motivations through branching dialogue paths. Practice mode lets you perfect strategies for specific sections. This vertical shooter rewards risk-taking with its innovative scoring mechanics while delivering pure arcade thrills.",https://images.launchbox-app.com/fd6154bd-ed16-4896-9fdb-c1daff08aff8.jpg
Shin Megami Tensei: Nine,2002-12-05,,,RPG,"Shin Megami Tensei: Nine delivers a unique cyberpunk RPG experience set in a digital world where Tokyo has been devastated by a nuclear holocaust. You navigate the Idea Space, a virtual reality network where demons and humans coexist in an uneasy balance. Form alliances with demons through negotiation, then fuse them to create powerful new allies for your party. The game features a real-time combat system that blends traditional SMT demon summoning with action-oriented battles. Choose between multiple story routes that dramatically alter your journey through this dark digital landscape. Build your character's skills through the innovative Noise system while uncovering the truth behind the catastrophe that destroyed Tokyo. With its mature themes, challenging moral choices, and deep customization options, Nine offers a distinctive entry in the legendary Megami Tensei series that pushes the boundaries of Xbox RPGs.",https://images.launchbox-app.com/3373e4f4-abce-4849-8d9a-52caafe24db8.jpg
Showdown: Legends of Wrestling,2004-06-22,,46,Wrestling,"Step into the ring with wrestling's greatest icons in Showdown: Legends of Wrestling! Create dream matches featuring over 70 legendary grapplers including Hulk Hogan, Bret Hart, and Andre the Giant. Experience authentic wrestling action with the innovative Ready-to-Brawl combat system that captures the drama and spectacle of classic wrestling. Chain together devastating combos, signature moves, and finishing maneuvers as you battle through Career Mode or duke it out with friends in multiplayer mayhem. Customize your legend's appearance, moves, and entrance to dominate in multiple match types from cage matches to battle royales. With its arcade-style gameplay and roster of all-time greats, Showdown delivers the ultimate tribute to wrestling's golden era where legends collide and new champions rise!",https://images.launchbox-app.com/6af01e71-47fc-431a-9e3f-b27bb7b6a829.jpg
Shrek,2001-11-15,,61,Platformer,"Join Shrek on a hilarious action-adventure through his swamp and beyond! Play as the lovable ogre himself, along with Donkey and Princess Fiona, each with unique abilities. Battle fairy tale villains using Shrek's mighty strength, Donkey's powerful kicks, and Fiona's martial arts moves. Explore diverse environments from the swamp to castles, solving puzzles and collecting bonus items. Experience the movie's humor with original voice acting and witty dialogue. Mini-games break up the action, including swamp gas contests and mud sliding challenges. Unlock special moves and power-ups as you progress through the story. Perfect for fans of the film, this family-friendly adventure captures all the charm and comedy of the DreamWorks hit while delivering solid platforming gameplay.",https://images.launchbox-app.com/2ef8bf29-6650-4a2d-8c54-b118bb5deed7.jpg
Shrek 2,2004-04-28,,71,Platformer,"Join Shrek, Donkey, and Puss in Boots on a hilarious adventure through Far Far Away! Play as your favorite characters from the hit movie, each with unique abilities - Shrek's ogre strength smashes through obstacles, Donkey's kicks clear paths, Puss's agility reaches new areas, and Fiona's martial arts defeat enemies with style. Switch between heroes on the fly to solve puzzles and overcome challenges. Battle knights, navigate treacherous castle dungeons, and face off against the Fairy Godmother in epic boss fights. Team up with friends in cooperative multiplayer mode for double the fairy tale chaos. Featuring authentic voice acting, movie clips, and humor that captures the film's charm, this action-packed platformer brings the magic of Shrek 2 to life with mini-games, collectibles, and special power-ups that transform gameplay.",https://images.launchbox-app.com/e144669c-634c-4960-99bf-d82e4bd2b5ee.jpg
Shrek Super Party,2002-10-31,,55,Party,"Join Shrek and friends in this hilarious party game featuring over 30 wild mini-games! Play as your favorite Far Far Away characters including Shrek, Donkey, Fiona, and Lord Farquaad as you compete in swamp-themed challenges. Test your skills in Bug Juice Chug-a-Lug, Swamp Gas Balloon Burst, and dozens more wacky competitions. Challenge up to three friends in multiplayer mayhem or tackle single-player tournaments. Navigate interactive game boards filled with surprises, power-ups, and fairy tale chaos. With easy pick-up-and-play controls perfect for all ages, Shrek Super Party brings the magic and humor of the beloved movies to your living room. Prove you're the ultimate champion of the swamp!",https://images.launchbox-app.com/35a15a56-e7b6-4f32-9d1c-8b8ca11a134b.jpg
Shrek SuperSlam,2005-10-25,,65,Fighting,"Step into the ring with Shrek and friends in this hilariously chaotic fighting game that turns fairy tale characters into brawling superstars! Choose from 20 beloved characters including Shrek, Donkey, Puss in Boots, and Prince Charming, each with unique moves and outrageous special attacks. Battle across destructive environments from the films, where everything becomes a weapon - throw opponents through walls, slam them with environmental objects, and trigger massive stage hazards. Master the innovative ""Slam"" moves that send enemies flying in spectacular fashion. Engage in frantic 4-player melees, tackle the story mode's wacky challenges, or compete in multiple game modes including King of the Hill and Slammageddon. With its accessible controls, over-the-top combat, and signature DreamWorks humor, Shrek SuperSlam delivers fairy tale mayhem for players of all skill levels.",https://images.launchbox-app.com/7adc1ab5-f5c7-444f-b392-e9cfa89891e6.jpg
Sid Meier's Pirates!,2005-07-11,,86,Adventure,"Set sail for adventure in the golden age of piracy! Command your ship across the Caribbean, engaging in thrilling naval battles with cannons blazing. Board enemy vessels in dramatic sword fights, romance governor's daughters, and hunt for legendary buried treasure. Choose your path as a privateer, merchant, or ruthless pirate while navigating dynamic wind patterns and realistic sailing mechanics. Dance at elegant balls, duel notorious pirates, and uncover your family's mysterious past. Trade goods between colonies, upgrade your fleet, and build your reputation across multiple nations. With open-ended gameplay, every decision shapes your legend - will you become the most feared pirate or celebrated hero of the high seas? Experience the ultimate swashbuckling sandbox where fortune and glory await the bold!",
Silent Hill 2,2002-10-03,,84,Survival Horror,"In the fog-shrouded town of Silent Hill, James Sunderland searches for his deceased wife after receiving a mysterious letter. This psychological horror masterpiece blends disturbing imagery with deeply personal storytelling. Navigate nightmarish environments where reality shifts and monsters reflect inner torment. Combat is deliberately clunky, emphasizing vulnerability over action. Multiple endings depend on subtle player choices throughout the journey. The game explores themes of guilt, grief, and redemption through symbolism and environmental storytelling. Akira Yamaoka's haunting soundtrack perfectly complements the oppressive atmosphere. Puzzle-solving breaks tension while advancing the narrative. Silent Hill 2 remains gaming's most profound meditation on loss and human darkness.",https://images.launchbox-app.com/20565c8e-dd62-4e0a-876b-cba61e8d40a5.jpg
Silent Hill 4: The Room,2004-09-07,,76,Survival Horror,"Silent Hill 4: The Room traps you in a nightmarish apartment where reality crumbles. As Henry Townshend, you're mysteriously locked inside Room 302, with only a portal in your bathroom wall offering escape to twisted otherworlds. Unlike previous Silent Hill games, you must constantly return to your increasingly haunted apartment between expeditions. Combat shifts to first-person melee strikes and limited inventory management adds tension. Ghosts that can't be killed stalk you relentlessly, forcing strategic retreats. The game weaves psychological horror through disturbing voyeuristic elements - peepholes reveal neighbors' lives while your own sanctuary transforms into a prison. Cryptic puzzles and ritualistic themes blend with claustrophobic level design to create an intensely personal nightmare.",https://images.launchbox-app.com/1ae07a9f-c250-410b-89ca-0d3eb946d490.jpg
Silent Scope Complete,2004-02-10,,59,Shooter,"Step into the shoes of an elite sniper in this definitive collection of arcade shooting excellence. Silent Scope Complete bundles three thrilling missions where precision and nerves of steel determine success. Use the innovative sniper scope mechanic to zoom in on distant targets while monitoring the broader battlefield on your main screen. Hunt down terrorists across skyscrapers, moving trains, and exotic locations as you race against time to prevent catastrophic attacks. Master wind conditions, breathing control, and split-second timing as you line up critical shots. The game's unique dual-screen view creates unmatched tension - spot threats in wide view, then zoom for surgical strikes. With branching paths, multiple difficulty modes, and score attack challenges, every mission offers fresh tactical puzzles. Experience the complete sniper fantasy with realistic ballistics and heart-pounding stealth sequences.",https://images.launchbox-app.com/48ca8a33-3b8d-4d15-872e-aaf9edb5ff16.jpg
The Simpsons: Hit & Run,2003-09-16,,82,Action,"Springfield's gone crazy and it's up to the Simpson family to uncover the conspiracy! Drive, run, and explore a fully 3D Springfield in this open-world action-adventure that plays like Grand Theft Auto meets The Simpsons. Take control of Homer, Bart, Lisa, Marge, and Apu across seven hilarious missions packed with the show's trademark humor. Hijack and drive over 40 vehicles from the series, including Homer's pink sedan, the Canyonero, and even Mr. Plow! Complete wacky missions, collect coins and gags, unlock bonus costumes, and interact with dozens of beloved characters. From the Nuclear Power Plant to the Kwik-E-Mart, every iconic location is faithfully recreated. Pure Simpsons mayhem!",https://images.launchbox-app.com/aec99cad-3dd5-4273-939e-34620c33c8b2.png
The Simpsons: Road Rage,2001-11-30,,64,Racing,"Join Springfield's wildest taxi rebellion in The Simpsons: Road Rage! Mr. Burns has bought the transit system and unleashed radioactive buses on the town. Fight back by becoming a rogue taxi driver in this hilarious arcade racer. Choose from 25+ beloved characters including Homer, Bart, Marge, and Groundskeeper Willie, each with unique vehicles from the Pink Sedan to the School Bus. Race through six iconic Springfield locations like Evergreen Terrace and the Nuclear Power Plant. Pick up passengers and deliver them before time runs out while performing insane stunts and shortcuts. Smash through destructible environments, discover secret areas, and unlock bonus content. With authentic voice acting from the show's cast and missions filled with Simpson's humor, this chaotic driving game captures the anarchic spirit of the series perfectly.",https://images.launchbox-app.com/788a9128-3cd7-430a-95e0-0b819bd5b15e.jpg
The Sims,2003-03-24,,80,Simulation,"Build your dream life in The Sims, the groundbreaking life simulation that puts you in control of virtual people's destinies. Create unique Sims with distinct personalities, aspirations, and appearances, then guide them through careers, relationships, and daily adventures. Design and furnish incredible homes from cozy cottages to luxurious mansions. Watch your Sims form friendships, fall in love, start families, and pursue their dreams while navigating life's unexpected twists. Master skills from cooking to painting, climb career ladders from entry-level to CEO, and unlock rewards that enhance your Sims' lives. With endless customization options and emergent storytelling, every playthrough creates unique narratives. Your choices shape their world - will they find success, love, and happiness, or face hilarious disasters?",https://images.launchbox-app.com/2f9e7d55-989e-4f27-aa31-4c609d7c9f2e.jpg
The Sims 2,2005-10-24,,76,Simulation,"Build your dream life in The Sims 2, where every choice shapes your virtual world. Create unique Sims with distinct personalities, aspirations, and appearances, then guide them through life's journey from birth to death. Design and furnish incredible homes, pursue diverse careers, and forge meaningful relationships. Experience dynamic gameplay as your Sims age through six life stages, pass on genetic traits to offspring, and build multi-generational legacies. Master skills, throw unforgettable parties, explore three vibrant neighborhoods, and unlock rewards through fulfilling life goals. With endless customization options and emergent storytelling, no two families are alike. Your Sims' fears, wants, and memories create rich narratives that unfold naturally through your choices.",https://images.launchbox-app.com/ea401f77-6a91-460c-ae16-fa96d186f882.jpg
The Sims Bustin' Out,2003-12-15,,74,Simulation,"Break free from suburban monotony in The Sims Bustin' Out! For the first time, take your Sim outside their home to explore sprawling neighborhoods and interact with quirky characters. Build your career through 12 unique paths from gangster to fashion victim, each unlocking exclusive locations like nightclubs, gyms, and secret labs. Customize everything from your Sim's appearance to their pad with hundreds of new objects. Master social dynamics through expanded conversation options and mini-games. Party at Club Rubb, work out at the gym, or scheme your way to the top of the social ladder. With split-screen multiplayer, you and a friend can share the chaos of Sim life together. Experience freedom like never before as you bust out of the house and into a vibrant world of possibilities!",https://images.launchbox-app.com/42872d98-b8a0-4c1f-b22d-4c90258a4a8c.jpg
Smashing Drive,2002-05-13,,53,Racing,"Take the wheel as a fearless New York City cab driver in this explosive arcade racer where the streets become your battlefield! Smashing Drive transforms taxi driving into an adrenaline-fueled demolition derby as you barrel through shortcuts by literally smashing through buildings, storefronts, and obstacles. Race against rival cabbies through Manhattan's chaotic streets, discovering hidden routes by crashing through walls and windows. Power-ups turn your yellow cab into a monster truck, give you turbo boosts, or equip battering rams to obliterate everything in your path. Each route features multiple branching paths and secret shortcuts rewarding aggressive exploration. With its over-the-top physics and destructible environments, this isn't just racing - it's controlled mayhem on four wheels!",https://images.launchbox-app.com/0bd31b2b-3651-4bc8-b617-9798fc935d62.jpg
Sneak King,2006-11-19,,54,Stealth,"Slip into the oversized shoes of the Burger King himself in this bizarre stealth-action game that turns fast food delivery into covert operations. Sneak through suburban neighborhoods, office buildings, and construction sites as you surprise unsuspecting people with fresh BK meals. Master the art of hiding behind objects, tiptoeing past targets, and perfectly timing your burger deliveries for maximum points. The King's exaggerated sneaking animations and creepy permanent grin create an absurdly humorous atmosphere. Choose from various Burger King menu items to deliver, each affecting your score differently. Multiple difficulty levels and environments offer varied challenges, from avoiding detection by workers to surprising joggers in the park. This promotional oddity combines stealth gameplay with corporate mascot surrealism for a uniquely weird gaming experience that's equal parts unsettling and hilarious.",https://images.launchbox-app.com/a80663ab-186e-44d7-9ef3-14c52ef67a1d.png
Sneakers,2002-10-22,,59,Puzzle,"Lead a brave band of mice through an action-puzzle adventure in Sneakers, an Xbox exclusive that showcases the console's technical prowess with innovative 'fur shading' graphics. Navigate through a dangerous house filled with enemy rat squads in this unique blend of exploration and beat 'em up combat. The game unfolds in two distinct phases - first scout for enemies using your check mode cursor to reveal hidden foes and solve environmental puzzles, then engage in frantic battles commanding your mouse squad with punches, kicks, and tactical commands. Explore branching paths across diverse household environments while managing time limits and resources. Boss battles cap off each stage, testing your combat skills and strategic thinking. Performance grades from A to E reward efficient exploration, successful battles, and keeping your furry friends alive. Originally released in Japan as Nezmix, this charming yet challenging title brings a fresh twist to action-puzzle gaming.",https://images.launchbox-app.com/f9b39e69-eca9-45e7-b96c-2bf308c03e4d.jpg
Sniper Elite,2005-10-18,,77,Shooter,"Set in WWII Berlin, Sniper Elite puts you in the boots of an elite American sniper trapped behind enemy lines. Master authentic ballistics as you account for wind, gravity, and breathing to land the perfect shot. The revolutionary X-ray Kill Cam follows your bullet in slow motion, showing bones shatter and organs rupture in anatomical detail. Navigate sprawling levels using stealth or go loud with secondary weapons. Sabotage Nazi war machines, assassinate key targets, and prevent Stalin from obtaining German nuclear technology. Every shot counts as you use sound masking from thunder and artillery to remain undetected. Experience tense cat-and-mouse gameplay where patience and positioning trump firepower. Your rifle is your deadliest ally in this tactical shooter that rewards precision over spray-and-pray tactics.",https://images.launchbox-app.com/4b572655-63e7-4330-a9ce-2529f008e7ff.jpg
SNK vs. Capcom: SVC Chaos,2004-10-07,,62,Fighting,"SNK vs. Capcom: SVC Chaos brings together legendary fighters from two iconic franchises in an explosive 2D battle extravaganza. Choose from 36 warriors including Ryu, Terry Bogard, Chun-Li, and Mai Shiranui as they clash across beautifully animated stages. The game features SNK's signature 4-button combat system with devastating super moves and dramatic Max Mode activations. Each character retains their unique fighting style - from Street Fighter's precise combos to Fatal Fury's plane-shifting mechanics. Hidden bosses like Akuma and Mr. Karate await the worthy, while Exceed moves deliver screen-filling devastation. With its distinctive art style, crossover dream matches, and refined fighting engine, SVC Chaos delivers the ultimate fan service showdown between two fighting game dynasties.",https://images.launchbox-app.com/856d37ab-a762-41f4-9329-0f8a6850c161.jpg
Soldier of Fortune II: Double Helix,2003-06-16,,73,Shooter,"Elite mercenary John Mullins returns in this intense tactical shooter that revolutionized damage modeling with its groundbreaking GHOUL 2.0 system. Experience unprecedented realism as enemies react dynamically to weapon impacts across 36 distinct body zones. Navigate dangerous missions spanning the globe from Prague to Colombia, utilizing an arsenal of real-world weapons with authentic ballistics. Choose your approach - go loud with devastating firepower or employ stealth tactics to eliminate threats silently. The advanced AI adapts to your playstyle while destructible environments create emergent combat scenarios. Multiplayer modes include classic Deathmatch, Capture the Flag, and Infiltration across diverse maps. With its visceral combat and uncompromising violence, Double Helix delivers a mature military experience.",https://images.launchbox-app.com/8fce7cc1-1398-4d27-81de-12f25a481a36.jpg
Sonic Heroes,2004-01-05,,73,Platformer,"Join Sonic, Tails, and Knuckles as they team up with friends in this high-speed 3D platformer that revolutionizes the series with its unique team-based gameplay. Control three characters simultaneously across four different teams - Team Sonic, Team Dark, Team Rose, and Team Chaotix - each offering distinct playstyles and storylines. Switch between Speed, Power, and Fly formations on the fly to overcome obstacles, solve puzzles, and defeat enemies. Race through vibrant worlds filled with loops, rails, and spectacular set pieces while battling Dr. Eggman's robot army. Experience the thrill of teamwork as you combine character abilities to perform devastating team blasts and navigate challenging levels designed around cooperative mechanics.",https://images.launchbox-app.com/5019e103-4fb9-40f4-8757-9243da7823f4.jpg
Sonic Mega Collection Plus,2004-11-02,,81,Compilation,"Experience the ultimate Sonic anthology with Sonic Mega Collection Plus, featuring over 20 classic games from gaming's most iconic hedgehog. Race through loop-de-loops at supersonic speeds across seven original Genesis titles including Sonic 1, 2, 3, Sonic & Knuckles, plus hidden gems like Sonic 3D Blast and Dr. Robotnik's Mean Bean Machine. Unlock twelve additional Game Gear titles as bonus content, bringing portable Sonic adventures to your console. Master Sonic, Tails, and Knuckles across diverse zones filled with springs, spikes, and gold rings. Discover exclusive extras including original game manuals, character artwork, and video content that chronicles Sonic's legacy. Whether you're collecting Chaos Emeralds, battling Dr. Robotnik, or competing in Special Stages, this definitive collection delivers pure platforming perfection with save states and display options for modern screens.",https://images.launchbox-app.com/41c39ebb-f566-4bb5-8f9b-ead622aa09fe.jpg
Sonic Riders,2006-02-21,,61,Racing,"Blast through futuristic tracks at breakneck speeds in Sonic Riders, where Sonic and friends trade their running shoes for high-tech hoverboards. Race as Team Sonic, the Babylon Rogues, or unlock additional characters in this adrenaline-pumping racing game that revolutionizes the Sonic formula. Master the innovative air system - perform tricks to build your air gauge, then unleash turbo boosts or access shortcuts exclusive to your character type. Choose between Speed, Flight, or Power racing styles, each offering unique paths through vibrant courses inspired by Sonic's world. Battle through Story Mode to uncover the mystery of the ancient Babylon Garden, compete in Mission Mode challenges, or face off against friends in split-screen multiplayer races. With its cel-shaded graphics, energetic soundtrack, and strategic turbulence system that lets you ride opponents' slipstreams, Sonic Riders delivers high-octane thrills.",https://images.launchbox-app.com/23d070a6-f38f-4f88-83f2-b2d8bd3c56a7.jpg
Soulcalibur II,2003-08-27,,92,Fighting,"Soulcalibur II delivers the ultimate weapon-based fighting experience with its legendary cast of warriors, each wielding unique weapons from katanas to nunchucks. Master devastating combos and eight-way movement as you battle across stunning interactive arenas. The iconic Soul Edge and Soul Calibur swords drive an epic tale of souls and swords eternally retold. Features platform-exclusive guest characters including Link, Heihachi, and Spawn. Perfect your skills with deep combat mechanics including Guard Impacts, Soul Charges, and deadly Critical Edge attacks. With refined gameplay balance, gorgeous visuals, and a robust single-player Weapon Master mode, this sequel sets the standard for 3D fighters. Every clash rings with steel meeting steel in this timeless masterpiece.",https://images.launchbox-app.com/a3a273f4-25e9-48df-84af-8419dd266a4d.jpg
Spartan: Total Warrior,2005-10-25,,73,Hack and Slash,"From the creative minds behind Total War comes a visceral action epic where you become a lone Spartan warrior facing the entire Roman Empire. Hack through massive battlefields with devastating combos using swords, spears, and mythical weapons blessed by the gods. Call upon the powers of Ares, Zeus, and Athena to unleash divine wrath upon hundreds of enemies simultaneously. Experience the chaos of ancient warfare as you fight alongside Greek armies in colossal battles featuring thousands of soldiers. Master brutal finishing moves, command ballistas and catapults, and face legendary foes including Medusa and the Hydra. This isn't strategy - it's pure, unrelenting combat where one warrior's rage can turn the tide of history.",https://images.launchbox-app.com/130c3d4c-202e-44d2-bafb-c09da010e867.jpg
Spawn: Armageddon,2003-11-21,,58,Action,"Based on the legendary comic series, Spawn: Armageddon unleashes Hell's most powerful warrior in an action-packed supernatural adventure. Play as Al Simmons, the undead anti-hero wielding devastating necroplasmic powers and an arsenal of demonic weapons. Battle through dark, atmospheric levels filled with demons, angels, and military forces as you uncover a sinister plot threatening both Heaven and Hell. Master Spawn's iconic chains for brutal combat combos, unleash hellish special attacks, and transform into different forms to overcome enemies. The game features visceral combat mechanics, environmental puzzles, and boss battles against towering adversaries. With its gothic art style, intense soundtrack, and faithful adaptation of Todd McFarlane's dark universe, experience the ultimate battle between good and evil.",https://images.launchbox-app.com/361973a0-8cad-49e0-b00b-7a7de358add7.jpg
Special Forces: Nemesis Strike,2005-03-28,,36,Shooter,"Take on global terror as two elite CTSF operatives in Special Forces: Nemesis Strike, a tactical third-person shooter blending stealth and assault gameplay. Play as 'Stealth Owl' with his Vampyr's Heart suit enabling active camouflage and enhanced vision modes, or unleash destruction as 'Immortal Raptor' protected by his TAMSS energy shield. Switch between third and first-person perspectives as you infiltrate enemy bases with silenced weapons or storm facilities with heavy firepower. Experience unique free-fall combat missions where you engage enemies mid-air while dodging missiles and parachutist attacks. Drive vehicles ranging from jeeps to the terrain-conquering Hoverspeed across diverse battlefields. Master both characters' contrasting playstyles through challenging missions, earning medals and unlocking bonuses based on performance. This finale to the CT Special Forces series delivers intense tactical action.",https://images.launchbox-app.com/ec6f4a7f-a018-4a9f-b520-6f82004c6052.jpg
Speed Kings,2003-05-28,,59,Racing,"Tear through traffic-filled streets at breakneck speeds in Speed Kings, an arcade motorcycle racer that brings raw street racing to Xbox. Choose from 22 authentic bikes based on real-world models and gear up with official equipment from Shoei helmets and Alpinestars. Weave through moving traffic while pulling off death-defying stunts, engaging in high-speed combat, and smashing through destructible environments. The game's full deformation system shows real-time damage to your bike as you scrape barriers and collide with obstacles. Master three single-player modes and compete in five multiplayer options including online racing via Xbox Live. Unlock hidden features and rewards as you prove yourself the ultimate speed king of the streets. With its blend of realistic bikes, dangerous street racing, and arcade action, this delivers pure two-wheeled adrenaline where every race pushes the limits of speed and survival.",https://images.launchbox-app.com/37eb63e8-c453-4ad3-97f8-5be82c7d3793.jpg
Sphinx and the Cursed Mummy,2003-11-10,,74,Action Adventure,"Journey through ancient Egypt in this unique action-adventure that blends puzzle-solving with platforming excellence. Control two unlikely heroes: Sphinx, a brave demigod warrior who battles mythological creatures and explores vast desert landscapes, and the Cursed Mummy, who uses his undead abilities to solve ingenious puzzles. Switch between characters to overcome challenges - Sphinx wields magical items and engages in real-time combat, while the Mummy's curse grants him immunity to environmental hazards like fire and electricity. Capture monsters in magical jars, trade with merchants, and uncover the mystery behind Set's evil plot. With its vibrant art style, clever dual-protagonist gameplay, and blend of Egyptian mythology with cartoon charm, this overlooked gem delivers a memorable adventure filled with secrets to discover.",https://images.launchbox-app.com/4daf8b83-cf0f-4026-869b-7eb36609cdea.jpg
Spider-Man,2002-04-15,,79,Action,"Swing through New York as the legendary web-slinger in this groundbreaking superhero adventure. Master Spider-Man's incredible abilities as you web-swing between skyscrapers, crawl up walls, and unleash devastating combos against thugs and supervillains. Battle iconic enemies like Green Goblin, Scorpion, and Vulture across Manhattan's sprawling cityscape. The innovative combat system lets you chain acrobatic moves with web attacks for spectacular takedowns. Unlock new suits and abilities as you progress through a cinematic story featuring voice acting from the movie cast. Experience revolutionary web-swinging mechanics that deliver the ultimate Spider-Man fantasy, complete with aerial tricks and dynamic camera angles that capture every thrilling moment of being your friendly neighborhood hero.",
Spider-Man 2,2004-06-28,,83,Action,"Swing through a massive open-world Manhattan as Spider-Man battles Doctor Octopus in this acclaimed superhero adventure. Master revolutionary web-swinging mechanics that let you soar between skyscrapers with unprecedented freedom and fluidity. Switch between spectacular combat combos and stealth takedowns as you face classic villains like Rhino, Mysterio, and Shocker. The dynamic physics-based web system creates endless possibilities for traversal and combat, letting you web-zip across the city, run up walls, and perform incredible aerial maneuvers. Complete thrilling story missions, stop random crimes, deliver pizzas, and photograph landmarks in a living, breathing New York. With Bruce Campbell's witty narration, authentic Manhattan districts, and the freedom to approach objectives your way, Spider-Man 2 delivers the definitive web-slinging experience.",https://images.launchbox-app.com/c4c25ad3-1547-41e8-9191-6d9cc7ddc94e.jpg
Spikeout: Battle Street,2005-03-29,,62,Beat-em-up,"Unleash street justice in Spikeout: Battle Street, Sega's explosive beat 'em up that brings arcade brawling home to Xbox. Developed by Dimps, this successor to the original SpikeOut delivers bone-crushing combat as you battle rival gangs for control of the streets. Master devastating combos, grab weapons from the environment, and team up with friends to unleash coordinated beatdowns. Each fighter brings unique fighting styles and special moves to the concrete battlefield. The game featured groundbreaking Xbox Live multiplayer that let you form crews and wage turf wars online until servers closed in 2010, though community replacement servers through Insignia have revived online play. With its arcade-perfect gameplay, intense gang warfare action, and satisfying combat mechanics, Battle Street captures the raw energy of classic beat 'em ups while adding modern depth. Pound your way through waves of thugs in this uncompromising urban brawler.",https://images.launchbox-app.com/e9470deb-ac92-4a46-885a-f5ce5938d820.jpg
Splashdown,2002-06-25,,79,Racing,"Splashdown revolutionizes water racing with its unique blend of high-speed jet ski action and death-defying aerial stunts. Race through 20 exotic tracks spanning tropical lagoons, Arctic glaciers, and mysterious swamps while pulling off insane tricks to boost your performance. Master over 40 spectacular stunts - from backflips to superman grabs - as you compete across multiple game modes including Career, Arcade, and intense multiplayer battles. Choose from diverse riders, each with unique abilities and attitudes, and unlock powerful hydrocraft that slice through waves with precision. The game's innovative stunt system rewards creativity, letting you chain combos for massive speed bursts. Dynamic water physics create realistic waves and wakes that affect your racing line. With vibrant graphics, a pumping soundtrack, and accessible yet deep gameplay, Splashdown delivers the ultimate aquatic racing experience that keeps you coming back to perfect your runs and dominate the leaderboards.",https://images.launchbox-app.com/c14b1532-6ab9-4bf6-82e3-ee43f0d1940f.jpg
Splat Magazine Renegade Paintball,2005-10-11,,47,Shooter,"Experience the adrenaline-pumping world of competitive paintball in Splat Magazine Renegade Paintball! Choose from 14 unique tournament fields and battle across diverse environments from urban warehouses to outdoor woodlands. Master authentic paintball tactics using real-world strategies like snap shooting, bunkering, and team coordination. Create your custom player and gear up with officially licensed equipment from top brands. Engage in intense multiplayer matches supporting up to 14 players, or hone your skills in single-player tournaments. With realistic ballistics, dynamic weather effects, and multiple game modes including Capture the Flag and Elimination, every match delivers heart-pounding tactical action that captures the true spirit of paintball competition.",https://images.launchbox-app.com/83b6da03-fa94-4b5e-a57b-a2f2ff7c7dc2.jpg
SpongeBob SquarePants: Battle for Bikini Bottom,2003-10-21,,71,Platformer,"Join SpongeBob, Patrick, and Sandy in this beloved 3D platformer as they save Bikini Bottom from Plankton's robot invasion! Explore iconic locations from the TV series including Jellyfish Fields, Downtown Bikini Bottom, and the Flying Dutchman's Graveyard. Master each character's unique abilities - SpongeBob's bubble attacks, Patrick's belly slam, and Sandy's lasso - to defeat robotic enemies and solve environmental puzzles. Collect golden spatulas and shiny objects as you platform through vibrant worlds filled with humor and references fans love. Battle massive bosses, discover hidden areas, and interact with favorite characters like Squidward, Mr. Krabs, and Gary in this colorful underwater adventure.",https://images.launchbox-app.com/1c87e398-7cb8-4bff-8ce9-a47694ddd4ab.jpg
"SpongeBob SquarePants: Lights, Camera, Pants!",2005-10-19,,56,Party,"Join SpongeBob and the Bikini Bottom gang in this hilarious party game adventure! Compete in 30 wacky mini-games inspired by the TV show as you audition for roles in the latest Mermaid Man and Barnacle Boy movie. Play as SpongeBob, Patrick, Sandy, Squidward, Mr. Krabs, or Plankton across iconic locations like Jellyfish Fields and the Krusty Krab. Challenge up to 3 friends in multiplayer mayhem featuring racing, rhythm, puzzle, and action challenges. Master unique mini-games like delivering Krabby Patties, karate-chopping boards, and jellyfishing competitions. With full voice acting from the show's cast and cartoon-perfect visuals, this party game brings undersea silliness to life. Prove you're ready for your close-up!",https://images.launchbox-app.com/31a6edb9-f1b1-403e-8d00-87c544352096.jpg
The SpongeBob SquarePants Movie,2004-10-27,,66,Platformer,"Join SpongeBob and Patrick on an epic quest to save Mr. Krabs' crown and prove Gary's innocence! This action-platformer brings the beloved movie to life with vibrant underwater worlds and hilarious gameplay. Master unique abilities like SpongeBob's Bash attack and Patrick's cartwheel as you navigate through 18 challenging levels filled with puzzles, enemies, and boss battles. Collect Goofy Goober tokens to unlock bonus content and upgrade your moves. Drive the Patty Wagon through thrilling racing sequences, slide down dangerous slopes, and bounce across floating platforms. Face off against Dennis, the Cyclops, and other memorable villains from the film. With authentic voice acting, colorful graphics that capture the show's charm, and cooperative gameplay moments, this adventure delivers pure Bikini Bottom fun for fans of all ages.",https://images.launchbox-app.com/12391fb8-fd00-4d7a-8bde-277a24700ce3.jpg
SpyHunter,2002-02-26,,78,Vehicular Combat,"SpyHunter puts you behind the wheel of the legendary G-6155 Interceptor, an armed super-spy vehicle equipped with machine guns, smoke screens, and oil slicks. Race through diverse environments from city streets to icy mountains while battling enemy agents determined to stop you. Transform into a speedboat when roads give way to waterways, maintaining the chase across land and sea. Each mission demands split-second decisions as you weave through traffic, dodge helicopter attacks, and outsmart weaponized enemy vehicles. Collect weapon upgrades including guided missiles and flamethrowers while the iconic Peter Gunn theme drives the action. This reimagining of the arcade classic combines high-octane vehicular combat with strategic gadget deployment, challenging you to complete objectives while surviving increasingly dangerous pursuits.",https://images.launchbox-app.com/c67bba0e-383b-4260-8fbc-d3fe5d63e66c.jpg
SpyHunter 2,2003-11-21,,56,Vehicular Combat,"Take the wheel of the legendary G-6155 Interceptor in this high-octane vehicular combat adventure. Race through exotic locations from the frozen wastes of Russia to the scorching deserts of the Middle East, transforming your supercar into a speedboat, motorcycle, or off-road vehicle to adapt to any terrain. Armed with an arsenal of cutting-edge weapons including missiles, machine guns, and electromagnetic pulses, you'll battle the sinister NOSTRA organization across land and water. Master the art of high-speed combat as you weave through traffic, dodge enemy fire, and unleash devastating attacks. With stunning graphics, intense multiplayer modes, and heart-pounding missions inspired by classic spy thrillers, SpyHunter 2 delivers pure adrenaline-fueled action where every second counts.",https://images.launchbox-app.com/42d2fada-c4ab-45ed-b1fb-703932f26118.jpg
SpyHunter: Nowhere to Run,2006-09-05,,56,Action,"Take control of Alex Decker, voiced by Dwayne ""The Rock"" Johnson, in this explosive action-driving hybrid that reimagines the classic SpyHunter franchise. Pilot the legendary G-8155 Interceptor, a high-tech supercar armed with machine guns, missiles, and defensive countermeasures. Seamlessly transition between intense vehicular combat and on-foot third-person action sequences as you battle the sinister NOSTRA organization across diverse locations. Transform your Interceptor into a speedboat or motorcycle to pursue enemies across land and water. Experience Hollywood-style set pieces, destructible environments, and relentless enemies in this unique blend of driving mayhem and run-and-gun combat. Master both vehicle and combat skills to save the world from a deadly satellite weapon threat.",https://images.launchbox-app.com/cb7cc9a1-2ae2-4d57-b50d-46b060d00105.jpg
Spy vs. Spy,2005-04-05,,59,Action,"Engage in hilarious espionage warfare as the iconic black and white spies from MAD Magazine! Set deadly traps and outsmart your rival in this split-screen strategy game where cunning beats speed. Navigate embassy rooms searching for secret documents while planting bombs, spring traps, and bucket snares to foil your opponent. Master the art of deception as you booby-trap briefcases and doors, then watch your rival fall victim to their own schemes. Each spy has identical abilities, making victory depend purely on wit and strategy. The innovative simulvision split-screen lets you spy on your opponent's actions while planning your next move. With multiple embassies to explore and endless trap combinations, every match becomes a unique battle of pranks and counterpranks in this timeless game of cartoon espionage.",
Spyro: A Hero's Tail,2004-11-03,,70,Platformer,"Join Spyro on an epic quest to save the Dragon Realms from the evil Red Dragon and his dark army! This vibrant 3D platformer brings the beloved purple dragon back with enhanced abilities and fresh gameplay mechanics. Master Spyro's signature flame breath, charge attack, and gliding as you explore five massive realms filled with secrets and collectibles. Take control of new playable characters including Hunter the Cheetah, Sgt. Byrd, and Blink the Mole, each offering unique gameplay styles. Battle through diverse environments from mystical swamps to mechanical fortresses, solving puzzles and defeating bosses. With its colorful graphics, witty humor, and mix of platforming, combat, and mini-games, A Hero's Tail delivers classic Spyro charm with modern polish.",https://images.launchbox-app.com/4fe605f9-da77-4816-8e81-b00bbef919e3.jpg
SSX 3,2003-10-20,,93,Sports,"Carve your legend on the ultimate mountain in SSX 3, where three massive peaks connect into one seamless snowboarding paradise. Race down 30,000 vertical feet of pure adrenaline, pulling off insane tricks through pristine powder and perfectly sculpted terrain parks. Master the art of the Uber tricks - gravity-defying stunts that push the boundaries of what's possible on a board. Compete in intense races and freestyle events, or explore freely in the revolutionary open-world design that lets you ride from summit to base without loading screens. Build your reputation across multiple disciplines while customizing your rider's style and gear. The dynamic soundtrack adapts to your performance, pumping harder as you chain combos and nail perfect landings. With split-screen multiplayer and online leaderboards, prove you're the ultimate rider. SSX 3 delivers the perfect blend of arcade action and mountain majesty.",https://images.launchbox-app.com/d381e1e0-fceb-4b2f-be34-8cc26625bcaa.jpg
SSX on Tour,2005-10-11,,82,Sports,"SSX on Tour transforms snowboarding into an extreme sports festival where you carve your own legend. Create your custom rider and conquer the mountain through intense races, death-defying trick competitions, and freestyle challenges. The game seamlessly blends snowboarding with skiing for the first time in the series, letting you switch between both disciplines as you rise from amateur to superstar. Navigate massive open mountain environments filled with shortcuts and secret paths while pulling off insane combos using the intuitive trick system. The dynamic soundtrack adapts to your performance, pumping harder as you nail bigger tricks. With its distinctive hand-drawn art style, arcade-perfect controls, and addictive progression system, SSX on Tour delivers the ultimate winter sports rush. Compete against rival riders, unlock new gear, and dominate every peak in your quest for mountain supremacy.",https://images.launchbox-app.com/36fc1f1b-b122-4a23-8b35-9e872f11a231.jpg
SSX Tricky,2001-11-27,,88,Sports,"SSX Tricky revolutionizes snowboarding with outrageous tricks and larger-than-life personalities. Race down impossible mountain courses while pulling off insane uber tricks that defy physics. Build your boost meter to unlock devastating special moves and reach breakneck speeds. Choose from diverse riders like Mac, Elise, and Eddie, each with unique styles and attitude. Master six massive courses from Tokyo Megaplex to Alaska, featuring multiple routes, hidden shortcuts, and interactive environments. The trick system rewards creativity - chain together flips, spins, and grabs in endless combinations. Knockout rivals with aggressive moves or focus on pure style. Featuring music from Mix Master Mike and Run-DMC, every run pulses with energy. This arcade snowboarding masterpiece delivers pure adrenaline and endless replayability.",https://images.launchbox-app.com/3a82d2db-e109-4ef1-8194-a62f7246d36c.jpg
Stacked with Daniel Negreanu,2006-05-23,,65,Gambling,"Master the art of Texas Hold'em in this authentic poker experience featuring world champion Daniel Negreanu. Learn from the best as Daniel himself guides you through advanced strategies, reads, and psychological tactics that separate amateurs from pros. Challenge AI opponents with distinct playing styles and personalities in career mode, or test your skills in online multiplayer tournaments. The innovative teaching system breaks down complex concepts like pot odds, position play, and bluffing techniques through interactive tutorials and real-time coaching. Unlock new venues from backroom games to prestigious casinos, customize your avatar, and climb the ranks from rookie to poker legend. With realistic chip physics, professional commentary, and true-to-life poker mechanics, experience the tension and excitement of high-stakes poker from your living room.",https://images.launchbox-app.com/36b5d206-d597-4c58-8324-e667e7cbc55c.jpg
Stake: Fortune Fighters,2003-12-18,,48,Fighting,"Enter the arena in Stake: Fortune Fighters, a distinctive 3D fighting game from Taiwanese developer Gameness Art Software. Choose from eight unique warriors including the mysterious Anglesite, fierce Baron, agile Yen Fan and Yen Yen twins, the monk Void, enigmatic Pharo, skilled Habba Kenji, and powerful Barty. Each fighter brings their own martial arts style and special moves to intense battles across diverse arenas. Master combo systems and special attacks as you progress through the tournament mode to unlock the mighty boss character Thor. The game features traditional fighting mechanics with a unique visual style that blends Eastern and Western character designs. Battle through single-player campaigns or challenge friends in versus mode to prove your supremacy. With its eclectic roster and solid fighting fundamentals, Fortune Fighters offers an underground fighting experience that cult fighting game enthusiasts will appreciate.",https://images.launchbox-app.com/32d5aff0-1246-4289-9936-e86d50070203.jpg
Star Trek: Shattered Universe,2004-01-13,,44,Space Combat,"Command the ISS Excelsior through a dark mirror universe where the Federation never existed! Star Trek: Shattered Universe throws you into intense space combat across 19 missions spanning multiple star systems. Pilot customizable starfighters against relentless enemies including the Klingons, Romulans, and the mysterious Mirror Universe forces. Experience fully 3D space battles with dynamic camera angles that capture every explosive moment. Choose from multiple fighter classes, each with unique weapons and abilities. Face massive capital ships, navigate asteroid fields, and survive intense dogfights. The game features voice acting from original Star Trek actors including Walter Koenig and George Takei, bringing authenticity to this alternate reality adventure.",https://images.launchbox-app.com/250f6d0e-6fab-4598-b0d4-29ca3185e2a1.jpg
Star Wars: Battlefront,2004-09-20,,82,Shooter,"Command the galaxy's greatest armies in the ultimate Star Wars combat experience. Lead iconic heroes and villains across legendary battlefields from all six Star Wars films, from the forests of Endor to the icy plains of Hoth. Choose your faction - join the Rebellion, fight for the Empire, battle as the Republic, or serve the Separatists. Experience massive 32-player battles featuring ground troops, vehicles, and starfighters in seamless combat. Pilot X-wings, AT-ATs, speeder bikes, and dozens of other authentic vehicles. Play as legendary characters like Luke Skywalker, Darth Vader, and Yoda in Hero Assault mode. Battle across 16 iconic planets in Galactic Conquest, a strategic campaign mode where you fight for control of the galaxy. Whether defending Echo Base or storming the Death Star, every battle delivers the epic scale and intense action that defines Star Wars warfare.",https://images.launchbox-app.com/29d59692-b975-477f-821b-52d239cd75c2.jpg
Star Wars: Battlefront II,2005-11-01,,83,Shooter,"Experience the ultimate Star Wars battle fantasy in Battlefront II, where iconic heroes clash across all three cinematic eras. Command clone troopers on Geonosis, storm the Death Star as Luke Skywalker, or lead First Order forces through massive 40-player galactic assaults. The single-player campaign follows Iden Versio, an elite Imperial soldier, through a gripping story bridging Return of the Jedi and The Force Awakens. Master lightsaber combat as legendary Jedi and Sith, pilot X-wings and TIE fighters in spectacular space battles, and fight alongside friends in cooperative missions. From prequel-era Naboo to sequel trilogy Crait, every battlefield captures authentic Star Wars atmosphere with stunning visuals and John Williams' legendary score.",https://images.launchbox-app.com/effa9eaa-d303-40a3-94d4-ad27348406bc.jpg
Star Wars: The Clone Wars,2003-04-28,,71,Vehicular Combat,"Star Wars: The Clone Wars delivers intense vehicular combat across the galaxy's most iconic battlefields. Command Republic gunships, AT-TE walkers, speeder bikes, and starfighters as you lead the clone army against Separatist forces. Experience 16 massive missions spanning from Geonosis to Kashyyyk, featuring destructible environments and epic boss battles. Switch seamlessly between vehicles during combat, unleashing devastating weapons while coordinating with AI squadmates. The game captures the animated series' distinctive art style with cel-shaded graphics that bring the Clone Wars era to vivid life. Engage in split-screen multiplayer battles, unlocking bonus content including concept art and character profiles. Master unique vehicle abilities, from the TX-130 fighter tank's speed to the Republic Gunship's heavy firepower, as you fight alongside Anakin, Obi-Wan, and Mace Windu to turn the tide of war.",https://images.launchbox-app.com/b86c3fca-2648-49a3-b04b-3ff282c93685.jpg
Star Wars: Episode III – Revenge of the Sith,2005-05-04,,65,Action,"Step into the climactic battles of the Star Wars saga in this action-packed adaptation of Episode III. Wield devastating Force powers and master lightsaber combat as you play through Anakin's transformation into Darth Vader. Experience the film's epic moments firsthand, from the opening space battle above Coruscant to the fateful duel on Mustafar. Execute spectacular combo attacks, unleash Force pushes and lightning, and engage in intense lightsaber duels against legendary opponents like Count Dooku and General Grievous. The game features exclusive alternate ending scenarios and multiplayer versus modes where you can battle as iconic characters including Obi-Wan, Yoda, and Mace Windu. With fluid combat mechanics and faithful recreations of memorable movie scenes, immerse yourself in the dark finale of the prequel trilogy.",https://images.launchbox-app.com/2b5a7be8-5497-497f-b0fa-d959fe38db04.jpg
Star Wars Jedi Knight II: Jedi Outcast,2002-11-19,,85,Action,"Wield the Force and master lightsaber combat in this legendary action-adventure. Play as Kyle Katarn, a former Jedi who must reclaim his connection to the Force to stop a dark plot threatening the galaxy. Experience the most refined lightsaber combat system ever created, with multiple fighting stances and devastating Force powers including Push, Pull, Lightning, and Mind Trick. Battle through diverse missions spanning Cloud City, Nar Shaddaa, and ancient Jedi temples. Engage in intense multiplayer duels featuring multiple game modes and full character customization. The revolutionary saber combat delivers visceral one-hit kills and limb dismemberment, while puzzles and platforming add variety between battles. A perfect blend of shooting and melee combat with deep Star Wars lore.",https://images.launchbox-app.com/8c5fd40a-9465-441b-bef5-5a980d619c06.jpg
Star Wars Jedi Knight: Jedi Academy,2003-11-18,,76,Action,"Forge your destiny in the Star Wars universe as a new student at Luke Skywalker's Jedi Academy. Create your character and master the ways of the Force through intense lightsaber combat and powerful Force abilities. Choose your path between light and dark as you progress through missions across iconic planets. Wield single, dual, or double-bladed lightsabers with the series' most refined combat system, featuring realistic dismemberment and precise control. Learn from legendary Jedi including Luke Skywalker and Kyle Katarn while facing cultists attempting to resurrect an ancient Sith lord. Customize your Force powers, selecting from abilities like Force Lightning, Grip, and Mind Trick. Experience branching storylines where your choices determine your fate. Engage in epic multiplayer battles with unique game modes including Siege and Power Duel.",https://images.launchbox-app.com/7c0c851b-1e31-4043-b0b6-3e7d654689f7.jpg
Star Wars: Jedi Starfighter,2002-05-13,,74,Space Combat,"Join the epic Star Wars saga in this thrilling space combat adventure that combines intense dogfighting with Force-powered gameplay. Pilot legendary starfighters including the nimble Jedi Starfighter and devastating Havoc bomber across 15 challenging missions spanning iconic locations from Episode II. Master unique Force abilities like Lightning and Shockwave to devastate enemy squadrons while engaging in massive space battles featuring hundreds of ships. Switch between two distinct storylines following Jedi Master Adi Gallia and mercenary pilot Nym as their paths intertwine. Experience refined controls, stunning visual effects, and cooperative gameplay that lets a friend join as your wingman. From protecting Senator Amidala to assaulting Trade Federation strongholds, every mission delivers spectacular Star Wars action with responsive arcade-style combat.",https://images.launchbox-app.com/6adc44fc-ccfb-4a0e-87ab-af6b77c45e7e.jpg
Star Wars: Knights of the Old Republic,2003-07-15,,94,RPG,"Set 4,000 years before the films, Knights of the Old Republic revolutionizes Star Wars gaming with its deep RPG mechanics and moral choices that shape the galaxy's fate. Create your Jedi or Sith from scratch, mastering lightsaber combat, Force powers, and choosing companions from a memorable cast including assassin droids and Mandalorian warriors. Your decisions determine whether you embrace the light or succumb to the dark side, with multiple endings reflecting your path. Explore iconic planets like Tatooine and Kashyyyk while uncovering an ancient threat. The innovative turn-based combat system blends real-time action with strategic depth. BioWare's masterpiece features branching dialogue, romance options, and a stunning twist that redefined Star Wars storytelling.",https://images.launchbox-app.com/a070bc5b-6758-40da-9d28-7ca644da8008.jpg
Star Wars Knights of the Old Republic II: The Sith Lords,2004-12-06,,86,RPG,"Forge your destiny in this epic RPG sequel set thousands of years before the Star Wars films. As a Jedi exile cast out from the Order, master the Force through a revolutionary influence system where every choice shapes your companions and the galaxy itself. Navigate complex moral dilemmas that blur the line between light and dark as you uncover the truth behind the Jedi's near-extinction. Build your perfect party from unique companions, each with deep backstories and personal quests. Customize lightsabers, learn devastating Force powers, and engage in strategic real-time combat. Your decisions ripple across planets, determining whether you'll restore the Jedi Order or plunge the galaxy into darkness. Experience one of gaming's most nuanced Star Wars stories.",https://images.launchbox-app.com/274faff3-2382-4764-a532-f97a0959d6ee.jpg
Star Wars: Obi-Wan,2001-12-19,,56,Action,"Wield the legendary lightsaber as young Obi-Wan Kenobi in this Xbox-exclusive Star Wars adventure. Master the Force through intuitive controls that let you push, pull, and throw enemies and objects with precision. Experience an original storyline set before Episode I, featuring epic lightsaber duels against deadly assassins, battle droids, and Tusken Raiders across diverse worlds from Coruscant's gleaming towers to Tatooine's harsh deserts. The innovative combat system blends acrobatic moves with Force powers, creating fluid battles where timing and strategy matter. Face off against formidable bosses, solve environmental puzzles using Jedi abilities, and uncover a dark conspiracy threatening the galaxy. With authentic Star Wars atmosphere and John Williams' iconic score, become the Jedi Knight in this action-packed prequel tale.",https://images.launchbox-app.com/f2b116a8-47c8-47b0-a85c-9c78fc8839e2.png
Star Wars: Republic Commando,2005-02-28,,78,Shooter,"Lead Delta Squad, an elite unit of Republic Commandos, through the most dangerous missions of the Clone Wars. Experience Star Wars from the soldier's perspective in this tactical first-person shooter that revolutionizes squad-based combat. Issue orders to your three AI squadmates with simple, context-sensitive commands - breach doors, lay explosives, take sniper positions, or revive fallen brothers. Each commando brings unique skills: demolitions, hacking, and heavy weapons expertise. Fight through iconic locations from Geonosis to Kashyyyk, battling Super Battle Droids, Trandoshan slavers, and countless other threats. The innovative visor HUD system provides tactical data while keeping you immersed in intense firefights. Feel the brotherhood of clone soldiers through witty battlefield banter and genuine camaraderie.",https://images.launchbox-app.com/18418afc-0f15-466a-87ef-cf8cc48ed7ff.jpg
Star Wars: Starfighter Special Edition,2001-11-26,,73,Space Combat,"Take to the skies in epic Star Wars space combat! Pilot sleek starfighters through intense missions spanning the events of Episode I. Choose from three unique pilots - rookie Naboo pilot Rhys Dallows, mercenary Vana Sage, or pirate Nym - each with distinct ships and storylines that intertwine. Engage in thrilling dogfights against Trade Federation forces, navigate asteroid fields, and assault massive capital ships. The Special Edition enhances the original with improved graphics, new bonus missions, and exclusive two-player versus modes. Master advanced flight mechanics including barrel rolls and power slides while unleashing devastating weapons like proton torpedoes and cluster missiles. Experience the prequel era from a pilot's perspective in this action-packed starfighter adventure.",https://images.launchbox-app.com/90b1c3dd-c979-4376-b025-41e2d421f405.jpg
Starsky & Hutch,2003-09-12,,62,Racing Action,"Hit the streets of Bay City in this high-octane action racing game based on the classic TV series! Take control of the iconic red and white Ford Gran Torino as you chase down criminals through sprawling urban environments. Switch between Starsky and Hutch mid-mission, using their unique abilities to take down perps in spectacular fashion. Ram suspects off the road, perform spectacular jumps, and unleash devastating shooting sequences while maintaining your viewer rating to keep the audience entertained. The innovative VR Viewer Rating system rewards stylish driving and spectacular takedowns over safe play. Experience authentic 70s atmosphere with a funky soundtrack, complete with original voice acting from the movie stars. Story mode features 18 explosive missions across three seasons, while free roam mode lets you explore Bay City at your own pace.",https://images.launchbox-app.com/b55bd3a7-2413-4fe5-b307-17d095db2c82.jpg
State of Emergency,2002-02-12,,72,Beat-em-up,"State of Emergency throws you into chaotic urban riots where survival means fighting through massive crowds of angry citizens. This controversial action game from Rockstar lets you choose from five different characters, each with unique fighting styles and backstories, as you battle through 175 missions across four volatile districts. Pummel your way through hundreds of on-screen rioters using over 30 weapons ranging from baseball bats to assault rifles. Two gameplay modes offer different experiences: Revolution mode features story-driven missions to overthrow the oppressive Corporation, while Chaos mode unleashes pure mayhem with time-based destruction challenges. The game's groundbreaking crowd AI technology creates unpredictable mob behavior, making each playthrough feel dangerously alive. Experience visceral beat-em-up combat mixed with sandbox destruction in this intense urban warfare simulator.",https://images.launchbox-app.com/e7c92144-93f2-41e0-a095-6144eb4aa271.jpg
Steel Battalion,2002-11-21,,82,Mech Sim,"Command your Vertical Tank in the most immersive mech simulation ever created. Steel Battalion delivers an unprecedented combat experience with its massive 40-button controller featuring twin joysticks, three foot pedals, and an eject button protected by a plastic cover. Pilot your VT through intense missions across war-torn landscapes, managing complex systems from oxygen supply to communication channels. Every switch and lever serves a purpose - ignition sequences, gear shifts, windshield wipers, and emergency ejections demand total focus. Campaign through 23 missions as part of the elite Steel Battalion, where permanent pilot death forces you to start over if you fail to eject in time. This is mech warfare at its most authentic and unforgiving.",https://images.launchbox-app.com/25807d81-0037-4113-af9c-8ba06ed2a609.jpg
Steel Battalion: Line of Contact,2004-02-26,,79,Mech Sim,"Steel Battalion: Line of Contact takes mech combat online with unprecedented realism. Command your Vertical Tank through massive multiplayer battles using the revolutionary 40-button controller featuring dual joysticks, three foot pedals, and an eject button. Join one of three factions vying for control in persistent online campaigns where every battle shapes the war's outcome. Coordinate with squadmates using voice chat, customize your VT with dozens of parts and weapons, and master complex controls that make every system critical - from startup sequences to emergency ejections. Experience the weight and power of piloting a real mech as you engage in tactical warfare across varied terrains. With its hardcore simulation approach and dedicated controller, this delivers the most authentic mech combat experience ever created.",https://images.launchbox-app.com/ae9871f8-b939-467e-bad1-2d5d0f6f64b9.jpg
Still Life,2005-06-06,,75,Adventure,"Still Life blends classic point-and-click adventure with a gripping serial killer mystery spanning two timelines. Play as FBI agent Victoria McPherson investigating brutal murders in modern Chicago, while uncovering parallels to cases from 1920s Prague through her grandfather's journal. Examine crime scenes using cutting-edge forensic tools, analyze evidence, and interrogate suspects to track a methodical killer. The game features stunning pre-rendered environments, challenging puzzles that integrate naturally into the investigation, and a mature narrative exploring themes of art, obsession, and violence. Switch between past and present as you unravel connections between two killers separated by decades. With its film noir atmosphere, compelling dual protagonists, and intricate plot that rewards careful observation, Still Life delivers a sophisticated adventure experience that modernizes the genre while honoring its roots.",https://images.launchbox-app.com/e89dec80-046c-4eca-9139-0b295e2f812c.jpg
Stolen,2005-04-19,,54,Stealth,"Slip into the shadows as Anya Romanov, an acrobatic high-tech thief navigating the dark futuristic metropolis of Forge City. Armed with cutting-edge gadgets including night vision goggles and a versatile dart gun, infiltrate heavily guarded facilities using stealth and agility rather than lethal force. True to her moral code, Anya never kills, relying instead on non-lethal takedowns and Prince of Persia-inspired acrobatic feats to evade detection. When framed for murder, uncover a sinister conspiracy involving corrupt politician Richard Killian and your deadly ninja rival Breeze. Computer expert Louie Palmer guides you through earpiece communications as you execute daring heists across museums, corporate buildings, and government facilities. While the stealth mechanics offer depth, the temptation to rush through levels challenges your patience. This final game from Blue52 delivers a unique non-lethal approach to the stealth genre.",https://images.launchbox-app.com/4509373f-1004-4305-b6f2-f6d90957a3f3.jpg
Street Fighter Anniversary Collection,2005-02-22,,79,Fighting,"Street Fighter Anniversary Collection brings together two legendary fighting games that defined a genre. Experience the complete Street Fighter III: 3rd Strike with its revolutionary parry system that rewards precise timing and creates intense mind games between opponents. Master the diverse roster of fighters, each with unique fighting styles and special moves. The collection also includes Hyper Street Fighter II, letting you select different versions of classic characters from across the Street Fighter II series. Choose your favorite iteration of Ryu, Ken, or Chun-Li from any SF2 game and battle with their specific movesets and mechanics. Both titles feature refined gameplay, smooth animations, and the tight controls that made them arcade favorites. Test your skills in training mode, compete in tournaments, or challenge friends in versus battles. With unlockable artwork, character profiles, and an animated Street Fighter II movie included, this collection celebrates 15 years of Street Fighter excellence. Whether you're a veteran fighter or newcomer, these timeless classics deliver pure competitive fighting action.",https://images.launchbox-app.com/de6fbcea-fe70-4878-9b7a-193a342a6882.jpg
Street Hoops,2002-08-12,,54,Sports,"Street Hoops brings authentic streetball culture to your Xbox with intense 3-on-3 basketball action. Take your game from legendary courts in NYC, LA, and Chicago to hidden spots around the world. Create your baller with deep customization options and develop their skills through the World Tournament mode, earning respect and unlocking new courts along the way. Pull off spectacular dunks, ankle-breaking crossovers, and showboat moves to intimidate opponents and pump up the crowd. Featuring hip-hop legends like Master P, C-Murder, and Silkk the Shocker on the soundtrack, the game captures the raw energy and style of playground basketball. Challenge friends in multiplayer battles or take on streetball legends in the single-player campaign. With arcade-style controls that are easy to learn but tough to master, Street Hoops delivers the ultimate urban basketball experience where style matters as much as skill.",https://images.launchbox-app.com/a1bfe1b3-3d88-4e08-873d-206ac5ff87d3.jpg
Street Racing Syndicate,2004-08-31,,65,Racing,"Street Racing Syndicate delivers the ultimate underground racing experience where style meets speed in the neon-lit streets. Build your reputation through intense street races, earning respect and cash to customize over 40 licensed vehicles from manufacturers like Toyota, Mitsubishi, and Subaru. The revolutionary girlfriend system lets you win the affections of real models by dominating races, adding a unique social element to the racing scene. Master authentic street racing disciplines including drag, drift, and circuit races across Los Angeles and Philadelphia. Deep tuning options allow precise control over every performance aspect, from gear ratios to suspension settings. Risk everything in pink slip races where winner takes all, or showcase your skills in the respect-earning drift competitions that define street racing culture.",
Strike Force Bowling,2004-05-18,,66,Sports,"Strike Force Bowling delivers the ultimate ten-pin bowling experience on Xbox, transforming your living room into a vibrant bowling alley. Master precision controls that capture the authentic feel of releasing the perfect strike, with intuitive analog stick mechanics for spin and power. Choose from diverse characters, each with unique bowling styles and special abilities, as you compete across stunning themed lanes ranging from cosmic space alleys to tropical beach settings. The game features extensive multiplayer modes supporting up to four players locally, intense tournament championships, and challenging trick shot mini-games that test your skills beyond traditional bowling. Customize balls with wild designs and unlock secret power-ups that add explosive effects to your strikes. With its accessible gameplay, colorful presentation, and party-friendly atmosphere, Strike Force Bowling proves that bowling has never been this exciting.",https://images.launchbox-app.com/fa3331e6-d06e-489e-8806-17722009a993.jpg
Stubbs the Zombie in Rebel Without a Pulse,2005-10-18,,75,Action,"Play as Stubbs, a lovable zombie on a brain-eating rampage through the retro-futuristic city of Punchbowl! This darkly comedic action game flips the script - you're the undead hero spreading zombie mayhem in a pristine 1950s utopia. Devour brains to replenish health while building your own shambling zombie horde from converted citizens. Use grotesque abilities like explosive gut grenades, a detachable bowling ball head, and flatulent stun attacks. Dance your way through levels with a killer soundtrack featuring covers of 50s and 60s hits. Battle futuristic police, scientists, and the military as you transform the perfect city into zombie paradise. With its unique premise, B-movie humor, and creative combat mechanics, Stubbs delivers unforgettable undead chaos.",https://images.launchbox-app.com/49e1e445-c020-45f8-a5f8-7e5a6c0b053c.jpg
Sudeki,2004-07-20,,70,Action RPG,"Embark on an epic quest in Sudeki, where four unlikely heroes unite to save a world torn between light and shadow. Switch seamlessly between real-time combat styles as you control Tal the swordsman, Ailish the sorceress, Buki the martial artist, and Elco the gunslinger. Each character brings unique abilities to intense battles that blend melee action with magical attacks and ranged combat. Explore the vibrant realm of Haskilia, from mystical forests to ancient temples, solving puzzles and uncovering the mystery behind the eternal conflict dividing the land. Experience dynamic combat that shifts between third-person action and first-person shooting perspectives. Upgrade your party's skills, collect powerful weapons, and harness devastating combo attacks. With its anime-inspired art style, orchestral soundtrack, and innovative real-time battle system, Sudeki delivers a distinctive action-RPG adventure that seamlessly blends Eastern and Western gaming influences into one unforgettable journey.",https://images.launchbox-app.com/17f0fde4-5ca3-44b1-81fd-17f6ead6d5aa.jpg
The Suffering,2004-03-09,,80,Horror Action,"The Suffering plunges you into a nightmarish action-horror experience where psychological terror meets visceral combat. As death row inmate Torque, you're trapped on Carnate Island when supernatural forces unleash hell upon the prison. Battle grotesque creatures inspired by historical execution methods while uncovering the island's dark past. Transform into a monstrous beast form to unleash devastating attacks when overwhelmed. Your moral choices shape the story across multiple endings - will you protect fellow inmates or leave them to die? Navigate claustrophobic prison corridors and haunting outdoor environments while managing limited resources. Blending third and first-person combat with psychological horror elements, The Suffering delivers intense gameplay where your own sanity becomes your greatest enemy.",https://images.launchbox-app.com/15e3017f-0adb-42b5-af58-c30b8614552b.jpg
The Suffering: Ties That Bind,2005-09-26,,75,Horror Action,"Descend into madness as Torque battles through a nightmare Baltimore overrun by grotesque creatures born from the city's darkest history. This intense horror sequel blends psychological terror with visceral action as you unleash Torque's monstrous inner demons to survive. Switch between human and beast forms, each offering unique combat abilities against manifestations of urban decay and violence. Your choices shape Torque's morality and determine multiple endings. Experience disturbing visions that blur reality and delusion while uncovering the truth behind your family's murder. Visceral melee combat meets supernatural horror in decaying streets, abandoned buildings, and hellish otherworlds. Face creatures inspired by methods of execution and death, from lethal injection victims to hanging corpses brought to horrific life.",https://images.launchbox-app.com/c47ed8ed-59d8-4222-bb02-76f8fd3a6d8c.jpg
Super Bubble Pop,2002-10-30,,52,Puzzle,"Super Bubble Pop brings addictive puzzle action to Xbox with its vibrant DJ-themed gameplay. Match colored bubbles to clear the screen before they reach the bottom, but this isn't your typical bubble shooter - groove to electronic beats as five unique DJ characters each bring their own style and special moves to the party. Chain combos trigger explosive screen-clearing effects while the dynamic soundtrack pulses with your performance. Challenge mode tests your skills across increasingly frantic levels, while versus mode lets you battle friends in head-to-head bubble-popping showdowns. With its blend of rhythm game elements and classic puzzle mechanics, Super Bubble Pop transforms a familiar formula into a fresh, music-infused experience that keeps you coming back for one more round.",https://images.launchbox-app.com/7c56f5a7-b9f0-45f8-a7b7-bce414c2dad1.jpg
Super Monkey Ball Deluxe,2005-03-14,,80,Puzzle,"Roll, tilt, and bounce through over 300 mind-bending stages in Super Monkey Ball Deluxe, the ultimate collection that combines the best of Super Monkey Ball 1 and 2! Guide your favorite monkey trapped inside a transparent ball through increasingly challenging mazes filled with narrow paths, moving platforms, and treacherous obstacles. Master precise tilting controls as you race against the clock, collecting bananas while avoiding deadly falls. Beyond the main game, dive into 12 party games including Monkey Race, Monkey Fight, Monkey Target, and the addictive Monkey Bowling. Challenge friends in multiplayer mayhem or perfect your skills in solo play. With its deceptively simple concept and fiendishly clever level design, this physics-based platformer delivers endless fun for all ages.",https://images.launchbox-app.com/r2_0c259811-ec59-4329-bd32-c81c473b4377.jpg
Superman Returns,2006-11-20,,51,Action,"Step into the red cape of the Man of Steel in this open-world action game based on the 2006 film. Soar through the skies of Metropolis at incredible speeds, using Superman's full array of powers including heat vision, super breath, and devastating strength. The innovative health system puts the city itself at stake - you're invincible, but Metropolis has a health bar that depletes as villains wreak havoc. Battle iconic foes like Metallo, Mongul, and Bizarro across massive destructible environments. Chain together spectacular combos mixing flight and combat, hurling enemies through buildings or launching them into space. With complete freedom to explore a living city filled with crimes to stop and citizens to save, experience what it truly means to be Earth's greatest protector.",https://images.launchbox-app.com/c50a01e6-3ae2-4020-a67c-fb218fd9b81c.jpg
Superman: The Man of Steel,2002-11-19,,44,Action,"Take flight as the Last Son of Krypton in this open-world action adventure exclusive to Xbox. Soar through the skies of Metropolis with complete freedom, using Superman's incredible powers to protect the city from an alien invasion led by Brainiac 13. Master heat vision, freeze breath, super strength, and invulnerability as you battle robots, save civilians, and prevent disasters across a fully explorable 3D city. Chain together devastating combos using Superman's signature moves, from thunderous ground pounds to aerial tackles. Race against time to defuse bombs, rescue falling citizens, and stop runaway trains. Experience an original storyline featuring classic villains like Metallo and Cyborg as you uncover Brainiac's sinister plot. Dynamic missions adapt to your actions, while the city reacts to your heroic deeds. Become the symbol of hope Metropolis needs!",
SWAT: Global Strike Team,2003-10-28,,68,Tactical Shooter,"Lead an elite international SWAT unit in this tactical first-person shooter that blends strategic planning with intense action. Command a three-person squad through dangerous global hotspots, from drug cartel strongholds to terrorist hideouts. Switch between team members on the fly, each with unique skills and weapons. Use advanced tactics like breaching, flashbangs, and coordinated assaults to neutralize threats. The innovative command system lets you direct squadmates with simple controls while maintaining the action. Face off against international crime syndicates in a gripping campaign spanning multiple continents. Authentic SWAT gear, realistic ballistics, and dynamic AI create intense firefights where tactics matter more than reflexes.",https://images.launchbox-app.com/e83e78d9-1313-457c-93e2-d8e454a93eaf.jpg
SX Superstar,2003-06-30,,73,Racing,"Rev up for intense motocross action in SX Superstar, where dirt bike racing meets extreme challenges across diverse game modes. Master Arena races featuring massive jumps and hairpin turns that test your aerial control and cornering skills. Conquer Baja-style races navigating through checkpoint gates while battling rivals for position. Show off your style in Stunt mode, chaining together tricks and combos to rack up maximum points before time expires. Push the limits in World Record challenges attempting death-defying feats like jumping the Grand Canyon. Navigate technical Uphill courses following arrow markers through challenging gate sequences that demand precision and speed. Each mode offers unique gameplay experiences, from pure racing adrenaline to technical skill challenges. With responsive controls, varied track designs, and multiple ways to prove your motocross mastery, SX Superstar delivers comprehensive dirt bike thrills.",https://images.launchbox-app.com/111c05de-2527-425c-813b-ced427087860.jpg
Syberia,2003-07-01,,77,Adventure,"Join Kate Walker, a young American lawyer, on an extraordinary adventure through a steampunk-inspired Europe frozen in time. In this acclaimed point-and-click adventure, you'll explore the mysterious village of Valadilene and journey across stunning pre-rendered landscapes filled with mechanical wonders and automatons. Solve intricate puzzles, uncover the secrets of the legendary mammoth riders of Syberia, and meet unforgettable characters including the brilliant but eccentric inventor Hans Voralberg. Experience a deeply emotional narrative that weaves themes of duty, discovery, and transformation as Kate's simple business trip becomes a life-changing odyssey. With its haunting musical score, breathtaking art nouveau visuals, and masterful storytelling by Benoit Sokal, Syberia delivers a contemplative adventure that challenges your mind while touching your heart.",
Syberia II,2004-10-05,,78,Adventure,"Join Kate Walker on her breathtaking journey through the frozen wilderness of Siberia in this acclaimed adventure sequel. Guide the young lawyer as she helps Hans Voralberg fulfill his lifelong dream of reaching the legendary island of Syberia, where mammoths still roam. Explore stunning environments from a remote monastery to nomadic villages, solving intricate mechanical puzzles and interacting with fascinating characters. Experience Benoit Sokal's masterful storytelling through gorgeous hand-drawn backgrounds and cinematic cutscenes. Navigate treacherous landscapes aboard the remarkable train Youkol, accompanied by the loyal automaton Oscar. Uncover ancient mysteries, confront dangerous wildlife, and make crucial decisions that affect your companions' fates. This poignant adventure combines compelling narrative with clever puzzle-solving in a world where clockwork marvels meet untamed nature.",https://images.launchbox-app.com/accda4eb-655e-41ea-92b3-3c0ba4f67863.jpg
Taito Legends,2005-10-25,,70,Compilation,"Dive into gaming history with Taito Legends, a treasure trove of 29 arcade classics that defined a generation. Experience the birth of gaming with Space Invaders, master the underground tunnels of Dig Dug, and navigate the colorful chaos of Rainbow Islands. This collection spans multiple genres - from shoot-em-ups like Phoenix and Operation Wolf to platformers like The NewZealand Story and Jungle Hunt. Each game features authentic arcade emulation, preserving the original graphics, sounds, and gameplay that made these titles legendary. Unlock bonus content including original arcade flyers, cabinet designs, and developer interviews that reveal the stories behind these influential games. Whether you're defending Earth from alien invaders, battling through exotic locations, or solving puzzles in exotic worlds, Taito Legends delivers pure arcade nostalgia with convenient save states and customizable controls that bring coin-op magic to your living room.",https://images.launchbox-app.com/c6aa7faa-e0e4-4f11-9981-4c55737c257c.jpg
Taito Legends 2,2007-03-20,,73,Compilation,"Dive into arcade history with Taito Legends 2, a treasure trove of 39 classic games spanning multiple genres. Experience legendary shoot-em-ups like Darius Gaiden and G-Darius with their massive boss battles and branching paths. Master the precision platforming of The NewZealand Story and Liquid Kids. Test your reflexes in puzzle favorites like Puzzle Bobble 2 and Puchi Carat. Race through the innovative tube-racing of Cameltry. Battle through the intense action of Metal Black and Gun Frontier. Each game features authentic arcade emulation with adjustable difficulty settings and display options. From the strategic depth of Space Invaders '95 to the frantic combat of Growl, this collection showcases Taito's diverse catalog of innovation. Unlock artwork galleries and game histories as you explore decades of arcade evolution.",https://images.launchbox-app.com/3c4b3448-aa39-4d6f-817a-d21c8346e63f.jpg
Tak: The Great Juju Challenge,2005-09-19,,65,Platformer,"Join Tak and Lok in this cooperative platforming adventure where two unlikely heroes compete in the mystical Great Juju Challenge. Team up with a friend or switch between characters solo as you race through vibrant tropical worlds filled with puzzles, obstacles, and rival teams. Master each character's unique abilities - Tak wields magical Juju powers while Lok brings brute strength to overcome challenges. Collect Juju points, ride exotic creatures, and use teamwork to navigate through lush jungles, ancient temples, and floating islands. Face off against other teams including the Dark Juju warriors in this race to become the ultimate Juju champions. With drop-in/drop-out co-op gameplay, vehicle segments, and a perfect blend of combat, platforming, and puzzle-solving, this whimsical adventure celebrates the power of friendship and cooperation in the mystical world of the Pupanunu people.",https://images.launchbox-app.com/de6ae5bf-c171-489f-929f-f59dff9beed6.png
Tak 2: The Staff of Dreams,2004-10-11,,68,Platformer,"Wield the legendary Staff of Dreams as Tak embarks on his most magical adventure yet! This vibrant 3D platformer blends action, puzzles, and humor as you master new Juju powers to save the Pupanunu people from an ancient nightmare curse. Transform into powerful animals, from a fearsome bear to a flying squirrel, each offering unique abilities to overcome obstacles and defeat enemies. Navigate through diverse worlds filled with challenging platforming sequences, brain-teasing puzzles, and epic boss battles. Collect magical feathers to unlock new skills while exploring lush jungles, icy mountains, and mystical dream realms. With its engaging combat system, clever level design, and witty dialogue, Tak 2 delivers a charming adventure that combines traditional platforming with innovative magical mechanics.",https://images.launchbox-app.com/347b1a3d-02e7-4539-9287-562903ae938f.jpg
Tao Feng: Fist of the Lotus,2003-03-17,,64,Fighting,"Tao Feng: Fist of the Lotus delivers brutal hand-to-hand combat where every blow counts. Choose from twelve distinct fighters split between the Black Mantis and Pale Lotus clans, each wielding unique martial arts styles and supernatural chi powers. The innovative limb damage system adds strategic depth - target specific body parts to weaken opponents, forcing them to adapt their fighting style as injuries accumulate. Unleash devastating chi attacks that shatter the environment, sending enemies crashing through walls and floors across destructible arenas. Master each warrior's quest mode to unlock their full potential and discover the dark secrets behind the clan warfare. With its realistic damage modeling, interactive environments, and visceral combat system, Tao Feng revolutionizes 3D fighting with tactical depth and bone-crushing action.",https://images.launchbox-app.com/f9475a85-8e0b-4b70-bad5-36bc122ba876.jpg
Taz: Wanted,2002-09-17,,60,Platformer,"Join the Tasmanian Devil in this wild action-platformer as Taz becomes a fugitive after being framed for stealing art from the Louvre! Spin, bounce, and chomp your way through exotic locations from Tasmania to Las Vegas, using Taz's signature tornado spin to defeat enemies and solve puzzles. Master unique abilities like the Taz-copter for gliding and the Spin-Dash for breaking barriers. Collect wanted posters to unlock bonus content while avoiding Yosemite Sam's relentless pursuit. Features destructible environments that react to Taz's chaotic nature, hilarious cartoon animations straight from Looney Tunes, and a variety of disguises to sneak past guards. Experience classic slapstick humor and mayhem in this family-friendly adventure!",https://images.launchbox-app.com/ef901f82-9588-42f2-911d-9b2bd24dce54.jpg
Tecmo Classic Arcade,2005-09-13,,66,Compilation,"Relive the golden age of arcade gaming with Tecmo Classic Arcade, a treasure trove of timeless coin-op classics from one of gaming's most beloved developers. This compilation brings together authentic arcade experiences including the legendary Solomon's Key, the frantic action of Rygar, the strategic puzzle-solving of Bomb Jack, and the high-flying sports action of Tecmo Bowl. Each game features faithful recreations of the original arcade graphics, sounds, and gameplay that defined a generation. Master Solomon's magical wand to create and destroy blocks while dodging demons. Battle through mythological landscapes as the warrior Rygar with his deadly Diskarmor. Defuse bombs across challenging platform stages in Bomb Jack. Experience pure arcade perfection with pixel-perfect controls and multiple difficulty settings that cater to both newcomers and veteran players seeking that elusive high score.",https://images.launchbox-app.com/d6547eca-4042-4455-8877-d5b93cb361ff.jpg
Teen Titans,2006-05-16,,68,Action,"Join Robin, Cyborg, Starfire, Beast Boy, and Raven as the Teen Titans battle to save Jump City from destruction! Master each hero's unique abilities in this action-packed beat 'em up adventure. Switch between all five Titans on the fly, using Robin's martial arts, Cyborg's sonic cannon, Starfire's energy blasts, Beast Boy's animal transformations, and Raven's dark powers to defeat waves of enemies. Face off against iconic villains like Slade, Brother Blood, and Trigon across story mode missions ripped straight from the animated series. Unlock combo moves, team attacks, and special abilities as you progress. Experience cooperative gameplay with a friend in local co-op mode. Explore familiar locations from the show while collecting power-ups and unlocking bonus content. With cel-shaded graphics that capture the cartoon's distinctive style and original voice acting, Teen Titans delivers authentic superhero action for fans of all ages.",https://images.launchbox-app.com/a73fc9b2-add2-44e5-b78b-474f3f1cb424.jpg
Teenage Mutant Ninja Turtles,2003-10-21,,63,Beat-em-up,"Join Leonardo, Donatello, Michelangelo, and Raphael in this action-packed beat 'em up adventure through the streets of New York City. Battle the Foot Clan's endless waves of ninjas, mutants, and robotic enemies as you fight to stop the evil Shredder's sinister plans. Each turtle brings unique combat styles and special moves - from Leonardo's katana strikes to Michelangelo's nunchaku combos. Master team-based attacks, execute devastating special moves, and collect power-ups to enhance your abilities. Navigate through iconic locations from sewers to rooftops, facing memorable bosses like Bebop, Rocksteady, and Krang. Experience classic arcade-style gameplay with modernized controls and vibrant graphics that capture the essence of the beloved franchise.",
Teenage Mutant Ninja Turtles 2: Battle Nexus,2004-10-19,,64,Beat-em-up,"Join Leonardo, Donatello, Raphael, and Michelangelo in an action-packed adventure spanning multiple dimensions! Battle through the tournament grounds of the mystical Battle Nexus and face off against the sinister Shredder's forces. Master each turtle's unique fighting style and special moves as you unleash devastating combo attacks. Team up with friends in 4-player cooperative gameplay to tackle challenging levels filled with Foot Soldiers, menacing bosses, and environmental puzzles. Collect scrolls to unlock bonus content, discover hidden areas, and upgrade your ninja skills. From the streets of New York to feudal Japan and alien worlds, experience cel-shaded graphics that bring the TMNT universe to life. Execute team attacks, solve puzzles cooperatively, and prove you're the ultimate ninja warrior. Cowabunga!",https://images.launchbox-app.com/25b7b273-015d-4df7-9ba5-dbc4f20ad897.jpg
Teenage Mutant Ninja Turtles 3: Mutant Nightmare,2005-11-01,,56,Beat-em-up,"Join Leonardo, Donatello, Raphael and Michelangelo in an action-packed beat 'em up adventure based on the 2003 animated series! Battle through Story Mode featuring episodes from the show, including encounters with the Triceratons, Ultimate Drako, and other iconic villains. Master each turtle's unique fighting style and special moves as you unleash devastating combo attacks. Team up with friends in cooperative multiplayer mode to take down waves of Foot Soldiers and massive bosses. Unlock bonus content including classic arcade games, character artwork, and extra costumes. Experience cel-shaded graphics that bring the cartoon to life as you explore diverse environments from New York's sewers to alien dimensions. With unlockable moves, multiple difficulty levels, and intense ninja action, this is the ultimate TMNT gaming experience for fans!",https://images.launchbox-app.com/a0fde3d0-297c-49fd-90b3-98ce70c5c347.jpg
Tenchu: Return from Darkness,2004-03-11,,66,Stealth,"Master the deadly art of the ninja in Tenchu: Return from Darkness, where stealth is your greatest weapon. As elite shadow warriors Rikimaru and Ayame, infiltrate feudal Japan's most dangerous territories using authentic ninjutsu techniques. Strike from rooftops, hide in shadows, and eliminate targets with silent precision using an arsenal of traditional weapons like shuriken, poisoned rice, and the deadly katana. Each mission demands careful planning as you study guard patterns, use distractions, and exploit the environment to remain undetected. The innovative stealth kill system rewards patience and timing with brutal one-hit assassinations. Choose your approach through sprawling levels with multiple paths, but beware - one mistake can turn you from predator to prey. Experience true ninja warfare where honor lies in the shadows.",https://images.launchbox-app.com/82ec9747-cc4e-4678-8f7f-a28542dfb818.jpg
The Terminator: Dawn of Fate,2002-09-18,,62,Action,Step into the boots of Kyle Reese and battle through the apocalyptic future in The Terminator: Dawn of Fate. Experience the untold story before the first film as you lead Tech-Com soldiers against Skynet's relentless machine army. Master brutal hand-to-hand combat with the innovative Adrenaline system that lets you perform devastating combos and grapples against T-400 and T-500 Terminators. Wield an arsenal of future weapons including plasma rifles and pipe bombs across war-torn Los Angeles ruins. Play solo or team up in split-screen co-op mode with three playable characters. Intense third-person action combines shooting and melee combat as you fight to protect John Connor and secure humanity's survival against the machines.,https://images.launchbox-app.com/5ff817cc-d300-4256-92e0-77e800a9f1b0.jpg
Terminator 3: Rise of the Machines,2003-11-11,,56,Action,"Battle through explosive combat as the iconic T-850 Terminator in this intense action game based on the blockbuster film. Master devastating hand-to-hand combat with bone-crushing combos and grappling moves that showcase the Terminator's raw power. Wield an arsenal of futuristic weapons including plasma rifles, rocket launchers, and mounted turrets as you fight through waves of Skynet's deadly machines. Experience cinematic moments from the movie alongside exclusive game storylines featuring massive boss battles against hulking T-900 endoskeletons and aerial Hunter-Killers. Upgrade your combat systems and unlock new abilities to become an unstoppable force. Features destructible environments where you can use cars, poles, and debris as weapons. The fate of humanity rests in your metallic hands.",https://images.launchbox-app.com/aee682f3-e9fa-46eb-8746-b63191fbc550.jpg
Terminator 3: The Redemption,2004-09-02,,65,Action,"In Terminator 3: The Redemption, you are the T-850 sent back through time to protect John Connor from Skynet's relentless machines. Experience intense third-person combat as you battle through apocalyptic wastelands and war-torn cities, wielding devastating weapons from shotguns to plasma rifles. Commandeer vehicles including motorcycles, trucks, and even futuristic Hunter-Killers in explosive chase sequences. The game seamlessly blends on-foot action with vehicular combat across diverse environments spanning present-day Los Angeles to the nightmare future of 2032. Upgrade your combat systems, unleash brutal hand-to-hand takedowns, and use your enhanced targeting to eliminate threats. Face off against iconic enemies including the deadly T-X and armies of Skynet machines in this action-packed adaptation that expands beyond the film's storyline.",https://images.launchbox-app.com/fe31f06e-6689-45d4-ba27-7d76e567aea4.jpg
Test Drive,2002-05-20,,72,Racing,"Test Drive puts you behind the wheel of the world's most exotic supercars for the ultimate high-stakes racing experience. Choose from legendary machines like the Ferrari Testarossa, Lamborghini Countach, and Porsche 911 Turbo, then push them to their limits on treacherous mountain roads. This isn't just about speed - it's about survival. Police patrol these winding highways, ready to pull you over for reckless driving. Navigate hairpin turns, dodge oncoming traffic, and outrun the law while maintaining breakneck speeds. The revolutionary cockpit view places you directly in the driver's seat, complete with functional dashboard gauges and realistic handling physics that capture each car's unique personality. Risk it all in this groundbreaking racer that defined the exotic car genre.",https://images.launchbox-app.com/4941a97d-4528-4079-8d94-e1569941a9b6.jpg
Test Drive: Eve of Destruction,2004-09-07,,75,Racing,"Test Drive: Eve of Destruction unleashes pure vehicular mayhem with its intense demolition derby action. Smash, crash, and obliterate your way through over 25 heart-pounding events including figure-8 races, suicide races, and brutal demolition derbies. Choose from 30+ customizable vehicles ranging from hearses to school buses, each with unique handling and destruction physics. The revolutionary damage modeling ensures every impact counts as parts fly off and cars crumple realistically. Race through diverse environments from county fairgrounds to industrial complexes while dodging obstacles and rival drivers hell-bent on your destruction. With split-screen multiplayer, you and friends can experience the chaos together in this ultimate festival of automotive annihilation.",https://images.launchbox-app.com/3efe1318-12e5-434f-bd2d-0b4cb2601d93.jpg
Test Drive: Off-Road Wide Open,2001-11-15,,69,Racing,"Test Drive: Off-Road Wide Open unleashes pure off-road racing chaos across massive open environments. Tear through deserts, forests, and snow-covered mountains in licensed trucks, SUVs, and dune buggies from Hummer, Dodge, Jeep, and more. Master diverse terrain with realistic vehicle physics as you compete in checkpoint races, circuit challenges, and freestyle events. The completely open world design lets you carve your own path between objectives, discovering shortcuts and hidden areas. Multiplayer split-screen action brings competitive thrills as you battle friends across sprawling landscapes. Dynamic weather and day/night cycles transform racing conditions on the fly. With extensive vehicle customization, brutal crashes, and freedom to explore wherever you want, this delivers the ultimate off-road experience.",https://images.launchbox-app.com/e8466549-71aa-44fd-af9b-79078128b28c.jpg
Tetris Worlds,2002-06-24,,58,Puzzle,"Tetris Worlds revolutionizes the classic puzzle phenomenon with six unique variations across exotic alien worlds. Master traditional Marathon mode or explore new twists like Sticky Tetris, where blocks fuse together, and Hot-Line Tetris, rewarding only high-altitude line clears. Square Tetris introduces a challenging 4x4 block while Cascade mode lets pieces fall naturally after line clears, creating explosive chain reactions. Journey through story mode to help the Minos evacuate their doomed planet by completing Tetris challenges. Each world features distinct visual themes and atmospheric music that evolves with your performance. Supporting up to four players in competitive multiplayer battles, the game offers infinite replay value with adjustable difficulty and speed settings. Experience the addictive block-dropping action that started it all, now enhanced with smooth controls, ghost pieces for precision placement, and the revolutionary infinite spin feature.",https://images.launchbox-app.com/ee894f0a-d708-4c73-b8d9-4c63545e4ef8.jpg
Thief: Deadly Shadows,2004-05-25,,85,Stealth,"Master thief Garrett returns in this atmospheric stealth adventure that revolutionized the genre with its groundbreaking light and shadow mechanics. Slip through the City's twisted streets, picking pockets and infiltrating heavily guarded mansions while avoiding detection. Use water arrows to douse torches, moss arrows to silence footsteps, and an arsenal of clever tools to outwit guards and supernatural foes. The revolutionary third-person perspective lets you peek around corners and climb walls with newfound agility. Navigate between warring factions while uncovering an ancient conspiracy that threatens the balance of power. Every shadow becomes your ally as you choose between ghosting past enemies unseen or striking from darkness with lethal precision.",https://images.launchbox-app.com/b3c447c5-b4bc-4445-b127-f58d96fdc2b2.jpg
The Thing,2002-08-19,,78,Horror Action,"Based on John Carpenter's terrifying film, The Thing plunges you into Antarctic paranoia where trust becomes your deadliest enemy. As U.S. Special Forces captain Blake, investigate Outpost 31's horrific aftermath while battling shape-shifting alien organisms that perfectly mimic human form. Revolutionary squad-based mechanics demand careful team management - any soldier could be infected. Use flamethrowers and blood tests to expose hidden threats while fear and mistrust tear your team apart. Dynamic trust/fear system affects NPC behavior as paranoia spreads through your ranks. Combine strategic combat with psychological horror as you face grotesque boss transformations. Atmospheric environments recreate the film's claustrophobic dread. Every ally is a potential enemy in this masterful blend of action and survival horror.",https://images.launchbox-app.com/134aa76c-84c5-45f6-8776-e4d10607b527.jpg
Thrillville,2006-11-21,,72,Simulation,"Build and manage the ultimate theme park in Thrillville, where you're both the architect and the star attraction! Design thrilling roller coasters, place exciting rides, and customize every aspect of your park to keep visitors happy. But running a park isn't just about construction - jump into the action by playing your own midway games, racing go-karts, and even riding the coasters you create. Complete missions, manage staff, and keep guests entertained while fending off rival park owners trying to sabotage your success. With over 100 customizable attractions, 34 playable minigames, and the ability to interact directly with guests, Thrillville blends tycoon-style management with hands-on fun. Whether you're designing death-defying coasters or chatting with visitors to boost happiness ratings, every decision shapes your park's destiny.",https://images.launchbox-app.com/a50f3acb-ee32-4da6-a800-335c92639431.jpg
Tiger Woods PGA Tour 06,2005-09-20,,84,Sports,"Master the links with Tiger Woods PGA Tour 06, where precision meets power in the ultimate golf simulation. Create your golfer and rise through the ranks using the innovative Game Face technology for unprecedented customization. Perfect your swing with the analog stick control system that captures every nuance of real golf, from draws and fades to punch shots and flops. Compete across legendary courses including Pebble Beach, St Andrews, and TPC Sawgrass in stunning detail. Challenge Tiger Woods himself or take on rivals in online tournaments. The new Rival Mode pits you against golf's greatest in intense one-on-one battles throughout history. With improved ball physics, dynamic weather conditions, and the pressure-packed Tiger Challenge, every round demands strategy and skill.",https://images.launchbox-app.com/267b94ab-8703-410b-97d9-80d5f36d0fdb.jpg
Tiger Woods PGA Tour 07,2006-10-10,,82,Sports,"Take your golf game to the next level with Tiger Woods PGA Tour 07, featuring the revolutionary True Aiming system that delivers authentic ball physics and shot shaping control. Master 21 championship courses including TPC Boston and Carnoustie, competing against 50 PGA Tour pros and LPGA stars. The innovative Team Tour mode lets you build and manage your own four-player squad through season-long competitions. Shape every shot with enhanced analog swing mechanics, adjusting draw, fade, and trajectory with precision. Experience dynamic weather conditions and course deterioration that affect gameplay throughout tournaments. From arcade-style mini-games to simulation depth, this edition offers the most comprehensive golf experience with improved graphics, realistic crowd reactions, and Tiger's signature championship moments.",
Tiger Woods PGA Tour 2003,2002-10-27,,87,Sports,"Step onto the tee box with Tiger Woods PGA Tour 2003 and experience the most realistic golf simulation of its era. Master your swing with the innovative analog stick control system that lets you shape every shot with precision. Battle through 13 meticulously recreated PGA Tour courses including Pebble Beach and St Andrews, each presenting unique challenges and stunning visuals. Create your golfer and rise through the ranks in Career Mode, earning sponsorships and unlocking equipment as you compete against Tiger and other pros. Test your skills in multiple game modes from traditional stroke play to intense skins matches. With enhanced ball physics, dynamic weather conditions, and the pressure of tournament golf, every round demands strategy and skill.",https://images.launchbox-app.com/5a441dde-7404-4df6-87ca-c6d3bdccf5d0.jpg
Tiger Woods PGA Tour 2004,2003-09-23,,89,Sports,"Step onto the tee box in Tiger Woods PGA Tour 2004, where precision meets power in the ultimate golf simulation. Master the revolutionary Total Precision Swing system that puts complete control over your shots - from drives to delicate putts. Create your golfer and rise through the ranks in Career Mode, competing against Tiger and 16 other PGA Tour pros across 20 stunning courses including Pebble Beach and St Andrews. Experience Game Face technology for unprecedented character customization, while Real-Time Events deliver dynamic weather and course conditions that challenge every round. Unlock legendary golfers, earn sponsorships, and perfect your skills in practice modes. With refined analog stick controls and authentic broadcast presentation, this delivers the most immersive golf experience on Xbox.",https://images.launchbox-app.com/2727ef2d-db1b-4275-aac0-ba984b661ace.jpg
Tiger Woods PGA Tour 2005,2004-09-20,,88,Sports,"Experience the pinnacle of golf simulation with Tiger Woods PGA Tour 2005, featuring the revolutionary Tiger Proofing course design system that lets you reshape legendary courses to your vision. Master the all-new TigerZone where time slows for perfect shot execution, and feel every swing with the innovative analog stick Total Precision Swing. Challenge Tiger Woods himself through his entire career in the deep Legend Tour mode, or compete online against players worldwide. With 15 championship courses including Pebble Beach and St Andrews, plus Create-a-Golfer with unprecedented customization options, this delivers the most authentic PGA Tour experience. Real-time weather effects and dynamic crowds react to every shot as you battle through tournaments.",https://images.launchbox-app.com/9679157f-896d-4280-a2c9-7b1ce39b1f53.jpg
TimeSplitters 2,2002-10-08,,90,Shooter,"TimeSplitters 2 delivers chaotic first-person shooting across multiple time periods in this beloved cult classic. Battle through ten distinct eras from the Wild West to cyberpunk futures, each with unique weapons and challenges. The game's signature arcade-style action emphasizes pure fun over realism, featuring frantic firefights, creative weaponry, and the series' trademark humor. Create custom maps and game modes with the robust MapMaker, then test them in split-screen multiplayer supporting up to four players. Challenge friends across diverse modes including Deathmatch, Capture the Bag, and bizarre mini-games like Monkey Curling. With over 120 playable characters ranging from robots to zombies, plus unlockable cheats and arcade leagues, TimeSplitters 2 offers endless replayability and remains a pinnacle of couch co-op gaming.",https://images.launchbox-app.com/1686a720-42f4-4d49-a72b-16f33deb42c6.jpg
TimeSplitters: Future Perfect,2005-03-21,,83,Shooter,"TimeSplitters: Future Perfect delivers chaotic first-person shooting across multiple time periods as Sergeant Cortez battles through history to prevent humanity's extinction. Team up in split-screen co-op through the entire campaign, blasting through gothic castles, Cold War bases, and futuristic cities. Create custom maps with the robust MapMaker, then battle friends in 4-player split-screen across 16 multiplayer modes including Capture the Bag and Virus. Play as over 150 bizarre characters from robots to zombies to monkeys. The signature arcade-style gameplay features dual-wielding weapons, temporal uplinks that let you fight alongside your future self, and humor-filled cutscenes. With challenge modes, arcade league tournaments, and endless customization options, this time-traveling adventure offers limitless replay value.",https://images.launchbox-app.com/ae334a6e-2fa2-477b-9c37-6ef9431d089a.jpg
TMNT: Mutant Melee,2005-03-15,,53,Fighting,"Battle through chaotic 3D arenas in this cel-shaded Teenage Mutant Ninja Turtles fighting game that brings the heroes in a half shell to life with vibrant comic book visuals. Choose from Leonardo, Donatello, Michelangelo, Raphael, and unlockable characters including Casey Jones, Splinter, and Shredder across multiple game modes. Master each fighter's unique moves and combos in the story-driven Adventure mode, or dive into intense multiplayer mayhem supporting up to four players simultaneously. Destroy interactive environments, use weapons scattered throughout levels, and unleash devastating special attacks. Features include Last Man Standing battles, King of the Hill matches, and tournament modes that test your ninja skills to the limit.",https://images.launchbox-app.com/1bb263b4-3f5f-4db0-acb8-5ac8b78b179b.jpg
TOCA Race Driver,2003-03-17,,82,Racing,"TOCA Race Driver revolutionizes racing games with its groundbreaking story-driven career mode. You play as Ryan McKane, a rising driver seeking glory while uncovering the truth behind your father's fatal crash. Experience intense wheel-to-wheel racing across 42 real-world circuits in 13 global championships, from DTM to V8 Supercars. Master over 40 licensed vehicles including touring cars, GT sportscars, and open-wheelers. The innovative damage system affects handling and performance, forcing tactical decisions about pit stops. Rivalries with AI drivers persist across races, creating personal vendettas on track. Dynamic weather and authentic physics deliver unmatched realism. Build your reputation through 35 story chapters featuring professional voice acting and cinematic cutscenes that blur the line between racing and drama.",
TOCA Race Driver 2,2004-04-13,,82,Racing,"TOCA Race Driver 2 delivers the ultimate racing career experience with an immersive story mode that puts you in the driver's seat of professional motorsport. Race across 15 different motorsport disciplines including rallying, GT, touring cars, street racing, and open-wheel championships. Master over 35 meticulously detailed tracks from famous circuits like Brands Hatch to street courses in cities worldwide. The innovative narrative-driven career mode follows your rise from rookie to racing legend, complete with rivalries, team politics, and high-stakes championship battles. With over 40 licensed cars from manufacturers like Ford, Alfa Romeo, and Nissan, each vehicle handles distinctively with realistic physics. Online multiplayer supports up to 12 players for intense wheel-to-wheel competition.",https://images.launchbox-app.com/a46d6b47-8b58-441a-a4f4-6e60c221c266.jpg
TOCA Race Driver 3,2006-02-21,,82,Racing,"TOCA Race Driver 3 delivers the ultimate motorsport experience with over 35 different racing styles packed into one massive game. From DTM and V8 Supercars to rallying, GT racing, and open-wheel championships, master diverse disciplines across 80 licensed circuits worldwide. The innovative World Tour mode takes you on a globe-trotting career through professional motorsport, while Pro Career mode lets you specialize in your favorite racing series. With 70 licensed cars, realistic damage modeling, and dynamic weather conditions, every race demands different skills and strategies. Online multiplayer for up to 12 players extends the competition beyond the single-player campaigns. This is motorsport variety at its finest.",https://images.launchbox-app.com/780271c3-656b-435d-a7ef-a4de1dbf2631.jpg
ToeJam & Earl III: Mission to Earth,2002-10-23,,63,Action,"The funkiest aliens in the galaxy return for their grooviest adventure yet! ToeJam & Earl III brings the beloved duo back to Earth in a hilarious 3D platformer packed with outrageous humor and funky beats. Play as ToeJam, Earl, or newcomer Latisha as you explore twelve massive levels filled with crazy Earthlings, from possessed cows to deranged dentists. Collect presents containing wild power-ups like rocket skates and spring shoes while searching for the stolen Sacred Albums of Funk. Team up with a friend in split-screen co-op to double the chaos! Master each character's unique abilities - ToeJam's speed, Earl's strength, or Latisha's special moves. With randomly generated levels ensuring every playthrough feels fresh, funky mini-games, and a soundtrack that'll have you grooving, this interstellar adventure delivers pure comedic mayhem. Get ready to funk up Earth and save the universe with style!",https://images.launchbox-app.com/f696961e-1d1f-4a0b-b95b-0a75dd7c6ec1.jpg
Tom and Jerry in War of the Whiskers,2002-11-18,,66,Fighting,"Unleash cartoon chaos in this wild 3D fighting game featuring everyone's favorite cat-and-mouse duo! Choose from Tom, Jerry, and a roster of classic MGM cartoon characters including Spike, Tyke, and Butch. Battle across interactive environments pulled straight from the animated series - from the familiar house kitchen to a haunted castle and even outer space. Master each character's unique moves and signature weapons like mallets, dynamite, and frying pans. Destructible environments let you use everything as a weapon while dodging falling anvils and explosive surprises. With 4-player multiplayer mayhem, unlockable characters and costumes, plus multiple game modes including single-player challenges, this brawler captures the slapstick spirit of the timeless cartoons in frantic, fun-filled fights.",https://images.launchbox-app.com/9d524950-e1b6-47dc-9362-84fd15427872.jpg
Tom Clancy's Ghost Recon,2002-11-11,,85,Tactical Shooter,"Lead an elite squad of Green Berets through intense tactical combat in Tom Clancy's Ghost Recon. Command your fireteam across vast open battlefields where one bullet means death. Plan your approach carefully - use stealth, suppressing fire, and flanking maneuvers to outmaneuver enemy forces. Switch between squad members on the fly, each with specialized weapons and skills. Experience realistic military tactics where patience and planning triumph over run-and-gun action. From dense jungles to urban warzones, every mission demands precise coordination and split-second decisions. With permadeath for fallen soldiers and dynamic AI that adapts to your tactics, Ghost Recon delivers unforgiving strategic warfare where every choice matters.",https://images.launchbox-app.com/93ad381f-62e5-4fcf-a10d-3010f3dc3bc2.jpg
Tom Clancy's Ghost Recon 2,2004-11-16,,80,Tactical Shooter,"Lead the elite Ghosts special forces unit through intense tactical combat in this military shooter sequel. Set in 2011 North Korea, you command your squad using advanced battlefield technology and authentic weaponry. The innovative lone wolf mode lets you break from your team for solo infiltration missions, while the revamped command system gives you unprecedented control over squad tactics and positioning. Experience visceral third-person action with over-the-shoulder aiming that brings you closer to the firefights. Coordinate strikes, call in air support, and utilize cutting-edge military gear including drones and satellite intel. Multiplayer modes deliver strategic team-based warfare across diverse maps. With its blend of tactical planning and explosive combat, Ghost Recon 2 revolutionizes squad-based military action.",https://images.launchbox-app.com/b7098cfa-7a00-4204-8c38-7c4ce4e39166.jpg
Tom Clancy's Ghost Recon 2: Summit Strike,2005-08-02,,82,Tactical Shooter,"Step into the boots of elite Ghost soldier Scott Mitchell in this tactical military shooter set in Kazakhstan's volatile borderlands. Summit Strike delivers intense squad-based combat where strategy trumps firepower. Command your Ghost team through 11 challenging missions, utilizing advanced weaponry and cutting-edge military tech to neutralize rogue Pakistani forces threatening regional stability. The innovative Cross-Com system lets you coordinate strikes, mark targets, and share intel in real-time. Choose your approach - go loud with overwhelming force or infiltrate silently using night vision and suppressed weapons. Dynamic weather and terrain affect tactics, while robust multiplayer modes offer cooperative campaigns and competitive battles. Master the art of modern warfare where every decision counts and teamwork ensures survival.",https://images.launchbox-app.com/de3a5086-4657-4aa8-9486-f81361520cdf.jpg
Tom Clancy's Ghost Recon Advanced Warfighter,2006-03-07,,90,Tactical Shooter,"Lead an elite squad of Ghost soldiers through the war-torn streets of Mexico City in this tactical shooter that redefined modern warfare gaming. As Captain Scott Mitchell, command your team using cutting-edge technology including the Cross-Com system that provides real-time battlefield intelligence and drone reconnaissance. Execute precision strikes, coordinate squad movements, and adapt tactics on the fly as you face a rebel uprising threatening North American security. The innovative cover system and squad command interface let you orchestrate complex firefights while managing multiple objectives. Experience intense urban combat across destructible environments where every decision matters. With its blend of strategic planning and visceral action, Advanced Warfighter delivers the ultimate special forces experience that rewards tactical thinking over run-and-gun gameplay.",https://images.launchbox-app.com/2da774ab-523b-4b1b-aa9d-a6cbcd2be311.jpg
Tom Clancy's Ghost Recon: Island Thunder,2003-07-28,,81,Tactical Shooter,"Step into the boots of an elite U.S. Army Green Beret in this tactical shooter expansion that takes the Ghost Recon squad to Cuba in 2010. Lead your specialized team through eight intense missions as you work to stabilize a nation on the brink of chaos after Castro's death. Command your squad with precise tactical controls, switching between soldiers to leverage their unique skills. Experience realistic combat where one bullet can be fatal, demanding careful planning and stealth over run-and-gun tactics. Navigate diverse Cuban environments from urban streets to dense jungles, using advanced military technology including night vision and thermal imaging. Coordinate synchronized attacks, set up ambushes, and adapt your strategy on the fly. With enhanced multiplayer modes and the innovative voice command system on Xbox, Island Thunder delivers authentic special forces action where tactics triumph over firepower.",https://images.launchbox-app.com/54fb5c02-3e33-4c7b-b0cf-14c9b8312604.jpg
Tom Clancy's Rainbow Six 3,2003-10-28,,85,Tactical Shooter,"Lead Team Rainbow through intense counter-terrorism operations in Tom Clancy's Rainbow Six 3. Command an elite squad of operatives as you infiltrate enemy strongholds, rescue hostages, and neutralize global threats. Experience revolutionary tactical gameplay where planning and precision matter more than firepower. Use voice commands to direct your AI teammates through coordinated breaches, flanking maneuvers, and synchronized assaults. Every mission demands strategic thinking as you choose equipment, plan entry points, and adapt to dynamic situations. With realistic damage modeling, one bullet can be fatal, making stealth and tactics essential. Navigate through diverse environments from oil rigs to penthouse suites, using thermal vision and heartbeat sensors to gain the edge. The acclaimed Xbox Live multiplayer delivers intense competitive matches where teamwork determines victory.",https://images.launchbox-app.com/d86c5971-a837-4181-8cf1-fa01ff2b2a9e.jpg
Tom Clancy's Rainbow Six 3: Black Arrow,2004-08-03,,83,Tactical Shooter,"Deploy with Team Rainbow in this tactical expansion to Rainbow Six 3. Lead elite counter-terrorism operatives through ten intense new missions across Mediterranean and Eastern European theaters. Master split-second decision-making as you breach doors, clear rooms, and neutralize threats with precise coordination. Command your AI squad with enhanced voice controls, issuing complex tactical orders on the fly. Experience refined gameplay mechanics including new weapons, equipment, and improved enemy AI that adapts to your strategies. Engage in explosive multiplayer battles across exclusive maps designed for competitive play. Every mission demands perfect planning and flawless execution as you combat global terrorism. Black Arrow delivers the ultimate tactical shooter experience where teamwork, strategy, and precision determine success.",https://images.launchbox-app.com/dbfa3e29-b7d3-4bc9-b787-b24b7bb610ad.jpg
Tom Clancy's Rainbow Six: Critical Hour,2006-03-14,,57,Tactical Shooter,"Tom Clancy's Rainbow Six: Critical Hour delivers intense tactical counter-terrorism action as you lead Team Rainbow through seven pulse-pounding missions spanning the unit's storied history. Experience the evolution of Rainbow Six through recreated classic operations from previous games alongside new scenarios. Command your squad through meticulously planned assaults, coordinating breach points, flashbangs, and synchronized takedowns. The innovative motion-captured combat system brings unprecedented realism to close-quarters battles. Choose from 18 elite operators, each with specialized skills and equipment. Master both single-player campaigns and split-screen cooperative modes where teamwork determines survival. Every decision matters as you neutralize threats across diverse environments from urban centers to remote compounds.",https://images.launchbox-app.com/b88f5227-13aa-43d7-8b82-f9f1736c63cd.jpg
Tom Clancy's Rainbow Six: Lockdown,2005-09-06,,71,Tactical Shooter,"Lead Team Rainbow through intense tactical counter-terrorism operations in this gripping squad-based shooter. Command elite operatives across global hotspots from Algeria to the Caribbean, executing precision strikes against a deadly terrorist network. Experience refined gameplay with the new Persistent Elite Creation system, allowing you to develop and customize your operative's skills and equipment loadout. Master advanced tactical mechanics including fluid cover systems, breaching charges, and coordinated team movements. Deploy cutting-edge gadgets like motion sensors and snake cameras to gain the tactical edge. Engage in explosive multiplayer battles across multiple game modes, or tackle the challenging story campaign featuring fully voiced cinematics and branching mission paths.",https://images.launchbox-app.com/46e60bb2-c5fc-4e60-a745-06b8c4ef98f3.jpg
Tom Clancy's Splinter Cell,2002-11-17,,93,Stealth,"Master the art of stealth as Sam Fisher, an elite NSA operative armed with cutting-edge gadgets and lethal skills. Infiltrate terrorist strongholds using revolutionary light and shadow mechanics that redefined stealth gaming. Split jump between walls, rappel from ceilings, and strike from darkness with precision. Your night vision goggles pierce the shadows while thermal imaging reveals hidden enemies. Choose your approach: slip past guards undetected, interrogate enemies for intel, or eliminate threats with silent takedowns. Every mission demands tactical thinking as you hack computers, pick locks, and use sticky cameras to scout ahead. With dynamic AI that reacts to sound and movement, one mistake could blow your cover. Experience the tension of operating behind enemy lines where patience and planning triumph over firepower. Tom Clancy's Splinter Cell delivers unmatched stealth action.",https://images.launchbox-app.com/95eeb958-8116-4a1e-9bef-68daffaa6414.jpg
Tom Clancy's Splinter Cell: Chaos Theory,2005-03-28,,94,Stealth,"Master the art of stealth as elite agent Sam Fisher in the most refined entry of the Splinter Cell series. Execute missions across global hotspots using revolutionary gameplay mechanics including the knife for close-quarters combat, enhanced athletic moves for navigation, and the iconic multi-vision goggles. Choose your approach: ghost through levels undetected, use non-lethal takedowns, or eliminate threats with precision. The dynamic sound meter and light detection system create unparalleled tactical depth. Experience the critically acclaimed co-op campaign featuring unique missions designed for two operatives. With multiple paths through each level, customizable loadouts, and the series' best multiplayer mode Spies vs Mercs, Chaos Theory delivers the ultimate stealth action experience where every shadow matters.",
Tom Clancy's Splinter Cell: Double Agent,2006-10-24,,85,Stealth,"Live the ultimate double life as elite operative Sam Fisher, infiltrating a terrorist organization from within. Navigate the razor's edge between maintaining your cover and completing NSA objectives in this revolutionary stealth thriller. Every choice carries weight - save innocent lives or preserve your alias, use lethal force or stay in the shadows. Experience two interconnected campaigns with branching storylines shaped by your decisions. Master innovative gameplay mechanics including ice climbing, underwater infiltration, and high-tech gadgets. Tension peaks as you balance trust meters between the NSA and terrorists, where one wrong move exposes your true identity. Featuring stunning environments from Shanghai skyscrapers to frozen wastelands, Double Agent redefines espionage gaming with moral complexity and consequences that ripple through every mission.",https://images.launchbox-app.com/bb1269fb-8762-4306-a151-f22bf0c43e1d.jpg
Tom Clancy's Splinter Cell: Pandora Tomorrow,2004-03-23,,87,Stealth,"Return to the shadows as Sam Fisher in this stealth masterpiece sequel. Master the art of espionage across exotic locations from Indonesia to Jerusalem as you hunt a deadly virus threatening millions. Pandora Tomorrow revolutionizes stealth action with dynamic lighting that makes every shadow your ally or enemy. Use split jumps, SWAT turns, and whistle lures to outsmart guards. Deploy sticky cameras, shockers, and your iconic multi-vision goggles to gather intel undetected. The groundbreaking multiplayer pits nimble spies against heavily-armed mercenaries in tense cat-and-mouse battles. Choose your path through each mission - ghost through unseen, use non-lethal takedowns, or eliminate threats with precision. Your choices shape the outcome as global tensions escalate.",https://images.launchbox-app.com/9bcb37b7-b270-45c4-ade8-65024d8c7569.jpg
Tomb Raider: Legend,2006-04-11,,82,Action Adventure,"Lara Croft returns in a breathtaking adventure that redefines the Tomb Raider legacy. Explore exotic locations from Bolivia to Japan as you uncover the truth behind Lara's past and the mysterious artifact that killed her mother. Master acrobatic moves with fluid controls that let you swing across chasms, scale sheer cliffs, and engage in thrilling combat. Use Lara's magnetic grapple to manipulate environments and solve intricate physics-based puzzles. Experience stunning visuals across ancient ruins, modern cities, and forgotten tombs. The game features intense motorcycle sequences, challenging boss battles, and a gripping story that weaves mythology with personal drama. Legend marks Lara's triumphant return with refined gameplay mechanics and cinematic presentation.",
Tony Hawk's American Wasteland,2005-10-18,,77,Sports,"Tony Hawk's American Wasteland revolutionizes skateboarding with the first truly open world in the series. Explore a massive, living Los Angeles without loading screens, from Hollywood to Santa Monica. Create your own skate punk legend as you build the ultimate skate park in Beverly Hills. The innovative BMX mode lets you switch between skateboard and bike on the fly, opening new trick possibilities and exploration options. Master the new Bert slides, Natas spins, and expanded manual combinations. The deep story mode follows your journey from nobody to skating legend, while Classic mode delivers pure arcade action. Customize everything from your character's look to the tricks themselves. Experience the raw energy of punk culture with an authentic soundtrack featuring punk legends and underground bands.",https://images.launchbox-app.com/c10847c6-68c9-412f-9309-ca522bcd7275.jpg
Tony Hawk's Project 8,2006-11-07,,73,Sports,"Tony Hawk's Project 8 revolutionizes skateboarding with its groundbreaking Nail the Trick system, letting you control your board with analog sticks mid-air for unprecedented trick customization. As an amateur skater, prove yourself worthy of joining Tony Hawk's elite Project 8 team by conquering challenges across a massive, fully connected city. Experience seamless gameplay as you skate from suburbs to downtown without loading screens. Master classic and all-new tricks, build custom skate parks, and compete in intense competitions. The enhanced physics engine delivers the most realistic skating experience yet, while motion capture from pro skaters ensures authentic animations. Rise through the ranks from nobody to skating legend in this ambitious entry that pushes the boundaries of what's possible on a skateboard.",https://images.launchbox-app.com/c914677f-5e3f-4696-a086-9fd340022b48.jpg
Tony Hawk's Pro Skater 2x,2001-11-15,,73,Sports,"Tony Hawk's Pro Skater 2x delivers the ultimate skateboarding experience exclusively on Xbox. Combining levels from both THPS1 and THPS2 plus five massive exclusive environments, this enhanced collection features improved graphics and smoother gameplay. Pull off insane combos with the revolutionary manual system, linking tricks across entire levels. Create custom skaters and design your own skate parks with the robust editor. Master over 100 tricks with responsive controls while skating as Tony Hawk or other pro legends. Explore sprawling levels hunting for secret tapes, hitting high scores, and completing challenging objectives. The killer soundtrack featuring punk, hip-hop and rock perfectly complements the rebellious skating culture. Xbox-exclusive content and enhanced visuals make this the definitive Tony Hawk experience.",https://images.launchbox-app.com/bc8d5922-9b08-475a-af47-481d46ba47f1.jpg
Tony Hawk's Pro Skater 3,2001-10-29,,93,Sports,"Tony Hawk's Pro Skater 3 revolutionizes skateboarding gaming with the introduction of the revert, allowing seamless combo linking between vert and street tricks. Create your own skater or play as Tony Hawk and other pro legends across massive levels including Los Angeles, Canada, and Tokyo. The Create-A-Park editor lets you build custom skateparks with endless possibilities. Master over 100 tricks, from kickflips to 900s, while exploring secret areas and completing challenging objectives. Online multiplayer brings competitive modes like Trick Attack and Graffiti. The stellar soundtrack featuring hip-hop, punk, and rock perfectly captures skateboarding culture. With improved graphics, tighter controls, and addictive gameplay that rewards creativity and skill, THPS3 stands as the definitive skateboarding experience that defined a generation of extreme sports gaming.",
Tony Hawk's Pro Skater 4,2002-10-23,,84,Sports,"Tony Hawk's Pro Skater 4 revolutionizes skateboarding with open-ended career mode gameplay. Explore massive levels at your own pace without time limits, completing goals and challenges when you choose. Create devastating combos linking manuals, reverts, and spine transfers across interconnected areas. Master the enhanced trick system featuring flatland tricks, skitching behind vehicles, and the ability to dismount your board. Compete in mini-games like tennis and baseball using your skateboard. Design custom skaters and parks with the deepest editor yet. Experience unique pro-specific challenges for legends like Tony Hawk, Bob Burnquist, and Bam Margera. The refined physics engine delivers the most realistic skateboarding experience, rewarding creativity and skill in equal measure.",https://images.launchbox-app.com/c03611eb-bd38-4fd9-9c93-6a800021ca56.jpg
Tony Hawk's Underground,2003-10-27,,85,Sports,"Tony Hawk's Underground revolutionizes skateboarding with its story-driven campaign where you rise from street amateur to pro legend. Create your custom skater and explore massive open-world levels from New Jersey to Moscow, seamlessly transitioning between skating and walking to discover hidden areas. The game introduces groundbreaking off-board exploration, letting you climb ladders, drive vehicles, and interact with the environment like never before. Master the new wallplant moves and spine transfers while building your trick arsenal. Design custom goals, share created parks online, and experience the most authentic skateboarding journey with real pro skaters. Choose your path to fame through sponsors, contests, and video parts in this genre-defining extreme sports adventure.",https://images.launchbox-app.com/e87354f0-fac1-4a4c-82b7-d0b60691b306.jpg
Tony Hawk's Underground 2,2004-10-04,,80,Sports,"Tony Hawk's Underground 2 unleashes skateboarding mayhem as you join Tony Hawk and Bam Margera on the ultimate road trip - the World Destruction Tour. Create chaos across seven massive levels spanning the globe from Barcelona to New Orleans. The revolutionary Story Mode follows your custom skater through outrageous challenges and pranks, while Classic Mode brings back the addictive two-minute runs. Master an expanded trick system featuring new moves like the Sticker Slap and wall-pushing mechanics. Build and share custom parks with the enhanced Create-a-Park editor. Choose from a massive roster of pro skaters and unlockable legends. Experience multiplayer madness with new modes and online play. This sequel perfects the formula with its irreverent humor, punk soundtrack, and endless freestyle possibilities.",https://images.launchbox-app.com/3f575613-e308-4e12-a960-0c8e298235f4.jpg
Top Gear RPM Tuning,2004-05-24,,45,Racing,"Rev your engines and dive into the underground street racing scene with Top Gear RPM Tuning! This adrenaline-pumping racer puts you behind the wheel of 26 licensed high-performance vehicles from legendary manufacturers. Master the art of precision tuning as you customize every aspect of your ride - from engine modifications and nitrous systems to visual upgrades that make your car truly yours. Race through diverse urban environments across multiple game modes including Circuit, Drag Racing, and Time Attack. Challenge rivals in intense one-on-one battles or compete in championship tournaments to prove your dominance. The advanced physics engine delivers realistic handling that rewards skilled drivers who perfect their racing lines and braking points. Build your reputation, unlock new parts, and transform street machines into unbeatable racing legends!",https://images.launchbox-app.com/32cd0316-435c-479c-bcbb-f17ed66691d8.png
Top Spin,2003-10-28,,90,Sports,"Top Spin revolutionizes tennis gaming with its innovative Risk Shot system, letting you attempt spectacular winners that can swing momentum in crucial moments. Create your own player and climb from amateur courts to Grand Slam glory in the deep career mode, developing your skills and style along the way. Face off against 16 real tennis stars including Lleyton Hewitt, Andy Roddick, and Anna Kournikova across meticulously recreated venues from Roland Garros to Wimbledon. The precise analog stick control delivers unmatched shot placement and spin variety, while the dynamic AI adapts to your playstyle. Master baseline rallies, perfect your serve-and-volley game, or develop crushing topspin shots. With fluid animations, TV-style presentation, and multiplayer tournaments for up to 4 players, Top Spin serves up the most authentic and addictive tennis experience on Xbox.",https://images.launchbox-app.com/5b32b94d-3ac7-4af8-ab9a-b1f1d3e90b22.jpg
Torino 2006,2006-01-24,,68,Sports,"Experience the thrill of the XX Olympic Winter Games in Torino 2006, the official video game of the 2006 Winter Olympics. Compete in eight authentic Olympic events including alpine skiing, ski jumping, speed skating, and bobsled across stunning recreations of actual Turin venues. Master precise timing and control as you race down treacherous slopes, launch off massive ski jumps, and navigate high-speed ice tracks. Choose from 24 national teams and customize your athlete's appearance and equipment. The innovative control system captures the nuance of each sport, from carving perfect turns in the slalom to maintaining balance during aerial tricks. Multiplayer modes let you challenge friends locally in heated competition for gold medal glory.",https://images.launchbox-app.com/b8dc1bf7-52e3-466d-8b78-4d923546d441.jpg
Tork: Prehistoric Punk,2005-01-11,,54,Platformer,"Travel through time as Tork, a caveboy who can transform into powerful prehistoric creatures! This action-platformer sends you on an epic quest across diverse time periods to rescue your village from an evil shaman. Master Tork's unique shape-shifting abilities - become a swift velociraptor to speed through levels, a mighty mammoth to smash obstacles, or a soaring pterodactyl to reach new heights. Each transformation grants special powers essential for solving environmental puzzles and defeating enemies. Explore lush jungles, frozen wastelands, and mysterious ruins filled with collectibles and secrets. With vibrant cartoon graphics, creative level design, and innovative transformation mechanics, Tork delivers a prehistoric adventure where evolution is your greatest weapon!",https://images.launchbox-app.com/0ddf9ed8-fd83-4412-aaf0-eb8b0ff039e3.jpg
Total Club Manager 2004,2003-11-14,,70,Sports Management,"Take complete control of your football club in this comprehensive management simulation. Build your squad through shrewd transfers and youth development while managing tactics, training, and team morale. Navigate the complexities of club finances, stadium improvements, and board expectations as you guide your team from lower divisions to championship glory. Features deep tactical customization with formation editors, individual player instructions, and match-day strategy adjustments. Handle press conferences, player negotiations, and staff appointments while dealing with injuries, suspensions, and form fluctuations. Experience authentic league structures across multiple countries with realistic transfer windows and competition rules. Watch matches unfold in 2D or text commentary as your tactical decisions play out in real-time. Balance short-term success with long-term sustainability as you build a dynasty from the ground up in this immersive football management experience.",https://images.launchbox-app.com/7a13e421-3c60-4543-95b2-3a1adef808b1.jpg
Total Club Manager 2005,2004-10-22,,66,Sports Management,"Take control of your favorite football club in this comprehensive management simulation. Build your squad through shrewd transfers and youth development while managing tactics, training, and team morale. Experience the pressure of match days with detailed 3D match engine showcasing your tactical decisions in action. Navigate board expectations, handle press conferences, and balance the books as you guide your team from obscurity to glory. Features extensive database of real players and teams across multiple leagues, in-depth tactical systems, and realistic transfer markets. Deal with injuries, suspensions, and player personalities while developing your managerial reputation. Create custom formations, set individual player instructions, and watch your strategic vision unfold on the pitch. Whether rebuilding a fallen giant or taking non-league minnows to the top flight, every decision shapes your club's destiny in this addictive football management experience.",https://images.launchbox-app.com/47139b67-f509-4978-bef5-0b709d2b4904.jpg
Total Immersion Racing,2002-11-18,,72,Racing,"Experience authentic motorsport across three prestigious racing classes in Total Immersion Racing. Start your career in GT cars, progress through powerful GTS machines, and ultimately master PRO prototype racers on both real-world circuits and imaginative tracks. Four difficulty levels from Amateur to Extreme ensure both newcomers and veterans find their perfect challenge. Build your reputation through Career mode, climbing from entry-level GT to championship glory in prototype racing while unlocking new vehicles and circuits. Perfect your racing lines in Time Trial, tackling any unlocked track to shave precious seconds off your best laps. Conquer 37 unique challenges across five categories including GT, GTS, PRO, Manufacturer, and grueling Endurance events. Race single events from one to twenty-five laps with dynamic day/evening lighting on most tracks. This comprehensive racing simulation delivers varied motorsport disciplines with challenging AI that adapts to your skill level.",https://images.launchbox-app.com/c931dbc3-afd9-4fc0-bbb0-7d4adb2ea489.jpg
Total Overdose,2005-09-27,,71,Action,"Total Overdose delivers an explosive cocktail of Mexican-styled mayhem and over-the-top action. Play as Ramiro Cruz, an ex-convict infiltrating a drug cartel to avenge his father's death and save his brother. Master the art of ""Loco Moves"" - spectacular slow-motion gunplay combos that let you dive through the air with dual pistols blazing, perform wall-runs while shooting, and execute devastating special attacks. The game blends Max Payne-style bullet-time with Robert Rodriguez film aesthetics, featuring a vibrant Mexican setting filled with Day of the Dead imagery. Drive lowriders through dusty border towns, engage in wild shootouts in cantinas, and chain together stylish kills for massive score multipliers. With its unique scoring system, replay value comes from perfecting your combos and discovering new ways to dispatch enemies with flair.",https://images.launchbox-app.com/889762c6-c315-4225-8484-8b173a7bd69f.jpg
Totaled!,2002-07-09,,71,Racing,"Unleash automotive destruction in Totaled!, the intense demolition racing game where survival is optional but carnage is guaranteed. Race through 18 brutal tracks across diverse environments from dusty desert arenas to rain-slicked city streets, each designed to maximize vehicular mayhem. Choose from 12 customizable cars and engage in multiple game modes including traditional racing, last-man-standing demolition derbies, and the chaotic Bomb Tag. The revolutionary damage modeling system realistically deforms your vehicle with every impact - watch hoods crumple, doors fly off, and engines smoke as you battle through the pack. Chain together devastating combo attacks to earn nitro boosts while navigating through explosive obstacles and environmental hazards. With responsive arcade handling that rewards both speed and strategic ramming, every race becomes a white-knuckle battle for supremacy where finishing first means nothing if you can't finish at all.",https://images.launchbox-app.com/0d0b63f3-0a8d-4be7-84af-61670063e54e.jpg
Toxic Grind,2002-10-27,,45,Sports,"Survive a twisted futuristic game show on your BMX in Toxic Grind, the only extreme sports game with a narrative storyline. Navigate through 11 deadly levels filled with obstacles and challenges as contestants compete for their lives in this dystopian spectacle. Execute vert tricks, grinds, and wallrides while chaining combos to unlock powerful adrenaline tricks that boost your score and chances of survival. The Underground story mode sends you through missions to unlock new stages, while Arcade offers free play and Pro Circuit tests your skills across multiple levels for the best average score. Master the control scheme using hops, loop tricks, and holds to navigate treacherous environments. Multiplayer modes include Quick Draw score races, Turf War territory battles, and Tug of War point-stealing competitions. Despite mixed reception for its ambitious story integration, this unique BMX experience dares to blend extreme sports with narrative drama.",https://images.launchbox-app.com/7d804d7a-eef3-48bb-8e6e-d89e2e2873c9.jpg
TransWorld Snowboarding,2002-10-28,,74,Sports,"Experience the ultimate snowboarding rush in TransWorld Snowboarding, where authentic riding meets arcade thrills. Carve through massive open mountain environments featuring real-world locations like Whistler and Aspen. Pull off insane tricks across halfpipes, rails, and natural terrain with an intuitive control system that rewards creativity. Choose from top pro riders including Todd Richards and Peter Line, each with unique styles and signature moves. The game's innovative ""Respect"" system tracks your reputation as you complete challenges and film video parts. Dynamic weather and snow conditions affect your runs, while the stellar soundtrack from punk and hip-hop artists fuels your sessions. Master everything from technical rail grinds to massive backcountry jumps in this defining snowboarding experience.",https://images.launchbox-app.com/7d906eb9-1283-49eb-a33e-9c55495af745.jpg
Transworld Surf,2001-11-27,,72,Sports,"Carve massive waves and pull off insane aerial tricks in Transworld Surf, the extreme surfing game that brings the world's best breaks to your Xbox. Choose from 13 pro surfers including Taj Burrow, Andy Irons, and Shane Dorian as you tackle legendary surf spots from Pipeline to Teahupoo. Master the innovative control system that lets you perform authentic maneuvers like floaters, snaps, and massive airs while reading the wave to find the perfect barrel. Build up your karma meter by landing combos and riding deep in the green room to unlock special moves and hidden content. Experience dynamic water physics that create unique waves every session, ensuring no two rides are the same. With multiple game modes including Pro Tour, Free Surf, and multiplayer competitions, plus a killer soundtrack featuring punk and surf rock, Transworld Surf delivers the ultimate virtual surfing experience.",https://images.launchbox-app.com/8a3f8879-4a2e-41b4-ab1c-5a3e34c59f31.jpg
Trigger Man,2004-10-04,,22,Shooter,"Step into the shadowy underworld as a mob enforcer in this gritty third-person shooter. Navigate through seedy urban environments including warehouses, docks, and casino districts while carrying out hits for the Coladangelo crime family. Use stealth tactics to get close to targets or go in guns blazing with an arsenal of authentic weapons. The game features a unique ""whack meter"" that rewards clean, professional kills. Face off against rival gangs, crooked cops, and betrayers within your own family across eight intense missions. Strategic gameplay emphasizes positioning and timing - every bullet counts when you're outnumbered. Experience the dark atmosphere of organized crime with a noir-inspired visual style and moody soundtrack that captures the tension of mob life.",https://images.launchbox-app.com/464b658c-bb4a-401b-b047-8bb11327ec29.jpg
Triple Play 2002,2002-03-12,,69,Sports,"Step up to the plate in EA Sports' Triple Play 2002, where arcade-style baseball action meets authentic MLB gameplay. Experience the thrill of America's pastime with all 30 MLB teams and real player rosters from the 2001 season. The revolutionary Big Play Control system puts you in command of spectacular diving catches, wall-climbing grabs, and game-saving double plays. Create custom players and franchises in the deep Season and Dynasty modes, or jump into quick exhibition matches. Featuring smooth animations, realistic stadiums, and dynamic commentary from Jim Hughson and Buck Martinez, Triple Play 2002 delivers accessible yet strategic baseball. Master the intuitive pitching and batting mechanics that balance arcade fun with simulation depth. Whether you're stealing bases, turning double plays, or launching home runs into the stands, every moment captures the excitement of Major League Baseball.",https://images.launchbox-app.com/8d70980c-5ec3-49aa-9fd6-c3cb12b0dba8.jpg
Trivial Pursuit: Unhinged,2004-03-24,,66,Trivia,"Test your knowledge in this wildly unconventional take on the classic trivia game! Trivial Pursuit: Unhinged transforms the beloved board game into a raucous party experience with outrageous questions, hilarious wrong answers, and zany mini-games. Choose from multiple game modes including Classic, Unhinged, and Quick Play. Battle through six twisted categories featuring pop culture, bizarre facts, and laugh-out-loud content. The game features full voice acting, animated hosts, and special ""Unhinged"" rounds where wrong answers earn bonus points. Challenge friends in local multiplayer for up to 6 players or tackle solo mode. With thousands of questions ranging from genuinely educational to completely absurd, every game delivers fresh surprises and memorable moments.",https://images.launchbox-app.com/b2dafaba-b1d8-48bd-a504-ff13c8527251.jpg
Tron 2.0: Killer App,2004-11-04,,76,Shooter,"Enter the digital frontier in this action-packed fusion of first-person shooting and light cycle racing. As Jet Bradley, son of ENCOM programmer Alan Bradley, you're accidentally digitized into a corrupted computer world threatened by viral infection. Wield iconic disc weapons and energy rods while battling through neon-lit cyberspace environments filled with hostile programs and security protocols. Experience thrilling light cycle battles on the Game Grid, upgrade your abilities through subroutine customization, and uncover a conspiracy that threatens both digital and real worlds. This Xbox exclusive edition features enhanced multiplayer modes including disc combat arenas and expanded light cycle races, plus bonus campaign missions not found in the PC version.",https://images.launchbox-app.com/ffece269-d152-451c-89b8-58fae3cab9ed.jpg
True Crime: New York City,2005-11-15,,62,Action,"Take on the mean streets of New York City as Marcus Reed, a gang member turned cop seeking redemption. This gritty open-world action game lets you explore a massive recreation of Manhattan, from Times Square to Chinatown. Fight crime your way - go by the book as a good cop or bend the rules using intimidation and excessive force. Your choices affect your karma and the story's outcome. Commandeer any vehicle, from police cruisers to motorcycles, as you chase down criminals through authentic NYC neighborhoods. Master martial arts combat, precise gunplay, and street fighting techniques. Interrogate suspects, collect evidence, and solve cases while navigating corruption within the NYPD. With branching storylines, multiple endings, and the freedom to explore the city that never sleeps, True Crime: New York City delivers raw urban action where every choice matters.",https://images.launchbox-app.com/r2_2dcf574d-fd10-445d-9765-d29d9448f0b6.jpg
True Crime: Streets of LA,2003-11-03,,77,Action,"Step into the shoes of rogue cop Nick Kang as he dispenses his own brand of justice on the mean streets of Los Angeles. This open-world action game blends driving, shooting, and martial arts combat across a massive recreation of LA spanning 240 square miles. Choose your path through branching storylines where your actions determine whether you're a good cop or bad cop. Engage in high-speed pursuits through real LA neighborhoods, master brutal hand-to-hand combat with multiple fighting styles, and wield an arsenal of weapons in intense shootouts. Random street crimes keep the action unpredictable between story missions. With its pioneering GPS-accurate city map, dynamic karma system, and Hollywood-caliber voice acting featuring Christopher Walken, True Crime delivers a gritty crime saga where every choice shapes your destiny as LA's most controversial detective.",https://images.launchbox-app.com/40e5cdb4-ce1d-4076-a025-8ddfea1e86b3.jpg
Turok: Evolution,2002-08-28,,69,Shooter,"Step into the boots of Tal'Set, a Native American warrior thrust into the savage Lost Land where dinosaurs rule and danger lurks at every turn. Turok: Evolution delivers intense first-person combat as you battle through prehistoric jungles wielding an arsenal of primitive and futuristic weapons. Switch seamlessly between stealth tactics and all-out warfare, using everything from traditional bows to devastating plasma cannons. Experience heart-pounding aerial missions on armed Quetzalcoatlus pterosaurs, engage in brutal hand-to-hand combat, and navigate treacherous environments filled with deadly traps. The game's unique Rage mode transforms you into a berserker warrior capable of devastating melee attacks. With expansive levels encouraging exploration and multiple paths to victory, every playthrough offers fresh tactical opportunities in this primal struggle for survival.",https://images.launchbox-app.com/41262416-4bd5-41a2-a045-b53341be654d.jpg
Ty the Tasmanian Tiger,2002-09-10,,70,Platformer,"Join Ty, a Tasmanian Tiger raised by bilbies, on his quest to save his family from the Dreamtime! This classic 3D platformer brings the Australian Outback to life with vibrant landscapes filled with rainforests, beaches, and billabongs. Master Ty's arsenal of trick boomerangs - from the Frostyrang that freezes enemies to the Flamerang that lights torches. Collect Thunder Eggs to unlock new worlds, rescue your fellow Tasmanian Tigers trapped in magical talismans, and battle the evil cassowary Boss Cass and his minions. Glide through the air, swim underwater caves, and ride wild animals across expansive levels packed with hidden collectibles. With its charming Aussie humor, colorful cast of native animals, and smooth platforming action, Ty delivers a uniquely Down Under adventure perfect for all ages.",https://images.launchbox-app.com/8f5bf781-52a6-4523-9af6-553cf931da0d.jpg
Ty the Tasmanian Tiger 2: Bush Rescue,2004-10-12,,73,Platformer,"Join Ty the Tasmanian Tiger in this action-packed 3D platformer sequel! Battle the evil Boss Cass and his minions across the Australian Outback using an arsenal of upgraded boomerangs, including the explosive Kaboomerang and the searing Flamerang. Drive powerful Bush Rescue vehicles - race in the fourbie, soar in the helicopter, and swim in the submarine through diverse missions. Explore a vast hub world connecting multiple themed zones filled with collectibles and secrets. Team up with the Bush Rescue crew to save Southern Rivers from mechanical menace. Features enhanced combat mechanics, vehicle-based gameplay, and multiplayer mini-games. This Aussie adventure delivers humor, heart, and boomerang-slinging action for all ages!",https://images.launchbox-app.com/c147301b-ac4d-42f6-a617-5d3339f2dca9.jpg
Ty the Tasmanian Tiger 3: Night of the Quinkan,2005-10-11,,70,Platformer,"Join Ty and his mates in their biggest adventure yet as they battle the ancient Quinkan threat terrorizing the Australian Outback! This action-platformer combines classic 3D platforming with exciting mech combat as you pilot the powerful Shadow Bunyip through intense boss battles. Explore a vast open world filled with diverse environments from sprawling deserts to lush rainforests. Master Ty's signature boomerangs alongside new weapons like the Lasharang and Doom Rang. Team up with friends in cooperative multiplayer modes or compete in thrilling cart racing challenges. Collect Thunder Eggs, complete missions for the citizens of Burramudgee, and unlock new abilities as you fight to save Southern Rivers from the nightmarish Quinkan invasion in this family-friendly Australian adventure!",https://images.launchbox-app.com/439824a2-1406-456e-bee8-d806bd555d80.jpg
UEFA Champions League 2004-2005,2005-02-08,,67,Sports,"Experience the pinnacle of European club football in UEFA Champions League 2004-2005. Take control of elite teams from across the continent as you battle through authentic group stages and knockout rounds to lift the coveted trophy. The game features official licenses for all participating clubs, complete with real player names, authentic kits, and meticulously recreated stadiums. Master the tactical depth with advanced team management options, formation adjustments, and strategic substitutions. The refined gameplay engine delivers responsive controls and realistic ball physics, while the dynamic camera system captures every crucial moment. Challenge friends in multiplayer modes or test your skills against intelligent AI opponents that adapt to your playing style.",https://images.launchbox-app.com/36325d59-9c87-441c-af9d-e28193a19f1a.jpg
UEFA Euro 2004,2004-05-07,,78,Sports,"Experience the passion and glory of Europe's premier football tournament in UEFA Euro 2004. Take control of any of the 51 national teams and guide them through qualifying rounds to the finals in Portugal. Feel the intensity with authentic stadiums, official match balls, and real player likenesses. The innovative new shooting system gives you precise control over every strike, while improved passing mechanics let you thread balls through the tightest defenses. Build momentum with the new confidence system where player morale affects performance on the pitch. Create custom tournaments, relive classic Euro moments in scenario mode, or jump into quick matches. With comprehensive team and player statistics, authentic chants, and commentary that captures the tournament atmosphere, this is football at its finest.",https://images.launchbox-app.com/47c049eb-90fa-4ec8-8a57-4e0c5fdb536f.jpg
UFC: Tapout,2002-02-19,,77,Fighting,"UFC: Tapout brings the brutal world of mixed martial arts to Xbox with intense, no-holds-barred fighting action. Step into the Octagon as one of over 25 real UFC fighters, each with authentic fighting styles and signature moves. Master the deep grappling system that revolutionizes ground combat - execute submissions, reversals, and devastating ground-and-pound techniques with intuitive controls. The innovative stamina system forces strategic thinking as fighters tire realistically throughout matches. Create your own fighter and rise through the ranks in Career Mode, training specific skills and earning sponsorships. Multiple game modes include Tournament, Exhibition, and the challenging Arcade Mode. Realistic damage modeling shows cuts, bruises, and swelling as fights progress. Experience the most authentic UFC presentation with official rules, referee stoppages, and commentary that captures the excitement of live events.",https://images.launchbox-app.com/a235e487-a3d4-43b9-b6f6-1193b6bbefdf.jpg
UFC: Tapout 2,2003-03-20,,77,Fighting,"UFC: Tapout 2 delivers the most authentic mixed martial arts experience on Xbox, featuring over 25 real UFC fighters across multiple weight classes. Master the ground game with an innovative grappling system that captures the chess match of submissions and reversals. Strike with precision using the responsive standing combat mechanics, throwing devastating combos, kicks, and clinch attacks. Create your own fighter and rise through the ranks in Career Mode, training specific skills and developing your unique fighting style. Quick fights, tournaments, and arcade modes offer instant action, while the deep simulation engine ensures no two fights feel the same. With motion-captured animations from real fighters and commentary that reacts to the action, every bout feels like a genuine UFC event. Step into the Octagon and prove you have what it takes to become the ultimate champion in this definitive MMA fighting experience.",https://images.launchbox-app.com/8eca7e98-0e35-45de-a600-0ef3ae8bbc8e.jpg
Ultimate Beach Soccer,2003-11-06,,68,Sports,"Take beach soccer to the extreme in Ultimate Beach Soccer, where sun-soaked sands meet intense arcade football action. Master spectacular bicycle kicks, diving headers, and gravity-defying volleys as you compete across exotic beach locations worldwide. Control international teams in fast-paced 4v4 matches where the smaller pitch and softer surface create non-stop action and incredible trick shots. Execute skill moves with intuitive controls, build up combo multipliers for showboating plays, and unleash powerful special shots that leave trails of sand in their wake. Dynamic weather changes from blazing sunshine to tropical storms add strategic depth to matches. Challenge friends in multiplayer tournaments or conquer the world tour mode, unlocking new beaches, customization options, and legendary players. With its vibrant visuals, energetic soundtrack, and pure arcade gameplay, Ultimate Beach Soccer delivers the ultimate fusion of football skills and beach party atmosphere.",https://images.launchbox-app.com/91ebc60a-6314-4e37-a90f-c0e94c430dd2.jpg
Ultimate Pro Pinball,2006-11-14,,,Pinball,"Experience the most realistic pinball simulation ever created in Ultimate Pro Pinball. This collection delivers four meticulously crafted tables with physics so authentic you'll forget you're playing a video game. Every flipper response, ball spin, and table tilt mirrors real-world pinball mechanics with stunning precision. Master complex multiball modes, discover hidden bonuses, and chase high scores across diverse themed tables including the sci-fi epic Timeshock and the horror-themed Web. Advanced camera angles let you view the action from multiple perspectives while dynamic lighting and reflections create an immersive arcade atmosphere. With adjustable difficulty settings and extensive operator menus, customize every aspect of gameplay to match your skill level.",https://images.launchbox-app.com/867d3620-ad35-4fe1-b33e-c70c6d1ac566.jpg
Ultimate Spider-Man,2005-09-22,,77,Action,"Experience the ultimate comic book adventure as you play both hero and villain in Ultimate Spider-Man. Web-swing through a vibrant cel-shaded Manhattan as Spider-Man, using acrobatic combat and web-based attacks to protect the city. Then unleash chaos as Venom, Spider-Man's deadly nemesis, with devastating tentacle attacks and superhuman strength. The game brings Brian Michael Bendis's acclaimed Ultimate Spider-Man comic series to life with an original story that fits seamlessly into the comics' continuity. Free-roam exploration lets you discover hidden tokens and complete side missions across a detailed recreation of New York City. Switch between both characters' unique gameplay styles - Spider-Man's agile web-slinging and combo-heavy fighting versus Venom's brutal, feeding-based combat system that requires consuming enemies to survive.",https://images.launchbox-app.com/d69a7965-495c-41b9-a7d5-5581fea5d624.jpg
Ultra Bust-a-Move,2004-11-16,,67,Puzzle,"Ultra Bust-a-Move brings the beloved bubble-popping puzzle action to Xbox with vibrant 3D graphics and addictive gameplay. Match three or more colored bubbles by shooting them from your launcher to clear the screen before they reach the bottom. This enhanced version features multiple game modes including classic Puzzle mode with hundreds of levels, frantic Versus battles against CPU or friends, and the strategic Challenge mode with unique objectives. New power-ups like rainbow bubbles and bomb bubbles add explosive variety to the traditional formula. The game includes colorful characters from the Bubble Bobble universe, each with special abilities that change your strategy. With precise analog stick aiming, combo systems for high scores, and unlockable content, Ultra Bust-a-Move delivers hours of bubble-bursting fun for puzzle fans of all skill levels.",https://images.launchbox-app.com/21191194-aa79-40ba-ad2d-fec62615f180.jpg
Unreal Championship,2002-11-12,,83,Shooter,"Unreal Championship brings the legendary Unreal Tournament experience exclusively to Xbox, delivering intense arena combat designed specifically for console gaming. Battle across exotic alien worlds in fast-paced multiplayer matches supporting up to 16 players via Xbox Live or system link. Master devastating weapons from the Flak Cannon to the Lightning Gun while competing in classic game modes including Deathmatch, Capture the Flag, Double Domination, and the strategic new Bombing Run. The game features refined controls optimized for gamepad play, making circle-strafing and precision aiming feel natural. Choose from unique species like the Anubans, Juggernauts, and Nightmares, each with distinct abilities that affect gameplay. Dynamic arenas filled with jump pads, teleporters, and environmental hazards keep matches unpredictable and exciting.",https://images.launchbox-app.com/c0d1f6e9-4c48-4314-a9c4-0307499b0956.jpg
Unreal Championship 2: The Liandri Conflict,2005-04-18,,85,Shooter,"Unreal Championship 2: The Liandri Conflict revolutionizes arena combat by blending intense first-person shooting with visceral third-person melee battles. Switch seamlessly between perspectives as you unleash devastating combos with energy swords, staffs, and hammers, then leap back to rain destruction with classic Unreal weaponry. Choose from unique warriors, each with distinct fighting styles and special abilities like teleportation, cloaking, or berserker rage. Master the acrobatic movement system featuring wall jumps, ledge grabs, and aerial dodges to outmaneuver opponents across deadly arenas. Experience the Ascension Rites campaign following Anubis's quest for honor, or dominate in multiplayer modes including Nali Slaughter, Overdose, and Capture the Flag. This Xbox exclusive delivers the ultimate gladiatorial spectacle.",https://images.launchbox-app.com/d101ddb1-9f12-4bb3-815c-6f9c526704f3.jpg
Unreal II: The Awakening,2004-02-10,,67,Shooter,"Step into the boots of John Dalton, an ex-Marine turned Marshal patrolling the lawless frontier of space. Unreal II: The Awakening delivers intense single-player FPS action across exotic alien worlds as you investigate attacks on human colonies. Wield an arsenal of devastating weapons including the iconic flamethrower, rocket launcher, and the powerful Dispersion Pistol. Battle diverse alien races from the aggressive Skaarj to the mysterious Arakni, each with unique AI behaviors and tactics. Experience stunning visuals powered by the Unreal Engine with vast outdoor environments and detailed interiors. Command your crew aboard the spaceship Atlantis between missions, upgrading weapons and planning your next move. With epic boss battles, tactical combat scenarios, and a gripping sci-fi narrative about ancient artifacts that could reshape the galaxy, this standalone adventure expands the Unreal universe in bold new directions.",https://images.launchbox-app.com/910d1564-08c4-4a50-8949-8b19365932c9.jpg
Urban Chaos: Riot Response,2006-06-13,,77,Shooter,"Take to the streets as Nick Mason, leader of the elite T-Zero riot response unit, in this intense first-person tactical shooter. Battle through a city torn apart by gang warfare, using riot shields for mobile cover and non-lethal weapons alongside deadly force. Issue commands to firefighters and medics while earning medals for restraint or brutality. The innovative shield mechanics let you bash through enemies, protect civilians, and coordinate with emergency services. Face off against the vicious Burners gang using unique equipment like tasers, riot guns, and molotov cocktails. Each mission presents moral choices between maximum force and protecting innocents, with a reactive scoring system that rewards your approach. Experience visceral urban combat where every decision shapes the city's fate.",https://images.launchbox-app.com/b969739a-0e2e-4a6d-81ef-f0270e4e1f07.jpg
The Urbz: Sims in the City,2004-11-09,,67,Simulation,"Build your reputation and rule the city in The Urbz: Sims in the City, where street cred is everything. Create your unique Urb and navigate diverse districts from the artsy Foundry to the glamorous Diamond Heights. Master social interactions through new conversation games, learn district-specific skills like graffiti art and DJ mixing, and climb the social ladder by impressing local celebrities. Customize your pad with unlockable furniture, rock exclusive fashion styles unique to each area, and experience dynamic day-night cycles that transform the city's vibe. Unlike traditional Sims games, success here isn't about careers or families—it's about becoming the ultimate urban legend through style, skills, and social dominance.",https://images.launchbox-app.com/93b87ee8-9e58-44fd-bb0b-e8ce6bcc743e.jpg
V-Rally 3,2003-03-25,,72,Racing,"V-Rally 3 delivers the ultimate rally racing experience across five continents with over 80 meticulously crafted stages. Master the art of rally driving through diverse terrains from Kenya's dusty savannas to Sweden's icy forests, each demanding unique racing techniques. Choose from 20 officially licensed rally cars including Subaru Impreza, Mitsubishi Lancer Evolution, and Ford Focus RS, each with authentic handling characteristics. The revolutionary V-Rally Mode creates an immersive career where you manage your team, hire mechanics, and compete for championship glory. Time Attack mode challenges you to shave precious seconds off your best times, while the 4-player split-screen multiplayer brings intense wheel-to-wheel competition. With dynamic weather effects and realistic physics, every race becomes a thrilling battle against the clock and the elements.",https://images.launchbox-app.com/00c39ed1-5a7c-43fe-9a42-dd27a7386cc4.jpg
Van Helsing,2004-05-04,,57,Action,"Hunt legendary monsters in this action-packed adaptation of the 2004 film, featuring Hugh Jackman reprising his role as the famed vampire hunter. Drawing inspiration from Devil May Cry's combat style, wield dual handguns and deadly Tojo blades as you battle werewolves, vampires, and Dracula's minions across gothic Transylvania. Master a fluid combat system that seamlessly blends gunplay with melee attacks, performing stylish combos to dispatch supernatural foes. Discover enhanced ammunition that bathes Van Helsing in blue energy, unleashing devastating attacks on enemies. Navigate treacherous environments using your grappling hook to reach high ledges and chain aerial combos. Execute evasive rolls to dodge incoming attacks while maintaining offensive pressure. Acquire iconic weapons from the film including shotguns and bow guns as you progress. One of the few PS2 games supporting 480p, this delivers cinematic monster-hunting action with film-authentic voice acting.",https://images.launchbox-app.com/51344edf-b09e-4abe-a10f-45160a220b9e.jpg
Vexx,2003-02-11,,72,Platformer,"Embark on a dark fantasy adventure as Vexx, a young warrior seeking revenge against the evil Dark Yabu who destroyed his village and enslaved his people. Armed with powerful War Talons - mystical gauntlets that grant incredible combat abilities - battle through sprawling 3D platforming worlds filled with dangerous creatures and challenging puzzles. Master devastating combo attacks, wall-climbing, and gliding mechanics as you collect Shadowraith Hearts to unlock new realms. Each massive level offers multiple objectives and hidden secrets to discover. From frozen mountain peaks to underwater temples, volcanic forges to desert ruins, explore diverse environments while upgrading your abilities. With its edgy protagonist, fluid acrobatic combat system, and blend of platforming with beat-em-up action, Vexx delivers a unique twist on the 3D adventure genre that rewards exploration and mastery.",https://images.launchbox-app.com/de0ec49f-e6f9-4e41-afc9-94055dbdbce2.jpg
Vietcong: Purple Haze,2004-09-07,,67,Shooter,"Step into the boots of Sergeant First Class Steve Hawkins and experience the brutal intensity of the Vietnam War in this tactical first-person shooter. Navigate through dense jungles, treacherous tunnels, and war-torn villages as you lead your squad through 19 harrowing missions. Purple Haze delivers authentic Vietnam-era combat with period-accurate weapons including M16s, AK-47s, and deadly booby traps. Command your AI squadmates using tactical orders, call in devastating napalm strikes and artillery support, and engage in fierce firefights against Viet Cong guerrillas. The game features both stealth and all-out assault gameplay, letting you choose your approach through each mission. Experience the chaos of jungle warfare with immersive sound design and atmospheric visuals that capture the tension of Vietnam combat.",https://images.launchbox-app.com/cff6bf39-2173-486c-9c84-7071da5de065.jpg
Virtual Pool: Tournament Edition,2005-11-15,,72,Sports,"Virtual Pool: Tournament Edition delivers the most realistic pool simulation on Xbox, featuring precision physics that replicate every nuance of real billiards. Master 8-ball, 9-ball, rotation, and straight pool across beautifully rendered tables in stunning venues. The revolutionary aiming system offers multiple difficulty levels, from helpful guidelines for beginners to pure skill-based play for experts. Challenge AI opponents with distinct playing styles or compete against friends in intense multiplayer matches. Practice mode lets you perfect your technique with instant replay analysis. Authentic ball physics account for spin, speed, and table conditions, while the career mode takes you from local halls to championship tournaments. With its deep gameplay mechanics and accessible controls, this is pool perfection.",https://images.launchbox-app.com/00463f48-be68-4616-b399-cf701db573d1.jpg
Voodoo Vince,2003-09-23,,72,Platformer,"Step into the oversized shoes of Voodoo Vince, a wisecracking burlap voodoo doll brought to life in this quirky 3D platformer. When your creator Madam Charmaine is kidnapped by the villainous Kosmo the Inscrutable, you must bounce, spin, and punch your way through the mystical French Quarter of New Orleans to save her. Embrace your curse by inflicting damage on yourself to unleash devastating voodoo powers on enemies - set yourself on fire, get squashed by anvils, or impale yourself with pins to clear rooms of foes. Navigate through 30+ twisted levels filled with jazz music, bayou swamps, and carnival madness. Collect zombie dust beads, solve puzzles, and master unique gameplay where hurting yourself is the key to victory in this darkly humorous adventure.",https://images.launchbox-app.com/b4f00540-10cb-4367-bfa5-91fa6342654e.jpg
Wakeboarding Unleashed Featuring Shaun Murray,2003-06-03,,76,Sports,"Hit the water with pro wakeboarder Shaun Murray in this extreme sports masterpiece that revolutionizes wakeboarding games. Shred across exotic locations from Venice to Lake Powell, pulling off insane tricks using the innovative control system that lets you tweak grabs and spins mid-air. Master over 85 tricks including tantrums, raileys, and 1080s while launching off massive wakes and grinding rails. The groove meter rewards style and flow, unlocking special moves when you chain combos perfectly. Challenge legends like Dallas Friday and Darin Shapiro across multiple game modes including co-op tandem riding. With realistic rope physics, dynamic water effects, and a killer soundtrack featuring hip-hop and rock tracks, this delivers the most authentic wakeboarding experience on Xbox.",https://images.launchbox-app.com/53914a72-1443-42e1-8caa-4f7795d703fe.jpg
Wallace & Gromit in Project Zoo,2003-10-14,,67,Platformer,"Join Wallace & Gromit in a hilarious zoo rescue adventure! The dastardly penguin Feathers McGraw has captured baby animals and it's up to the inventive duo to save them. Play as both Wallace and Gromit across six themed zoo zones, from the Jungle House to the Ice House. Use Wallace's contraptions like the Banana Launcher and Porridge Gun to overcome obstacles and defeat Feathers' diamond-stealing schemes. Switch between characters to solve puzzles - Gromit can crawl through small spaces while Wallace operates machinery. Collect nuts and bolts to unlock bonus content and mini-games. With classic British humor, colorful environments, and cooperative gameplay mechanics, this family-friendly platformer brings the beloved claymation characters to life in an all-new caper filled with invention and adventure.",https://images.launchbox-app.com/78f0a265-ae3f-4769-96e7-398aa878145c.jpg
Wallace & Gromit: The Curse of the Were-Rabbit,2005-09-27,,68,Action,"Join Wallace & Gromit in a hilarious adventure based on the Oscar-winning film! Play as both the cheese-loving inventor and his loyal dog Gromit as you protect the town's precious vegetables from the mysterious Were-Rabbit. Use Wallace's wacky inventions like the BunGun 6000 and Mind-O-Matic to capture rabbits humanely. Switch between characters to solve puzzles - Wallace handles gadgets while Gromit uses his agility to reach new areas. Explore West Wallaby Street and surrounding neighborhoods in this charming platformer filled with British humor. Complete mini-games, collect cheese, and uncover clues about the Were-Rabbit's identity. Features authentic voice acting, clay-styled graphics that capture Aardman's signature animation style, and family-friendly gameplay that stays true to the beloved characters.",https://images.launchbox-app.com/dbfaa910-5d6d-4bb6-bd11-9084d6ea2849.jpg
Warpath,2006-07-25,,44,Fighting,"Lead your armies across devastated future battlefields in this intense real-time strategy experience. Command three distinct factions - the United States, Russia, and China - each with unique units, technologies, and tactical advantages. Deploy massive war machines including tanks, artillery, and experimental weapons as you fight for global dominance. The innovative territory control system lets you capture and fortify strategic points, establishing supply lines crucial for victory. Engage in brutal campaigns across multiple continents or test your skills in skirmish battles. Advanced AI opponents adapt to your strategies, ensuring every battle feels fresh. Destructible environments add tactical depth as you reshape the battlefield with explosive weaponry. Experience the chaos of modern warfare with stunning graphics and explosive combat that pushes the boundaries of console strategy gaming.",https://images.launchbox-app.com/1fd97903-dad8-419e-9898-88a626962818.jpg
The Warriors,2005-10-17,,84,Beat-em-up,"Based on Rockstar's cult classic film, The Warriors delivers intense street brawling action across 1970s New York City. Lead the Warriors gang through 20 missions mixing brutal hand-to-hand combat with stealth gameplay. Master devastating combos, wield improvised weapons from bats to bricks, and execute synchronized gang attacks. Experience events before the film in flashback missions that expand the Warriors' origin story. Each of the nine playable gang members brings unique fighting styles and abilities. Tag walls to mark territory, steal car radios for cash, and engage in fierce multiplayer rumbles. The game's gritty atmosphere captures the film's raw energy through cel-shaded visuals, authentic voice acting from original cast members, and a pulsing soundtrack. Fight rival gangs from the Baseball Furies to the Hi-Hats as you battle your way from Coney Island to the Bronx.",https://images.launchbox-app.com/d88c3b35-6a9c-4c31-9e92-9197b90c7c57.jpg
Whacked!,2002-10-08,,69,Party,"Enter the twisted world of Whacked!, where seven deranged contestants battle for their ultimate prize - a starring role in their own game show! This anarchic party combat game throws you into outrageous arenas filled with deadly obstacles and ridiculous weapons. Choose from a cast of unhinged characters including a demented rabbit, a psychotic clown, and a cannibalistic hillbilly, each with unique abilities and twisted backstories. Battle through insane game show challenges across surreal environments from prehistoric jungles to outer space. Unleash chaos with over-the-top weapons like giant hammers, explosive chickens, and missile-launching briefcases. Features frantic 4-player split-screen mayhem and Xbox Live support for online carnage. With its dark humor, cartoon violence, and non-stop action, Whacked! delivers pure multiplayer madness.",https://images.launchbox-app.com/8bdc94e1-fced-4f05-b8d2-16a0e919d8bc.jpg
Whiplash,2003-11-18,,75,Platformer,Take control of an unlikely duo - a wisecracking rabbit and a cynical weasel - chained together in this action-platformer adventure. Escape from the evil Genron Corporation's animal testing facility using teamwork and chaos. Swing Redmond the rabbit like a weapon while Spanx the weasel provides sarcastic commentary. Destroy corporate property for points and upgrades in environments filled with hazardous machinery and security systems. Use unique chain-based combat mechanics to battle guards and free other test animals. Experience humor-filled dialogue between the mismatched heroes as they wreak havoc through office buildings and laboratories. Master cooperative gameplay where both characters' abilities are essential for solving puzzles and defeating enemies in this satirical take on corporate greed.,https://images.launchbox-app.com/fc6564ad-6389-4871-aab7-8be2354bc7ca.jpg
Whiteout,2002-11-12,,59,Racing,"Race through extreme winter conditions in Whiteout, Konami's adrenaline-pumping snowmobile racer that brings snocross action to your console. Originally developed as an ESPN Winter X Games title before being retooled, this intense racing game captures the thrill of high-speed snowmobile competition across treacherous mountain courses. Pull off death-defying tricks while battling opponents through snow-covered tracks filled with massive jumps, sharp turns, and dangerous obstacles. Master the physics-based handling as you navigate icy terrain, deep powder, and frozen landscapes that challenge your racing skills. Engage in aggressive combat racing, using strategic bumps and collisions to gain the advantage over rivals. Multiple game modes offer varied challenges from traditional races to trick competitions where style matters as much as speed. With its blend of arcade action, spectacular stunts, and competitive racing, Whiteout delivers pure winter racing excitement.",https://images.launchbox-app.com/11b51018-ba45-4f1b-9c83-f7c902d26c23.jpg
WinBack 2: Project Poseidon,2006-04-25,,56,Shooter,"WinBack 2: Project Poseidon delivers intense tactical third-person shooting action where every decision counts. Master the innovative cover system as you lead a team of elite operatives through 30 adrenaline-pumping missions against a deadly terrorist organization. Switch between three unique characters - each with specialized weapons and abilities - adapting your strategy on the fly. The game's signature Route system creates branching paths through levels, ensuring fresh experiences with each playthrough. Execute precision shots, coordinate devastating team attacks, and use environmental tactics to outsmart enemies. With its emphasis on strategic positioning, split-second timing, and methodical combat over run-and-gun action, WinBack 2 rewards patience and planning. Experience gripping covert operations across diverse locations from cargo ships to urban battlegrounds in this underrated gem of tactical shooting.",https://images.launchbox-app.com/5f7dad26-2a19-4093-8491-337dff5934f0.png
Wings of War,2004-06-02,,65,Flight Combat,"Take to the skies in Wings of War, where you pilot authentic WWI fighter planes through intense dogfights over the battlefields of Europe. Master the controls of legendary aircraft like the Sopwith Camel and Fokker Dr.I triplane as you engage in thrilling aerial combat missions. Execute barrel rolls, loop-the-loops, and diving attacks while managing your ammunition and fuel in strategic campaigns. Battle through historically-inspired missions from both Allied and Central Powers perspectives, each offering unique challenges and objectives. The game features realistic flight physics that reward skillful piloting, dynamic weather conditions that affect combat, and multiplayer dogfight modes where aces clash in spectacular aerial duels. Experience the dawn of aerial warfare with stunning visuals that bring the Great War's dramatic sky battles to life.",https://images.launchbox-app.com/c66c6aa5-4a1f-4bc9-b596-e204ac0946a1.jpg
Without Warning,2005-11-01,,65,Shooter,"Experience intense third-person action as you fight to save innocent lives from ruthless terrorists who've seized a massive chemical plant. Switch between six unique playable characters - including special forces operatives, a cameraman, and security guards - each offering distinct perspectives of the unfolding crisis. Navigate through 12 hours of real-time gameplay where every second counts and your choices determine who lives or dies. Master an arsenal of authentic weapons while using strategic cover mechanics to survive deadly firefights. The innovative multi-character system lets you experience the same terrifying events from different viewpoints, revealing crucial story elements and hidden paths. With its cinematic presentation, branching narratives, and relentless pacing, Without Warning delivers a gripping counter-terrorism thriller where heroism comes in many forms.",https://images.launchbox-app.com/090af6bb-3b5d-4c0a-9402-2a6e4f95b281.jpg
World Championship Poker,2004-11-18,,62,Gambling,"World Championship Poker brings the intensity of high-stakes poker to your Xbox with an immersive tournament experience. Master Texas Hold'em, Omaha, Seven Card Stud, and more as you compete against sophisticated AI opponents with distinct playing styles and personalities. The career mode lets you build your reputation from local card rooms to the World Series of Poker, earning sponsorships and unlocking new venues along the way. Create your custom player with detailed appearance options and develop your own playing style. Features include comprehensive tutorials for beginners, advanced statistics tracking, and online multiplayer for up to 7 players. The game captures authentic poker atmosphere with realistic chip sounds, table animations, and professional commentary that responds dynamically to your plays.",https://images.launchbox-app.com/ac7f7a27-6662-468d-ab32-19e88b57d5f1.jpg
World Championship Poker 2: Featuring Howard Lederer,2005-11-01,,64,Gambling,"Master the art of the bluff in World Championship Poker 2: Featuring Howard Lederer, the ultimate Texas Hold'em experience. Learn from poker legend Howard Lederer himself through exclusive tutorial videos and commentary that reveal professional strategies and insider tips. Test your skills against sophisticated AI opponents with realistic playing styles, or challenge friends in multiplayer tournaments. Create your custom avatar and work your way up from local card rooms to the prestigious World Championship. With multiple poker variants including Omaha and Seven Card Stud, detailed statistics tracking, and authentic casino atmospheres, this comprehensive poker simulation delivers the tension and excitement of high-stakes play. Every hand counts as you build your bankroll and reputation on the path to poker greatness.",https://images.launchbox-app.com/a1d885d0-1f5e-484b-8951-f27ebde6ca1e.jpg
World Championship Pool 2004,2003-12-15,,73,Sports,"Rack 'em up with the world's greatest players in World Championship Pool 2004, the definitive billiards simulation featuring 24 real-life professional legends. Play as or against champions like Efren Reyes, Earl Strickland, and snooker icons Tony Drago and Steve Davis, each with authentic playing styles and techniques. Master multiple pool variants including 8-Ball, 9-Ball, and Snooker across beautifully rendered tables in prestigious venues. The advanced physics engine perfectly replicates ball spin, speed, and table friction for the most realistic pool experience on console. Build your career from local halls to world championship tournaments, improving your skills and earning respect. Practice mode offers comprehensive tutorials and shot analysis to perfect your technique. Challenge friends in multiplayer matches or test yourself against AI opponents that play like their real-world counterparts. With precise analog stick controls for cue positioning and power, this delivers authentic pool hall action.",https://images.launchbox-app.com/ac57d46e-e680-43d5-b5c1-7c7b8d523bb7.jpg
World Championship Rugby,2004-05-28,,60,Sports,"Experience the intensity of international rugby in World Championship Rugby, where strategic gameplay meets bone-crushing action. Take control of 20 national teams and compete in authentic tournaments including the World Championship and Six Nations. Master the game's deep tactical system - call set plays, execute perfectly-timed passes, and break through defenses with powerful runs. The innovative kicking system demands precision for conversions and penalties, while dynamic weather conditions affect ball handling and player performance. Create custom tournaments, develop your squad through training modes, and experience realistic rucks, mauls, and scrums. With full commentary, authentic stadium atmospheres, and multiple difficulty levels, this delivers the complete rugby union experience on Xbox.",https://images.launchbox-app.com/fad75513-7d56-49cf-a68e-b976ece2a75e.jpg
World Championship Snooker 2003,2003-06-13,,68,Sports,"Step into the baize-covered world of professional snooker with World Championship Snooker 2003, where precision meets pressure in the most authentic simulation of the sport. Master the art of cue ball control across multiple game modes including full tournaments, trick shot challenges, and quick matches. Face off against snooker legends like Ronnie O'Sullivan and Stephen Hendry, each with unique playing styles and AI behaviors that mirror their real-world counterparts. The advanced physics engine captures every nuance from spin and swerve to the satisfying crack of a perfect break. Build your career from amateur halls to the crucible of the World Championship, earning ranking points and prize money along the way. With commentary from John Virgo and detailed TV-style presentation, every frame feels like a broadcast masterpiece.",https://images.launchbox-app.com/838e5c84-b7f8-4889-b368-999b4070f767.jpg
World Championship Snooker 2004,2004-05-28,,72,Sports,"Step into the baize-covered world of professional snooker with World Championship Snooker 2004, the most authentic simulation of the sport. Experience the tension of the Crucible Theatre as you compete against snooker legends including Ronnie O'Sullivan, Stephen Hendry, and Mark Williams. Master precise cue control with the advanced aiming system that lets you apply spin, power, and swerve to every shot. Career mode takes you from qualifying rounds to the world championship final, while practice modes help perfect your technique. Features official tournaments, realistic ball physics, and commentary from John Virgo. Challenge friends in multiplayer or tackle trick shot challenges that test your skill and creativity.",https://images.launchbox-app.com/2bb084a6-a93e-485f-9cc6-4157fa9d2d8d.jpg
World Poker Tour,2005-10-17,,58,Gambling,"Step into the world of high-stakes Texas Hold'em with World Poker Tour, the official game of the prestigious WPT championship series. Experience the thrill of professional poker as you compete in authentic WPT venues from Las Vegas to Monte Carlo. Master the art of bluffing, reading opponents, and strategic betting across multiple tournament formats including Sit N' Go, Season Mode, and Quick Play. Create your custom player avatar and climb the ranks from amateur tables to the final championship showdown. Advanced AI opponents provide realistic competition with unique playing styles and tells to exploit. Features include comprehensive poker tutorials for beginners, detailed statistics tracking, and authentic WPT presentation with commentary. Whether you're learning the basics or honing championship strategies, World Poker Tour delivers the complete poker experience with all the intensity and excitement of televised tournament play.",https://images.launchbox-app.com/4f41faaa-91bf-429f-9a9f-0a463f3dd411.jpg
World Racing,2003-05-23,,66,Racing,"Experience the ultimate street racing adventure across five continents in World Racing! Choose from over 100 licensed vehicles including sports cars, SUVs, and pickup trucks as you tackle 120+ challenging tracks spanning deserts, mountains, cities, and tropical islands. Master diverse racing disciplines from circuit races to point-to-point rallies, showcasing your skills across asphalt, dirt, ice, and sand surfaces. The innovative Speed Money system rewards aggressive driving - earn cash by drifting, jumping, and maintaining top speeds to unlock new vehicles and upgrades. Dynamic weather and day-night cycles add strategic depth to every race. Create custom championships, compete in extensive career mode, or challenge friends in split-screen multiplayer. With realistic physics and damage modeling, every race demands precision and nerve.",https://images.launchbox-app.com/c5ff102a-f6b0-4367-b4c4-9bc2f75684f4.jpg
World Racing 2,2005-11-08,,63,Racing,"World Racing 2 delivers an exhilarating open-world racing experience across five massive environments spanning over 100 square kilometers. Choose from 90+ licensed vehicles including sports cars, SUVs, and motorcycles as you tackle 120+ challenging races through diverse terrains from tropical beaches to snowy mountains. The revolutionary free-roaming gameplay lets you explore vast landscapes between events, discovering hidden shortcuts and secret areas. Dynamic weather and day-night cycles transform racing conditions in real-time, while the extensive tuning system allows deep customization of your vehicles' performance. Challenge friends in split-screen multiplayer or dominate the comprehensive career mode featuring multiple racing disciplines from street racing to rallycross.",https://images.launchbox-app.com/fceb8791-821d-41cc-9f22-f49d6864bdef.jpg
World Series Baseball,2002-05-20,,77,Sports,"Step up to the plate in World Series Baseball, where authentic Major League action meets arcade excitement. Command all 30 MLB teams with updated rosters and real player statistics. Experience the thrill of America's pastime through multiple game modes including Exhibition, Season, Playoffs, and Home Run Derby. The innovative pitcher-batter interface lets you paint the corners with precision pitches while batters must time their swings perfectly to connect. Dynamic fielding controls give you complete command over every play, from diving catches to double plays. Realistic ballpark atmospheres capture each stadium's unique character, complete with crowd reactions that respond to the action. Whether you're stealing bases, turning two, or launching a grand slam, every aspect of baseball strategy comes alive. Build dynasties in Franchise mode or jump into quick games for instant baseball action.",https://images.launchbox-app.com/7d50b228-e623-41fa-a74e-0aad6fb88651.jpg
World Series Baseball 2K3,2003-03-10,,82,Sports,"Step up to the plate in World Series Baseball 2K3, where authentic Major League Baseball action meets cutting-edge gameplay mechanics. Experience the thrill of America's pastime with all 30 MLB teams and their complete rosters from the 2003 season. Master the innovative pitch/swing interface that puts you in complete control of every at-bat, from painting corners with precision pitches to crushing home runs into the bleachers. Build dynasties in Franchise Mode, relive classic moments, or jump into quick exhibition games. Features ESPN's signature presentation style with dynamic commentary that brings each game to life. Whether you're turning double plays, stealing bases, or managing your bullpen in crucial situations, every decision matters on your road to the World Series.",https://images.launchbox-app.com/1b36e0a8-d800-4540-a49a-9c456defdf44.jpg
World Series of Poker,2005-08-31,,57,Gambling,"Step into the world's most prestigious poker tournament without leaving your couch. World Series of Poker brings the thrill of high-stakes Texas Hold'em and other popular variants directly to your Xbox. Create your custom player and work your way from local casinos to the championship bracelet at the Rio in Las Vegas. Master your poker face with Xbox Live Vision camera support that reads your expressions, adding a psychological edge to online play. Challenge up to 8 players online or hone your skills against advanced AI opponents. Experience authentic WSOP atmosphere with commentary from Lon McEachern and Norman Chad. Unlock legendary pros like Chris Ferguson and Phil Hellmuth as you climb the ranks. With multiple game modes including tournaments, cash games, and the complete WSOP circuit, this is your chance to prove you have what it takes to become a poker legend.",https://images.launchbox-app.com/fc437fe1-2c0f-4105-827e-fae0cac67431.jpg
World Snooker Championship 2005,2005-04-15,,70,Sports,"Step into the baize-covered world of professional snooker with World Snooker Championship 2005, featuring all the tension and strategy of the sport's most prestigious tournament. Master precise cue control with an intuitive aiming system that captures every nuance of spin, power, and positioning. Play as or against snooker legends including Ronnie O'Sullivan, Stephen Hendry, and John Higgins across faithfully recreated venues like The Crucible Theatre. The comprehensive career mode lets you rise from amateur halls to championship glory, earning ranking points and prize money. Practice modes help perfect your technique, while multiplayer battles test your skills against friends. With realistic ball physics, authentic crowd atmosphere, and John Virgo's commentary, this delivers the definitive snooker experience on console.",https://images.launchbox-app.com/41e4464b-c838-49e1-b6a0-950919a3df17.jpg
World War II Combat: Iwo Jima,2006-07-18,,51,Shooter,"Experience the brutal Pacific Theater battles of World War II in this intense first-person shooter that recreates the legendary assault on Iwo Jima. Lead your squad of Marines through historically accurate campaigns, from the initial beach landings under heavy fire to the iconic flag-raising on Mount Suribachi. Command AI teammates using tactical squad controls, call in artillery strikes, and utilize authentic WWII weapons including M1 Garands, BARs, and flamethrowers. Navigate treacherous volcanic terrain while clearing out fortified Japanese bunkers and cave systems. Features both single-player campaign missions based on real battles and multiplayer modes supporting up to 32 players online.",https://images.launchbox-app.com/2c651917-77b1-476c-8982-d85248683721.jpg
World War II Combat: Road to Berlin,2006-10-10,,48,Shooter,"Lead your squad through the final, brutal campaigns of WWII in this intense tactical shooter. World War II Combat: Road to Berlin puts you in command of American forces pushing through war-torn Europe toward the Nazi capital. Experience authentic battlefield chaos across meticulously recreated historical battles including the Battle of the Bulge and the Rhine crossing. Switch between squad members on the fly, each with unique weapons and abilities. Use cover, flanking tactics, and coordinated assaults to overcome fortified German positions. The game features both American and Soviet campaigns, letting you experience the race to Berlin from both fronts. Destructible environments, realistic ballistics, and period-accurate weapons create visceral combat. Command tanks, call in artillery strikes, and lead desperate charges across no man's land.",https://images.launchbox-app.com/987bf49e-86ed-4279-9499-8f1cfbb0f637.jpg
Worms 3D,2004-03-01,,72,Strategy,"Take the classic Worms mayhem into the third dimension! Command your team of heavily-armed invertebrates across fully 3D landscapes where strategy takes on new depths. Navigate destructible environments with enhanced movement options including jetpacks and ninja ropes while wielding an arsenal of over 40 weapons from the iconic Holy Hand Grenade to the devastating Banana Bomb. The shift to 3D transforms tactical gameplay as you calculate trajectories around obstacles, hide behind cover, and rain destruction from above. Create custom teams with unique voices and personalities, then battle through single-player missions or engage in explosive multiplayer matches. With random map generation ensuring no two battles play the same, plus the series' signature humor and customization options, Worms 3D delivers turn-based tactical warfare where every angle matters and one well-placed shot can change everything.",https://images.launchbox-app.com/e850fe45-6645-400f-b530-1748360b4c7d.jpg
Worms 4: Mayhem,2005-09-29,,71,Strategy,"Unleash cartoon chaos in Worms 4: Mayhem, where tactical warfare meets slapstick comedy! Command your team of militaristic invertebrates through fully 3D battlefields, customizing everything from their appearance to their victory dances. The weapons workshop lets you craft insane armaments - combine multiple effects to create the ultimate sheep-launching, poison-spreading super weapon. Story mode delivers 25 missions of strategic mayhem across five themed worlds, while multiplayer supports up to 4 players in explosive turn-based combat. Master wind physics, destructible terrain, and an arsenal of over 40 weapons including the iconic Holy Hand Grenade and Concrete Donkey. With its signature British humor and endless customization options, Worms 4: Mayhem transforms strategy gaming into pure comedic destruction.",https://images.launchbox-app.com/34b63bc3-4d87-4f33-b34c-af761dd36bec.jpg
Worms Forts: Under Siege,2004-11-15,,63,Strategy,"Build mighty fortresses and wage hilarious warfare in Worms Forts: Under Siege! Command your team of militant worms through epic siege battles where strategy meets mayhem. Construct medieval castles, Egyptian pyramids, and oriental temples, then defend them with an arsenal of outrageous weapons. Launch explosive sheep, deploy the devastating Concrete Donkey, or unleash the Holy Hand Grenade on enemy strongholds. Each structure you build affects gameplay - towers provide vantage points, hospitals heal troops, and science labs unlock devastating superweapons. With destructible environments, tactical fort-building, and the series' signature humor, every battle becomes a chaotic masterpiece of strategic destruction and cartoon carnage.",https://images.launchbox-app.com/a8e74a14-5369-410f-98e0-5b7cac09e1f9.jpg
Wrath Unleashed,2004-02-10,,65,Strategy,"Command divine armies in Wrath Unleashed, a unique strategy hybrid where chess-like tactics meet mythological combat. Choose from four demigods - water goddess Aenna, fire warrior Epothos, earth master Durlock, or wind queen Helamis - each wielding elemental powers in the eternal struggle between Light and Darkness, Order and Chaos. Position mythical creatures across hexagonal battlefields representing different terrains, strategically moving troops to capture enemy temples. When opposing forces clash, gameplay shifts to intense arena battles where you directly control your creature in fights to the death. Master each faction's unique units from fire giants to cyclopes, utilizing their strengths across varied terrain types. Deploy godly powers to heal troops, teleport armies, or unleash devastating attacks. Four campaign stories narrated by Mako Iwamatsu explore each deity's path to dominion. This innovative blend of tactical board game and action combat creates a divine war unlike any other.",https://images.launchbox-app.com/db0f1e4a-19e2-46d6-904e-fbe377b6c77b.jpg
Wreckless: The Yakuza Missions,2002-02-04,,67,Racing,"Race through the neon-lit streets of Hong Kong in this explosive arcade racer where chaos is your weapon. Choose between elite police officers or government spies as you smash through the criminal underworld using your car as a battering ram. Wreckless delivers pure vehicular mayhem with its revolutionary physics engine that lets you demolish everything in sight - from market stalls to entire buildings. Each mission throws you into spectacular high-speed chases where causing maximum destruction is the goal. Plow through traffic, launch cars into the air, and trigger massive chain-reaction crashes across Hong Kong's bustling districts. With two distinct campaigns, unlockable vehicles, and an emphasis on spectacular collateral damage over traditional racing, this is driving combat at its most anarchic.",https://images.launchbox-app.com/2af4b9bd-8789-47be-967f-1586008bf4fb.jpg
WTA Tour Tennis,2002-08-28,,67,Sports,"Experience the intensity of professional women's tennis in WTA Tour Tennis, where you compete as or against the world's top female players. Master authentic stroke mechanics including topspin, slice, and power shots across multiple court surfaces from hard courts to clay and grass. Each surface demands different strategies, affecting ball speed and bounce dynamics. Create your own player and rise through the rankings in Career Mode, or jump into quick Exhibition matches and tournaments. The game features realistic player animations and signature playing styles of WTA stars, bringing their unique strengths to life. Time your serves perfectly, execute strategic drop shots, and unleash powerful baseline rallies in this comprehensive tennis simulation that captures the athleticism and excitement of the women's professional tour.",https://images.launchbox-app.com/96ebcb96-e792-4b9f-9fb4-95a2caeb5b6b.jpg
